date,ticker,daily_return,sector,asset_class
2020-01-02,ADA-USD,-0.021130874739584304,Crypto,Crypto
2020-01-02,BCH-USD,-0.04255909697935789,Crypto,Crypto
2020-01-02,BTC-USD,-0.029819292162590716,Crypto,Crypto
2020-01-02,EOS-USD,-0.051923988008735766,Crypto,Crypto
2020-01-02,ETC-USD,-0.05483351281298321,Crypto,Crypto
2020-01-02,ETH-USD,-0.025930970201487602,Crypto,Crypto
2020-01-02,LTC-USD,-0.0522328674979865,Crypto,Crypto
2020-01-02,TRX-USD,-0.02867925313411135,Crypto,Crypto
2020-01-02,XLM-USD,-0.02946029149242746,Crypto,Crypto
2020-01-02,XRP-USD,-0.02400000494985799,Crypto,Crypto
2020-01-03,ADA-USD,0.0436322232876416,Crypto,Crypto
2020-01-03,BCH-USD,0.13650798527067698,Crypto,Crypto
2020-01-03,BTC-USD,0.05145166344511276,Crypto,Crypto
2020-01-03,EOS-USD,0.07118483634422224,Crypto,Crypto
2020-01-03,ETC-USD,0.07527200376818821,Crypto,Crypto
2020-01-03,ETH-USD,0.053068978168561154,Crypto,Crypto
2020-01-03,LTC-USD,0.06510205027815874,Crypto,Crypto
2020-01-03,TRX-USD,0.043900535325963164,Crypto,Crypto
2020-01-03,XLM-USD,0.025435206239219355,Crypto,Crypto
2020-01-03,XRP-USD,0.029131606757621054,Crypto,Crypto
2020-01-06,ADA-USD,0.07347140616116543,Crypto,Crypto
2020-01-06,BCH-USD,0.09130296825836703,Crypto,Crypto
2020-01-06,BTC-USD,0.04829126010697582,Crypto,Crypto
2020-01-06,EOS-USD,0.05728237009487391,Crypto,Crypto
2020-01-06,ETC-USD,0.028162827504393917,Crypto,Crypto
2020-01-06,ETH-USD,0.05890493095145177,Crypto,Crypto
2020-01-06,LTC-USD,0.051962773398619655,Crypto,Crypto
2020-01-06,TRX-USD,0.06789986180220464,Crypto,Crypto
2020-01-06,XLM-USD,0.08300443398157231,Crypto,Crypto
2020-01-06,XRP-USD,0.13282904035019572,Crypto,Crypto
2020-01-07,ADA-USD,-0.00603670558471725,Crypto,Crypto
2020-01-07,BCH-USD,-0.005310438732011091,Crypto,Crypto
2020-01-07,BTC-USD,0.050773846435889336,Crypto,Crypto
2020-01-07,EOS-USD,-0.0010310039893811629,Crypto,Crypto
2020-01-07,ETC-USD,-0.04191777748862058,Crypto,Crypto
2020-01-07,ETH-USD,-0.005267778753292318,Crypto,Crypto
2020-01-07,LTC-USD,0.013275403934662977,Crypto,Crypto
2020-01-07,TRX-USD,-0.01202915651673575,Crypto,Crypto
2020-01-07,XLM-USD,0.014534653792710905,Crypto,Crypto
2020-01-07,XRP-USD,-0.03427832256686114,Crypto,Crypto
2020-01-08,ADA-USD,-0.016519506616973323,Crypto,Crypto
2020-01-08,BCH-USD,-0.009057350907080597,Crypto,Crypto
2020-01-08,BTC-USD,-0.010268587535248286,Crypto,Crypto
2020-01-08,EOS-USD,-0.02245115661891761,Crypto,Crypto
2020-01-08,ETC-USD,0.028709468546097572,Crypto,Crypto
2020-01-08,ETH-USD,-0.015924443349786155,Crypto,Crypto
2020-01-08,LTC-USD,-0.016603634237381537,Crypto,Crypto
2020-01-08,TRX-USD,-0.021150735788906916,Crypto,Crypto
2020-01-08,XLM-USD,-0.022492866425489755,Crypto,Crypto
2020-01-08,XRP-USD,-0.02286404582644963,Crypto,Crypto
2020-01-09,ADA-USD,-0.002085896696326528,Crypto,Crypto
2020-01-09,BCH-USD,-0.0076024533803610295,Crypto,Crypto
2020-01-09,BTC-USD,-0.024850855645838776,Crypto,Crypto
2020-01-09,EOS-USD,-0.00921671629982912,Crypto,Crypto
2020-01-09,ETC-USD,0.04809190671456576,Crypto,Crypto
2020-01-09,ETH-USD,-0.016133093484380745,Crypto,Crypto
2020-01-09,LTC-USD,-0.009590352026982885,Crypto,Crypto
2020-01-09,TRX-USD,-0.0004265058808561317,Crypto,Crypto
2020-01-09,XLM-USD,-0.046369874064892236,Crypto,Crypto
2020-01-09,XRP-USD,-0.019743935785550337,Crypto,Crypto
2020-01-10,ADA-USD,0.014164278955681064,Crypto,Crypto
2020-01-10,BCH-USD,0.131687678793047,Crypto,Crypto
2020-01-10,BTC-USD,0.03648690303834745,Crypto,Crypto
2020-01-10,EOS-USD,0.07392384808679897,Crypto,Crypto
2020-01-10,ETC-USD,0.02363001305211232,Crypto,Crypto
2020-01-10,ETH-USD,0.03586560638444225,Crypto,Crypto
2020-01-10,LTC-USD,0.07765843238279313,Crypto,Crypto
2020-01-10,TRX-USD,0.03918084671481803,Crypto,Crypto
2020-01-10,XLM-USD,-0.0012053589398871578,Crypto,Crypto
2020-01-10,XRP-USD,0.036149492030821406,Crypto,Crypto
2020-01-13,ADA-USD,-0.01920931328536024,Crypto,Crypto
2020-01-13,BCH-USD,-0.0026626946961815223,Crypto,Crypto
2020-01-13,BTC-USD,-0.005895616628883604,Crypto,Crypto
2020-01-13,EOS-USD,-0.025528876140535672,Crypto,Crypto
2020-01-13,ETC-USD,-0.012088149030781592,Crypto,Crypto
2020-01-13,ETH-USD,-0.01129289411687917,Crypto,Crypto
2020-01-13,LTC-USD,-0.026369423298247985,Crypto,Crypto
2020-01-13,TRX-USD,-0.01802888965531735,Crypto,Crypto
2020-01-13,XLM-USD,-0.0040770876570762615,Crypto,Crypto
2020-01-13,XRP-USD,-0.01398677316648056,Crypto,Crypto
2020-01-14,ADA-USD,0.1269815483949639,Crypto,Crypto
2020-01-14,BCH-USD,0.30928460580585315,Crypto,Crypto
2020-01-14,BTC-USD,0.08393344808628167,Crypto,Crypto
2020-01-14,EOS-USD,0.23159871852441127,Crypto,Crypto
2020-01-14,ETC-USD,0.23884372725592984,Crypto,Crypto
2020-01-14,ETH-USD,0.15065709666300386,Crypto,Crypto
2020-01-14,LTC-USD,0.17582550336497071,Crypto,Crypto
2020-01-14,TRX-USD,0.13695096788583627,Crypto,Crypto
2020-01-14,XLM-USD,0.08297661858181482,Crypto,Crypto
2020-01-14,XRP-USD,0.10380170004033373,Crypto,Crypto
2020-01-15,ADA-USD,0.02143544217613469,Crypto,Crypto
2020-01-15,BCH-USD,-0.031028622684423857,Crypto,Crypto
2020-01-15,BTC-USD,-0.002350980919464507,Crypto,Crypto
2020-01-15,EOS-USD,-0.01600299795972182,Crypto,Crypto
2020-01-15,ETC-USD,0.17127795031403847,Crypto,Crypto
2020-01-15,ETH-USD,0.0016590582058744197,Crypto,Crypto
2020-01-15,LTC-USD,-0.007274236877677698,Crypto,Crypto
2020-01-15,TRX-USD,0.03373203444289197,Crypto,Crypto
2020-01-15,XLM-USD,0.05130957372786504,Crypto,Crypto
2020-01-15,XRP-USD,-0.007635696651681734,Crypto,Crypto
2020-01-16,ADA-USD,-0.027307122795645955,Crypto,Crypto
2020-01-16,BCH-USD,-0.039531598177408256,Crypto,Crypto
2020-01-16,BTC-USD,-0.009449813541879348,Crypto,Crypto
2020-01-16,EOS-USD,0.016632017289520462,Crypto,Crypto
2020-01-16,ETC-USD,0.05035389905928622,Crypto,Crypto
2020-01-16,ETH-USD,-0.01106700566380281,Crypto,Crypto
2020-01-16,LTC-USD,-0.007486164926404637,Crypto,Crypto
2020-01-16,TRX-USD,-0.009546433412861766,Crypto,Crypto
2020-01-16,XLM-USD,-0.01900014346607226,Crypto,Crypto
2020-01-16,XRP-USD,-0.018553463525826097,Crypto,Crypto
2020-01-17,ADA-USD,0.08666135292362065,Crypto,Crypto
2020-01-17,BCH-USD,0.125770584599046,Crypto,Crypto
2020-01-17,BTC-USD,0.02352785247141642,Crypto,Crypto
2020-01-17,EOS-USD,0.023739051116121512,Crypto,Crypto
2020-01-17,ETC-USD,0.13630217606105166,Crypto,Crypto
2020-01-17,ETH-USD,0.038864331269726105,Crypto,Crypto
2020-01-17,LTC-USD,0.06714659685863866,Crypto,Crypto
2020-01-17,TRX-USD,0.031952867971979826,Crypto,Crypto
2020-01-17,XLM-USD,0.11728807629179339,Crypto,Crypto
2020-01-17,XRP-USD,0.044633273359005354,Crypto,Crypto
2020-01-21,ADA-USD,0.04823008169519927,Crypto,Crypto
2020-01-21,BCH-USD,-0.0011209073633263733,Crypto,Crypto
2020-01-21,BTC-USD,0.010193531591149663,Crypto,Crypto
2020-01-21,EOS-USD,0.01459846977492485,Crypto,Crypto
2020-01-21,ETC-USD,0.03134481106341003,Crypto,Crypto
2020-01-21,ETH-USD,0.01541788519604359,Crypto,Crypto
2020-01-21,LTC-USD,0.007772602592832634,Crypto,Crypto
2020-01-21,TRX-USD,0.04102009227857084,Crypto,Crypto
2020-01-21,XLM-USD,0.006060231612383005,Crypto,Crypto
2020-01-21,XRP-USD,0.016588348536014097,Crypto,Crypto
2020-01-22,ADA-USD,-0.007284360617243579,Crypto,Crypto
2020-01-22,BCH-USD,0.011092889206624434,Crypto,Crypto
2020-01-22,BTC-USD,-0.007434180055016837,Crypto,Crypto
2020-01-22,EOS-USD,-0.0034668415750764847,Crypto,Crypto
2020-01-22,ETC-USD,0.043860622623637546,Crypto,Crypto
2020-01-22,ETH-USD,-0.008267668638293424,Crypto,Crypto
2020-01-22,LTC-USD,0.01226141053302765,Crypto,Crypto
2020-01-22,TRX-USD,0.0025999331479584775,Crypto,Crypto
2020-01-22,XLM-USD,-0.04054789340560949,Crypto,Crypto
2020-01-22,XRP-USD,-0.004680276208613776,Crypto,Crypto
2020-01-23,ADA-USD,-0.050816995170684165,Crypto,Crypto
2020-01-23,BCH-USD,-0.06440464978437477,Crypto,Crypto
2020-01-23,BTC-USD,-0.03160514587505292,Crypto,Crypto
2020-01-23,EOS-USD,-0.02084010646481005,Crypto,Crypto
2020-01-23,ETC-USD,-0.09365092236541583,Crypto,Crypto
2020-01-23,ETH-USD,-0.03188227458323378,Crypto,Crypto
2020-01-23,LTC-USD,-0.06382455617613547,Crypto,Crypto
2020-01-23,TRX-USD,-0.06338961484903749,Crypto,Crypto
2020-01-23,XLM-USD,-0.010870079746429728,Crypto,Crypto
2020-01-23,XRP-USD,-0.0421594614129388,Crypto,Crypto
2020-01-24,ADA-USD,0.03853785063110893,Crypto,Crypto
2020-01-24,BCH-USD,-0.016459321154220996,Crypto,Crypto
2020-01-24,BTC-USD,0.004629616722148233,Crypto,Crypto
2020-01-24,EOS-USD,0.019054831481178702,Crypto,Crypto
2020-01-24,ETC-USD,0.018870988188166793,Crypto,Crypto
2020-01-24,ETH-USD,0.0007525975197246737,Crypto,Crypto
2020-01-24,LTC-USD,-0.0018025283857721064,Crypto,Crypto
2020-01-24,TRX-USD,0.009721327521730716,Crypto,Crypto
2020-01-24,XLM-USD,-0.032664867264762365,Crypto,Crypto
2020-01-24,XRP-USD,-0.013546899239289756,Crypto,Crypto
2020-01-27,ADA-USD,0.07471797101408106,Crypto,Crypto
2020-01-27,BCH-USD,0.045105346096971255,Crypto,Crypto
2020-01-27,BTC-USD,0.036407519395889265,Crypto,Crypto
2020-01-27,EOS-USD,0.08591520971124944,Crypto,Crypto
2020-01-27,ETC-USD,0.14011308580225923,Crypto,Crypto
2020-01-27,ETH-USD,0.016979054481661038,Crypto,Crypto
2020-01-27,LTC-USD,0.04537322848410397,Crypto,Crypto
2020-01-27,TRX-USD,0.019697660464980782,Crypto,Crypto
2020-01-27,XLM-USD,0.018319317383759026,Crypto,Crypto
2020-01-27,XRP-USD,0.0023235466529294424,Crypto,Crypto
2020-01-28,ADA-USD,0.10321002264160328,Crypto,Crypto
2020-01-28,BCH-USD,0.04469830037852307,Crypto,Crypto
2020-01-28,BTC-USD,0.05036808165148732,Crypto,Crypto
2020-01-28,EOS-USD,0.02195815348741581,Crypto,Crypto
2020-01-28,ETC-USD,0.10603524527695019,Crypto,Crypto
2020-01-28,ETH-USD,0.03182234945202822,Crypto,Crypto
2020-01-28,LTC-USD,0.03247862726313033,Crypto,Crypto
2020-01-28,TRX-USD,0.08631455299287993,Crypto,Crypto
2020-01-28,XLM-USD,0.011031905710340073,Crypto,Crypto
2020-01-28,XRP-USD,0.03142434455630272,Crypto,Crypto
2020-01-29,ADA-USD,0.012429756567430061,Crypto,Crypto
2020-01-29,BCH-USD,0.0070326883433313725,Crypto,Crypto
2020-01-29,BTC-USD,-0.004483577295090302,Crypto,Crypto
2020-01-29,EOS-USD,-0.017825211857798062,Crypto,Crypto
2020-01-29,ETC-USD,0.06846853597766955,Crypto,Crypto
2020-01-29,ETH-USD,-0.007484121137455557,Crypto,Crypto
2020-01-29,LTC-USD,-0.009788457576172305,Crypto,Crypto
2020-01-29,TRX-USD,0.003706878047974982,Crypto,Crypto
2020-01-29,XLM-USD,0.023813120067054383,Crypto,Crypto
2020-01-29,XRP-USD,-0.011564507559954862,Crypto,Crypto
2020-01-30,ADA-USD,0.04776320034973769,Crypto,Crypto
2020-01-30,BCH-USD,0.03000760772700617,Crypto,Crypto
2020-01-30,BTC-USD,0.02064730312029206,Crypto,Crypto
2020-01-30,EOS-USD,0.09065573538657579,Crypto,Crypto
2020-01-30,ETC-USD,-0.003693763997145383,Crypto,Crypto
2020-01-30,ETH-USD,0.05507065446349446,Crypto,Crypto
2020-01-30,LTC-USD,0.13451079968531476,Crypto,Crypto
2020-01-30,TRX-USD,0.04367610371672637,Crypto,Crypto
2020-01-30,XLM-USD,-0.008616939773559706,Crypto,Crypto
2020-01-30,XRP-USD,0.03356380099513423,Crypto,Crypto
2020-01-31,ADA-USD,-0.04060998290100393,Crypto,Crypto
2020-01-31,BCH-USD,-0.04474256287086242,Crypto,Crypto
2020-01-31,BTC-USD,-0.016664631518128026,Crypto,Crypto
2020-01-31,EOS-USD,-0.04625953168407937,Crypto,Crypto
2020-01-31,ETC-USD,-0.07930054538495734,Crypto,Crypto
2020-01-31,ETH-USD,-0.02452916937757532,Crypto,Crypto
2020-01-31,LTC-USD,-0.004101751281237576,Crypto,Crypto
2020-01-31,TRX-USD,-0.041899628655485244,Crypto,Crypto
2020-01-31,XLM-USD,0.00566927989427235,Crypto,Crypto
2020-01-31,XRP-USD,-0.018096224112013948,Crypto,Crypto
2020-02-03,ADA-USD,0.021714938748943036,Crypto,Crypto
2020-02-03,BCH-USD,0.014819144430326059,Crypto,Crypto
2020-02-03,BTC-USD,-0.005441113304621492,Crypto,Crypto
2020-02-03,EOS-USD,-0.004814039908956569,Crypto,Crypto
2020-02-03,ETC-USD,0.03544938534357356,Crypto,Crypto
2020-02-03,ETH-USD,0.006614061907548319,Crypto,Crypto
2020-02-03,LTC-USD,-0.006426235762551746,Crypto,Crypto
2020-02-03,TRX-USD,0.004285076587847492,Crypto,Crypto
2020-02-03,XLM-USD,0.01095206041170016,Crypto,Crypto
2020-02-03,XRP-USD,0.01552636636766569,Crypto,Crypto
2020-02-04,ADA-USD,-0.0172519663705909,Crypto,Crypto
2020-02-04,BCH-USD,-0.008541023776492351,Crypto,Crypto
2020-02-04,BTC-USD,-0.012111511652417528,Crypto,Crypto
2020-02-04,EOS-USD,0.010425823435465498,Crypto,Crypto
2020-02-04,ETC-USD,-0.030518327470012596,Crypto,Crypto
2020-02-04,ETH-USD,-0.00323635857181348,Crypto,Crypto
2020-02-04,LTC-USD,-0.022706178598336568,Crypto,Crypto
2020-02-04,TRX-USD,0.0022375391140465606,Crypto,Crypto
2020-02-04,XLM-USD,0.03481050862037072,Crypto,Crypto
2020-02-04,XRP-USD,0.04783865941686338,Crypto,Crypto
2020-02-05,ADA-USD,0.05777193634195066,Crypto,Crypto
2020-02-05,BCH-USD,0.1613457082147296,Crypto,Crypto
2020-02-05,BTC-USD,0.047104093835473426,Crypto,Crypto
2020-02-05,EOS-USD,0.06350873185684991,Crypto,Crypto
2020-02-05,ETC-USD,0.0792118868297702,Crypto,Crypto
2020-02-05,ETH-USD,0.07915243155799523,Crypto,Crypto
2020-02-05,LTC-USD,0.06301453355390585,Crypto,Crypto
2020-02-05,TRX-USD,0.07865630769995491,Crypto,Crypto
2020-02-05,XLM-USD,0.03683761608833658,Crypto,Crypto
2020-02-05,XRP-USD,0.03995379661597398,Crypto,Crypto
2020-02-06,ADA-USD,0.008880544915941702,Crypto,Crypto
2020-02-06,BCH-USD,0.0017596304486078296,Crypto,Crypto
2020-02-06,BTC-USD,0.012105773319493585,Crypto,Crypto
2020-02-06,EOS-USD,0.015115507996545041,Crypto,Crypto
2020-02-06,ETC-USD,-0.01941409277473738,Crypto,Crypto
2020-02-06,ETH-USD,0.03970440884570903,Crypto,Crypto
2020-02-06,LTC-USD,0.012354059476630486,Crypto,Crypto
2020-02-06,TRX-USD,0.08466500448716752,Crypto,Crypto
2020-02-06,XLM-USD,0.026290198778626372,Crypto,Crypto
2020-02-06,XRP-USD,0.017104639484028406,Crypto,Crypto
2020-02-07,ADA-USD,0.000552213473335561,Crypto,Crypto
2020-02-07,BCH-USD,-0.0068486848593882765,Crypto,Crypto
2020-02-07,BTC-USD,0.006797836503646293,Crypto,Crypto
2020-02-07,EOS-USD,0.0038165124025211217,Crypto,Crypto
2020-02-07,ETC-USD,-0.03271834372390647,Crypto,Crypto
2020-02-07,ETH-USD,0.04891694034731886,Crypto,Crypto
2020-02-07,LTC-USD,0.013182278529965341,Crypto,Crypto
2020-02-07,TRX-USD,-0.021033962712051046,Crypto,Crypto
2020-02-07,XLM-USD,0.015381318351336715,Crypto,Crypto
2020-02-07,XRP-USD,-0.01038214145791816,Crypto,Crypto
2020-02-10,ADA-USD,-0.022893096059258933,Crypto,Crypto
2020-02-10,BCH-USD,0.006833749765595698,Crypto,Crypto
2020-02-10,BTC-USD,-0.025706324471686526,Crypto,Crypto
2020-02-10,EOS-USD,-0.01998942681871907,Crypto,Crypto
2020-02-10,ETC-USD,0.011007874704463516,Crypto,Crypto
2020-02-10,ETH-USD,-0.02211870728715548,Crypto,Crypto
2020-02-10,LTC-USD,-0.03576847913723924,Crypto,Crypto
2020-02-10,TRX-USD,0.008849973464450489,Crypto,Crypto
2020-02-10,XLM-USD,-0.026997701728967316,Crypto,Crypto
2020-02-10,XRP-USD,-0.029657561910694685,Crypto,Crypto
2020-02-11,ADA-USD,0.04692524764692774,Crypto,Crypto
2020-02-11,BCH-USD,0.018482882124777333,Crypto,Crypto
2020-02-11,BTC-USD,0.03567402510806805,Crypto,Crypto
2020-02-11,EOS-USD,0.06910195360486071,Crypto,Crypto
2020-02-11,ETC-USD,0.009166671902647527,Crypto,Crypto
2020-02-11,ETH-USD,0.055155431331365135,Crypto,Crypto
2020-02-11,LTC-USD,0.030433787493906017,Crypto,Crypto
2020-02-11,TRX-USD,0.02028874559832894,Crypto,Crypto
2020-02-11,XLM-USD,0.040731032827875824,Crypto,Crypto
2020-02-11,XRP-USD,0.02211393581475063,Crypto,Crypto
2020-02-12,ADA-USD,0.0813721473350224,Crypto,Crypto
2020-02-12,BCH-USD,0.03083381873892299,Crypto,Crypto
2020-02-12,BTC-USD,0.011541499979814906,Crypto,Crypto
2020-02-12,EOS-USD,0.020232633563778135,Crypto,Crypto
2020-02-12,ETC-USD,0.024723700655927994,Crypto,Crypto
2020-02-12,ETH-USD,0.12531177329455678,Crypto,Crypto
2020-02-12,LTC-USD,0.06136044496619153,Crypto,Crypto
2020-02-12,TRX-USD,0.05886246254177818,Crypto,Crypto
2020-02-12,XLM-USD,0.08542065153002087,Crypto,Crypto
2020-02-12,XRP-USD,0.08657068340203566,Crypto,Crypto
2020-02-13,ADA-USD,0.0030421051014239975,Crypto,Crypto
2020-02-13,BCH-USD,-0.0024449720824931687,Crypto,Crypto
2020-02-13,BTC-USD,-0.010814856987217514,Crypto,Crypto
2020-02-13,EOS-USD,-0.0019446856455346273,Crypto,Crypto
2020-02-13,ETC-USD,-0.016407073141359252,Crypto,Crypto
2020-02-13,ETH-USD,0.010147147902660691,Crypto,Crypto
2020-02-13,LTC-USD,-0.010996902255941077,Crypto,Crypto
2020-02-13,TRX-USD,-0.006495950695554309,Crypto,Crypto
2020-02-13,XLM-USD,0.03267113087134654,Crypto,Crypto
2020-02-13,XRP-USD,0.07330326010056654,Crypto,Crypto
2020-02-14,ADA-USD,0.02914798888317449,Crypto,Crypto
2020-02-14,BCH-USD,0.035509197647835666,Crypto,Crypto
2020-02-14,BTC-USD,0.009568503349817403,Crypto,Crypto
2020-02-14,EOS-USD,0.0038138401790022147,Crypto,Crypto
2020-02-14,ETC-USD,-0.005089013183330993,Crypto,Crypto
2020-02-14,ETH-USD,0.060120481598565645,Crypto,Crypto
2020-02-14,LTC-USD,0.03217427147606733,Crypto,Crypto
2020-02-14,TRX-USD,0.10335725025202591,Crypto,Crypto
2020-02-14,XLM-USD,0.03800134237552877,Crypto,Crypto
2020-02-14,XRP-USD,0.02484192835277277,Crypto,Crypto
2020-02-18,ADA-USD,0.04255350831356064,Crypto,Crypto
2020-02-18,BCH-USD,0.023280147476371305,Crypto,Crypto
2020-02-18,BTC-USD,0.0466302236506857,Crypto,Crypto
2020-02-18,EOS-USD,0.055520485074127546,Crypto,Crypto
2020-02-18,ETC-USD,0.022102302938498797,Crypto,Crypto
2020-02-18,ETH-USD,0.05849581534422277,Crypto,Crypto
2020-02-18,LTC-USD,0.05165606989546623,Crypto,Crypto
2020-02-18,TRX-USD,0.038751815131780276,Crypto,Crypto
2020-02-18,XLM-USD,0.038844308157115925,Crypto,Crypto
2020-02-18,XRP-USD,0.03957471488736042,Crypto,Crypto
2020-02-19,ADA-USD,-0.07910920111068964,Crypto,Crypto
2020-02-19,BCH-USD,-0.08750779288062394,Crypto,Crypto
2020-02-19,BTC-USD,-0.05014884351152826,Crypto,Crypto
2020-02-19,EOS-USD,-0.12609169522731722,Crypto,Crypto
2020-02-19,ETC-USD,-0.09603895257807715,Crypto,Crypto
2020-02-19,ETH-USD,-0.07867008126631714,Crypto,Crypto
2020-02-19,LTC-USD,-0.07657850156801593,Crypto,Crypto
2020-02-19,TRX-USD,-0.0996898122136709,Crypto,Crypto
2020-02-19,XLM-USD,-0.05254414929508855,Crypto,Crypto
2020-02-19,XRP-USD,-0.06817771211794121,Crypto,Crypto
2020-02-20,ADA-USD,0.010668760851293202,Crypto,Crypto
2020-02-20,BCH-USD,-0.02547705046226756,Crypto,Crypto
2020-02-20,BTC-USD,-0.0025859164113087862,Crypto,Crypto
2020-02-20,EOS-USD,-0.00025119197251355363,Crypto,Crypto
2020-02-20,ETC-USD,0.0025593036563091864,Crypto,Crypto
2020-02-20,ETH-USD,-0.006985241682689214,Crypto,Crypto
2020-02-20,LTC-USD,-0.02124233021912436,Crypto,Crypto
2020-02-20,TRX-USD,-0.022047228504117222,Crypto,Crypto
2020-02-20,XLM-USD,0.006348901660977901,Crypto,Crypto
2020-02-20,XRP-USD,-0.018753428020874763,Crypto,Crypto
2020-02-21,ADA-USD,0.006522455008456385,Crypto,Crypto
2020-02-21,BCH-USD,0.01856625513283916,Crypto,Crypto
2020-02-21,BTC-USD,0.008114275736580634,Crypto,Crypto
2020-02-21,EOS-USD,0.016653382188488886,Crypto,Crypto
2020-02-21,ETC-USD,0.05971069959813269,Crypto,Crypto
2020-02-21,ETH-USD,0.029661444062387243,Crypto,Crypto
2020-02-21,LTC-USD,0.054952690527629855,Crypto,Crypto
2020-02-21,TRX-USD,0.016455333494740154,Crypto,Crypto
2020-02-21,XLM-USD,0.011016064356671462,Crypto,Crypto
2020-02-21,XRP-USD,0.009331961939555766,Crypto,Crypto
2020-02-24,ADA-USD,-0.04145670902006571,Crypto,Crypto
2020-02-24,BCH-USD,-0.05989745450749051,Crypto,Crypto
2020-02-24,BTC-USD,-0.027642741538078885,Crypto,Crypto
2020-02-24,EOS-USD,-0.056314471342472916,Crypto,Crypto
2020-02-24,ETC-USD,-0.04022296881732168,Crypto,Crypto
2020-02-24,ETH-USD,-0.031187544424001845,Crypto,Crypto
2020-02-24,LTC-USD,-0.050304229398712375,Crypto,Crypto
2020-02-24,TRX-USD,-0.06787144819892577,Crypto,Crypto
2020-02-24,XLM-USD,-0.057912997820317,Crypto,Crypto
2020-02-24,XRP-USD,-0.04274332196208663,Crypto,Crypto
2020-02-25,ADA-USD,-0.0440298240583753,Crypto,Crypto
2020-02-25,BCH-USD,-0.06250655183129994,Crypto,Crypto
2020-02-25,BTC-USD,-0.031965195740564556,Crypto,Crypto
2020-02-25,EOS-USD,-0.011148004499468733,Crypto,Crypto
2020-02-25,ETC-USD,-0.00897534528351629,Crypto,Crypto
2020-02-25,ETH-USD,-0.06560239946277657,Crypto,Crypto
2020-02-25,LTC-USD,-0.05765991068222598,Crypto,Crypto
2020-02-25,TRX-USD,-0.04058613812650658,Crypto,Crypto
2020-02-25,XLM-USD,-0.058446250042686776,Crypto,Crypto
2020-02-25,XRP-USD,-0.0636114807887247,Crypto,Crypto
2020-02-26,ADA-USD,-0.12261369656874621,Crypto,Crypto
2020-02-26,BCH-USD,-0.1054680552417151,Crypto,Crypto
2020-02-26,BTC-USD,-0.05579095174048332,Crypto,Crypto
2020-02-26,EOS-USD,-0.1330242652928858,Crypto,Crypto
2020-02-26,ETC-USD,-0.1705276990937703,Crypto,Crypto
2020-02-26,ETH-USD,-0.08932912521133274,Crypto,Crypto
2020-02-26,LTC-USD,-0.14281962074600818,Crypto,Crypto
2020-02-26,TRX-USD,-0.13520176603756318,Crypto,Crypto
2020-02-26,XLM-USD,-0.09218521054320183,Crypto,Crypto
2020-02-26,XRP-USD,-0.08902898426643657,Crypto,Crypto
2020-02-27,ADA-USD,0.004691320992134207,Crypto,Crypto
2020-02-27,BCH-USD,0.0209747783181915,Crypto,Crypto
2020-02-27,BTC-USD,-0.0040846016176541156,Crypto,Crypto
2020-02-27,EOS-USD,0.016065379246599232,Crypto,Crypto
2020-02-27,ETC-USD,0.0005755981523989373,Crypto,Crypto
2020-02-27,ETH-USD,0.0047550462867866905,Crypto,Crypto
2020-02-27,LTC-USD,0.008089513074309496,Crypto,Crypto
2020-02-27,TRX-USD,0.02797845178318581,Crypto,Crypto
2020-02-27,XLM-USD,0.011938668617204495,Crypto,Crypto
2020-02-27,XRP-USD,0.027138715690038673,Crypto,Crypto
2020-02-28,ADA-USD,-0.021515584661746523,Crypto,Crypto
2020-02-28,BCH-USD,-0.029874946016043014,Crypto,Crypto
2020-02-28,BTC-USD,-0.012754184897438958,Crypto,Crypto
2020-02-28,EOS-USD,-0.025954324080302515,Crypto,Crypto
2020-02-28,ETC-USD,-0.03216165257941894,Crypto,Crypto
2020-02-28,ETH-USD,3.135827774425337e-05,Crypto,Crypto
2020-02-28,LTC-USD,-0.02835290146200775,Crypto,Crypto
2020-02-28,TRX-USD,0.006966499221423561,Crypto,Crypto
2020-02-28,XLM-USD,-0.02842812873236711,Crypto,Crypto
2020-02-28,XRP-USD,-0.00345820619339976,Crypto,Crypto
2020-03-02,ADA-USD,0.06577118142526017,Crypto,Crypto
2020-03-02,BCH-USD,0.07497461604577604,Crypto,Crypto
2020-03-02,BTC-USD,0.03587941221856461,Crypto,Crypto
2020-03-02,EOS-USD,0.042808576541525145,Crypto,Crypto
2020-03-02,ETC-USD,0.08222611974074567,Crypto,Crypto
2020-03-02,ETH-USD,0.05297141408109862,Crypto,Crypto
2020-03-02,LTC-USD,0.052433298549766194,Crypto,Crypto
2020-03-02,TRX-USD,0.06036736073032767,Crypto,Crypto
2020-03-02,XLM-USD,0.05251373324995168,Crypto,Crypto
2020-03-02,XRP-USD,0.04326491224700213,Crypto,Crypto
2020-03-03,ADA-USD,-0.0039221592178998455,Crypto,Crypto
2020-03-03,BCH-USD,-0.022432227061114807,Crypto,Crypto
2020-03-03,BTC-USD,-0.009231886844013548,Crypto,Crypto
2020-03-03,EOS-USD,-0.01220467548885551,Crypto,Crypto
2020-03-03,ETC-USD,0.011497859448306169,Crypto,Crypto
2020-03-03,ETH-USD,-0.026413474337024234,Crypto,Crypto
2020-03-03,LTC-USD,0.0024416469762846837,Crypto,Crypto
2020-03-03,TRX-USD,-0.012803648676287027,Crypto,Crypto
2020-03-03,XLM-USD,-0.01442422099302898,Crypto,Crypto
2020-03-03,XRP-USD,-0.018287121989459476,Crypto,Crypto
2020-03-04,ADA-USD,0.0049835050795004054,Crypto,Crypto
2020-03-04,BCH-USD,-0.030337177279577632,Crypto,Crypto
2020-03-04,BTC-USD,-0.0037028710724991143,Crypto,Crypto
2020-03-04,EOS-USD,-0.012330455338696478,Crypto,Crypto
2020-03-04,ETC-USD,-0.06411620443382593,Crypto,Crypto
2020-03-04,ETH-USD,0.00017081878207236834,Crypto,Crypto
2020-03-04,LTC-USD,-0.012463239280543603,Crypto,Crypto
2020-03-04,TRX-USD,0.025476208810372603,Crypto,Crypto
2020-03-04,XLM-USD,0.004130110383556929,Crypto,Crypto
2020-03-04,XRP-USD,0.0006357030113020024,Crypto,Crypto
2020-03-05,ADA-USD,0.041894540166032446,Crypto,Crypto
2020-03-05,BCH-USD,0.05636559216463666,Crypto,Crypto
2020-03-05,BTC-USD,0.03695117168590434,Crypto,Crypto
2020-03-05,EOS-USD,0.050488998989640654,Crypto,Crypto
2020-03-05,ETC-USD,0.030992675566121175,Crypto,Crypto
2020-03-05,ETH-USD,0.02115738673549905,Crypto,Crypto
2020-03-05,LTC-USD,0.027541793994512176,Crypto,Crypto
2020-03-05,TRX-USD,0.010219570425305857,Crypto,Crypto
2020-03-05,XLM-USD,0.019882901284736576,Crypto,Crypto
2020-03-05,XRP-USD,0.021540955288130048,Crypto,Crypto
2020-03-06,ADA-USD,0.007658088437284549,Crypto,Crypto
2020-03-06,BCH-USD,0.03454072894743376,Crypto,Crypto
2020-03-06,BTC-USD,0.004822595830994203,Crypto,Crypto
2020-03-06,EOS-USD,0.013947381841150852,Crypto,Crypto
2020-03-06,ETC-USD,-0.00047665662019980015,Crypto,Crypto
2020-03-06,ETH-USD,0.06218529788383864,Crypto,Crypto
2020-03-06,LTC-USD,0.015797137937680894,Crypto,Crypto
2020-03-06,TRX-USD,0.019226512941178386,Crypto,Crypto
2020-03-06,XLM-USD,0.023812732815058357,Crypto,Crypto
2020-03-06,XRP-USD,0.018807723013624322,Crypto,Crypto
2020-03-09,ADA-USD,-0.041786914008532405,Crypto,Crypto
2020-03-09,BCH-USD,-0.010835184517124175,Crypto,Crypto
2020-03-09,BTC-USD,-0.022751484424786028,Crypto,Crypto
2020-03-09,EOS-USD,-0.005520228360390234,Crypto,Crypto
2020-03-09,ETC-USD,0.06649190869976862,Crypto,Crypto
2020-03-09,ETH-USD,0.006464088036532978,Crypto,Crypto
2020-03-09,LTC-USD,-0.030166127078505856,Crypto,Crypto
2020-03-09,TRX-USD,0.008206614532817014,Crypto,Crypto
2020-03-09,XLM-USD,0.023175146270719704,Crypto,Crypto
2020-03-09,XRP-USD,0.01100511253364389,Crypto,Crypto
2020-03-10,ADA-USD,0.0003133295734982777,Crypto,Crypto
2020-03-10,BCH-USD,-0.0054606274862604165,Crypto,Crypto
2020-03-10,BTC-USD,-0.0017561412564156553,Crypto,Crypto
2020-03-10,EOS-USD,0.006559163229971965,Crypto,Crypto
2020-03-10,ETC-USD,-0.01653480305076349,Crypto,Crypto
2020-03-10,ETH-USD,-0.0060354861869905685,Crypto,Crypto
2020-03-10,LTC-USD,0.001758916376118247,Crypto,Crypto
2020-03-10,TRX-USD,0.007872994142510192,Crypto,Crypto
2020-03-10,XLM-USD,0.0013289642968381532,Crypto,Crypto
2020-03-10,XRP-USD,0.014599834348430596,Crypto,Crypto
2020-03-11,ADA-USD,-0.04448730191748085,Crypto,Crypto
2020-03-11,BCH-USD,-0.01788553236821433,Crypto,Crypto
2020-03-11,BTC-USD,0.00021501160000858555,Crypto,Crypto
2020-03-11,EOS-USD,-0.006396576600946058,Crypto,Crypto
2020-03-11,ETC-USD,-0.03432170105756027,Crypto,Crypto
2020-03-11,ETH-USD,-0.029380849618490856,Crypto,Crypto
2020-03-11,LTC-USD,-0.03566922270756545,Crypto,Crypto
2020-03-11,TRX-USD,-0.017939889311578416,Crypto,Crypto
2020-03-11,XLM-USD,-0.030814239151612077,Crypto,Crypto
2020-03-11,XRP-USD,-0.01950199573821254,Crypto,Crypto
2020-03-12,ADA-USD,-0.3956719959237812,Crypto,Crypto
2020-03-12,BCH-USD,-0.4295601601954183,Crypto,Crypto
2020-03-12,BTC-USD,-0.37169538560117077,Crypto,Crypto
2020-03-12,EOS-USD,-0.39602797384785726,Crypto,Crypto
2020-03-12,ETC-USD,-0.39732828508925355,Crypto,Crypto
2020-03-12,ETH-USD,-0.42347221465293294,Crypto,Crypto
2020-03-12,LTC-USD,-0.3617732392248725,Crypto,Crypto
2020-03-12,TRX-USD,-0.4073474978906344,Crypto,Crypto
2020-03-12,XLM-USD,-0.33631689758212857,Crypto,Crypto
2020-03-12,XRP-USD,-0.3289875909106468,Crypto,Crypto
2020-03-13,ADA-USD,0.18680353894025203,Crypto,Crypto
2020-03-13,BCH-USD,0.15943328017022895,Crypto,Crypto
2020-03-13,BTC-USD,0.11928067241286833,Crypto,Crypto
2020-03-13,EOS-USD,0.13726860716674438,Crypto,Crypto
2020-03-13,ETC-USD,0.22255022932462087,Crypto,Crypto
2020-03-13,ETH-USD,0.18562727860573336,Crypto,Crypto
2020-03-13,LTC-USD,0.21037454558392965,Crypto,Crypto
2020-03-13,TRX-USD,0.1651501249213747,Crypto,Crypto
2020-03-13,XLM-USD,0.1821117887877015,Crypto,Crypto
2020-03-13,XRP-USD,0.14120391268742094,Crypto,Crypto
2020-03-16,ADA-USD,-0.11058260614965487,Crypto,Crypto
2020-03-16,BCH-USD,-0.04247981825475822,Crypto,Crypto
2020-03-16,BTC-USD,-0.07006915676163483,Crypto,Crypto
2020-03-16,EOS-USD,-0.08119581014104349,Crypto,Crypto
2020-03-16,ETC-USD,-0.12012175869989261,Crypto,Crypto
2020-03-16,ETH-USD,-0.1166674150987117,Crypto,Crypto
2020-03-16,LTC-USD,-0.09772665051956364,Crypto,Crypto
2020-03-16,TRX-USD,-0.07569598223068152,Crypto,Crypto
2020-03-16,XLM-USD,-0.08152656135324121,Crypto,Crypto
2020-03-16,XRP-USD,-0.0834231522509079,Crypto,Crypto
2020-03-17,ADA-USD,0.046515472789171675,Crypto,Crypto
2020-03-17,BCH-USD,0.056166833655111104,Crypto,Crypto
2020-03-17,BTC-USD,0.04210793838741411,Crypto,Crypto
2020-03-17,EOS-USD,0.02452088411984965,Crypto,Crypto
2020-03-17,ETC-USD,0.01742584962619076,Crypto,Crypto
2020-03-17,ETH-USD,0.030169066268947553,Crypto,Crypto
2020-03-17,LTC-USD,0.020916414751256607,Crypto,Crypto
2020-03-17,TRX-USD,0.03388763307703857,Crypto,Crypto
2020-03-17,XLM-USD,0.04718291407527442,Crypto,Crypto
2020-03-17,XRP-USD,0.02453505374381315,Crypto,Crypto
2020-03-18,ADA-USD,0.003684190176201252,Crypto,Crypto
2020-03-18,BCH-USD,-0.006843449792559908,Crypto,Crypto
2020-03-18,BTC-USD,0.0024512036855608432,Crypto,Crypto
2020-03-18,EOS-USD,0.007720709305896412,Crypto,Crypto
2020-03-18,ETC-USD,-0.011879384136184834,Crypto,Crypto
2020-03-18,ETH-USD,0.007894498612091683,Crypto,Crypto
2020-03-18,LTC-USD,0.0035844473310255864,Crypto,Crypto
2020-03-18,TRX-USD,0.004956972614688304,Crypto,Crypto
2020-03-18,XLM-USD,-0.02284082639124474,Crypto,Crypto
2020-03-18,XRP-USD,-0.009853032955174701,Crypto,Crypto
2020-03-19,ADA-USD,0.2018866708017939,Crypto,Crypto
2020-03-19,BCH-USD,0.2354998873220957,Crypto,Crypto
2020-03-19,BTC-USD,0.18187755736638023,Crypto,Crypto
2020-03-19,EOS-USD,0.17751664751869844,Crypto,Crypto
2020-03-19,ETC-USD,0.13101723031392387,Crypto,Crypto
2020-03-19,ETH-USD,0.1894040141620661,Crypto,Crypto
2020-03-19,LTC-USD,0.16000353336681727,Crypto,Crypto
2020-03-19,TRX-USD,0.1745521115494597,Crypto,Crypto
2020-03-19,XLM-USD,0.15328391198254643,Crypto,Crypto
2020-03-19,XRP-USD,0.1532984882870203,Crypto,Crypto
2020-03-20,ADA-USD,-0.03556532268640766,Crypto,Crypto
2020-03-20,BCH-USD,-0.03092898889570528,Crypto,Crypto
2020-03-20,BTC-USD,0.001225199953657663,Crypto,Crypto
2020-03-20,EOS-USD,-0.03760877968381526,Crypto,Crypto
2020-03-20,ETC-USD,-0.026274118974798477,Crypto,Crypto
2020-03-20,ETH-USD,-0.02823472111521519,Crypto,Crypto
2020-03-20,LTC-USD,-0.02410340065018357,Crypto,Crypto
2020-03-20,TRX-USD,-0.036167290049343825,Crypto,Crypto
2020-03-20,XLM-USD,-0.037957308464787065,Crypto,Crypto
2020-03-20,XRP-USD,-0.04949805181660405,Crypto,Crypto
2020-03-23,ADA-USD,0.0735723181320107,Crypto,Crypto
2020-03-23,BCH-USD,0.07687932461418745,Crypto,Crypto
2020-03-23,BTC-USD,0.10052048673231173,Crypto,Crypto
2020-03-23,EOS-USD,0.06629061752550647,Crypto,Crypto
2020-03-23,ETC-USD,0.07184524280293081,Crypto,Crypto
2020-03-23,ETH-USD,0.09398593784316334,Crypto,Crypto
2020-03-23,LTC-USD,0.08806853253339164,Crypto,Crypto
2020-03-23,TRX-USD,0.08866379605464259,Crypto,Crypto
2020-03-23,XLM-USD,0.05543309729879886,Crypto,Crypto
2020-03-23,XRP-USD,0.047964866694158115,Crypto,Crypto
2020-03-24,ADA-USD,0.03717072902042373,Crypto,Crypto
2020-03-24,BCH-USD,0.03608991820115737,Crypto,Crypto
2020-03-24,BTC-USD,0.04963733427047878,Crypto,Crypto
2020-03-24,EOS-USD,0.03565390877294172,Crypto,Crypto
2020-03-24,ETC-USD,0.023187615341800916,Crypto,Crypto
2020-03-24,ETH-USD,0.028536004986446484,Crypto,Crypto
2020-03-24,LTC-USD,0.04449493432188434,Crypto,Crypto
2020-03-24,TRX-USD,0.02029423156934196,Crypto,Crypto
2020-03-24,XLM-USD,0.026617417430639057,Crypto,Crypto
2020-03-24,XRP-USD,0.03072061233163681,Crypto,Crypto
2020-03-25,ADA-USD,-0.02403604576291296,Crypto,Crypto
2020-03-25,BCH-USD,-0.029948767189514447,Crypto,Crypto
2020-03-25,BTC-USD,-0.007979552925792555,Crypto,Crypto
2020-03-25,EOS-USD,-0.025172683823793562,Crypto,Crypto
2020-03-25,ETC-USD,-0.00832004699761768,Crypto,Crypto
2020-03-25,ETH-USD,-0.01848893815284358,Crypto,Crypto
2020-03-25,LTC-USD,-0.033079840744348665,Crypto,Crypto
2020-03-25,TRX-USD,-0.011117870181095446,Crypto,Crypto
2020-03-25,XLM-USD,0.006798134923998278,Crypto,Crypto
2020-03-25,XRP-USD,-0.003833498228308918,Crypto,Crypto
2020-03-26,ADA-USD,0.04378696674838656,Crypto,Crypto
2020-03-26,BCH-USD,0.028954620265181585,Crypto,Crypto
2020-03-26,BTC-USD,0.005295181540467819,Crypto,Crypto
2020-03-26,EOS-USD,0.007760940447279596,Crypto,Crypto
2020-03-26,ETC-USD,0.011113272481423797,Crypto,Crypto
2020-03-26,ETH-USD,0.015901101242766114,Crypto,Crypto
2020-03-26,LTC-USD,0.02578148186472551,Crypto,Crypto
2020-03-26,TRX-USD,0.04268770280397205,Crypto,Crypto
2020-03-26,XLM-USD,0.048276198259370684,Crypto,Crypto
2020-03-26,XRP-USD,0.08281722322111529,Crypto,Crypto
2020-03-27,ADA-USD,-0.046408699383678864,Crypto,Crypto
2020-03-27,BCH-USD,-0.04073560317199776,Crypto,Crypto
2020-03-27,BTC-USD,-0.03672214358569481,Crypto,Crypto
2020-03-27,EOS-USD,-0.03036302053055362,Crypto,Crypto
2020-03-27,ETC-USD,-0.011477674949030625,Crypto,Crypto
2020-03-27,ETH-USD,-0.031971413141401506,Crypto,Crypto
2020-03-27,LTC-USD,-0.03092888773216973,Crypto,Crypto
2020-03-27,TRX-USD,-0.0374020438259024,Crypto,Crypto
2020-03-27,XLM-USD,-0.032112392410103885,Crypto,Crypto
2020-03-27,XRP-USD,0.00671926858394567,Crypto,Crypto
2020-03-30,ADA-USD,0.05748880428187508,Crypto,Crypto
2020-03-30,BCH-USD,0.07301339049480626,Crypto,Crypto
2020-03-30,BTC-USD,0.08574723804008189,Crypto,Crypto
2020-03-30,EOS-USD,0.05213631193322321,Crypto,Crypto
2020-03-30,ETC-USD,0.02597935704072296,Crypto,Crypto
2020-03-30,ETH-USD,0.05829424129056493,Crypto,Crypto
2020-03-30,LTC-USD,0.048369274333158074,Crypto,Crypto
2020-03-30,TRX-USD,0.0707042692592248,Crypto,Crypto
2020-03-30,XLM-USD,0.05455157781361053,Crypto,Crypto
2020-03-30,XRP-USD,0.05091893329481678,Crypto,Crypto
2020-03-31,ADA-USD,0.0227630160846668,Crypto,Crypto
2020-03-31,BCH-USD,-0.008623831258965597,Crypto,Crypto
2020-03-31,BTC-USD,0.0013690436954885143,Crypto,Crypto
2020-03-31,EOS-USD,-0.00855346160708148,Crypto,Crypto
2020-03-31,ETC-USD,-0.004255874139907134,Crypto,Crypto
2020-03-31,ETH-USD,0.005184366716448396,Crypto,Crypto
2020-03-31,LTC-USD,0.0041088247918978915,Crypto,Crypto
2020-03-31,TRX-USD,0.01007906409730941,Crypto,Crypto
2020-03-31,XLM-USD,0.015842281679907755,Crypto,Crypto
2020-03-31,XRP-USD,0.013893216319606827,Crypto,Crypto
2020-04-01,ADA-USD,0.009884462108403547,Crypto,Crypto
2020-04-01,BCH-USD,0.020003662760879726,Crypto,Crypto
2020-04-01,BTC-USD,0.026112924097839496,Crypto,Crypto
2020-04-01,EOS-USD,0.01984353255116411,Crypto,Crypto
2020-04-01,ETC-USD,0.016006584676267144,Crypto,Crypto
2020-04-01,ETH-USD,0.01527757028175758,Crypto,Crypto
2020-04-01,LTC-USD,0.0020792030769876124,Crypto,Crypto
2020-04-01,TRX-USD,-0.004301067860447261,Crypto,Crypto
2020-04-01,XLM-USD,-0.000734460210962351,Crypto,Crypto
2020-04-01,XRP-USD,0.004353666005817436,Crypto,Crypto
2020-04-02,ADA-USD,0.03659054864090594,Crypto,Crypto
2020-04-02,BCH-USD,0.03853137809330254,Crypto,Crypto
2020-04-02,BTC-USD,0.028281287899985408,Crypto,Crypto
2020-04-02,EOS-USD,0.013612607727176318,Crypto,Crypto
2020-04-02,ETC-USD,0.015363011769562895,Crypto,Crypto
2020-04-02,ETH-USD,0.047145747088574996,Crypto,Crypto
2020-04-02,LTC-USD,0.012527795956465582,Crypto,Crypto
2020-04-02,TRX-USD,0.034557175641075855,Crypto,Crypto
2020-04-02,XLM-USD,0.011931588865091713,Crypto,Crypto
2020-04-02,XRP-USD,0.018919357894331634,Crypto,Crypto
2020-04-03,ADA-USD,0.009723561668087743,Crypto,Crypto
2020-04-03,BCH-USD,0.013584849033585478,Crypto,Crypto
2020-04-03,BTC-USD,-0.008866740365705117,Crypto,Crypto
2020-04-03,EOS-USD,0.016712417161518944,Crypto,Crypto
2020-04-03,ETC-USD,0.0044371841902306475,Crypto,Crypto
2020-04-03,ETH-USD,0.0004376869758151436,Crypto,Crypto
2020-04-03,LTC-USD,0.012162417364041334,Crypto,Crypto
2020-04-03,TRX-USD,-0.005845517262404676,Crypto,Crypto
2020-04-03,XLM-USD,0.006488569240718389,Crypto,Crypto
2020-04-03,XRP-USD,0.004629419934908396,Crypto,Crypto
2020-04-06,ADA-USD,0.11289562948011467,Crypto,Crypto
2020-04-06,BCH-USD,0.1031109126282046,Crypto,Crypto
2020-04-06,BTC-USD,0.0707764242948763,Crypto,Crypto
2020-04-06,EOS-USD,0.15598193290399376,Crypto,Crypto
2020-04-06,ETC-USD,0.10336709717821413,Crypto,Crypto
2020-04-06,ETH-USD,0.17826423737809294,Crypto,Crypto
2020-04-06,LTC-USD,0.09149173474147432,Crypto,Crypto
2020-04-06,TRX-USD,0.08371025677102484,Crypto,Crypto
2020-04-06,XLM-USD,0.13764719920923252,Crypto,Crypto
2020-04-06,XRP-USD,0.08974061135741129,Crypto,Crypto
2020-04-07,ADA-USD,-0.013448950938942383,Crypto,Crypto
2020-04-07,BCH-USD,-0.015091395802072083,Crypto,Crypto
2020-04-07,BTC-USD,-0.013114627068677276,Crypto,Crypto
2020-04-07,EOS-USD,-0.03716090526638127,Crypto,Crypto
2020-04-07,ETC-USD,-0.01868148444204676,Crypto,Crypto
2020-04-07,ETH-USD,-0.023850264996428838,Crypto,Crypto
2020-04-07,LTC-USD,0.006235699543158724,Crypto,Crypto
2020-04-07,TRX-USD,-0.02870114119403766,Crypto,Crypto
2020-04-07,XLM-USD,-0.02338603385877236,Crypto,Crypto
2020-04-07,XRP-USD,-0.017457298242570696,Crypto,Crypto
2020-04-08,ADA-USD,0.033497395095873905,Crypto,Crypto
2020-04-08,BCH-USD,0.05626651864971777,Crypto,Crypto
2020-04-08,BTC-USD,0.02197254365887824,Crypto,Crypto
2020-04-08,EOS-USD,0.039905559529056056,Crypto,Crypto
2020-04-08,ETC-USD,0.06304302303586895,Crypto,Crypto
2020-04-08,ETH-USD,0.045667511481618295,Crypto,Crypto
2020-04-08,LTC-USD,0.03698241502788768,Crypto,Crypto
2020-04-08,TRX-USD,0.03233829151800727,Crypto,Crypto
2020-04-08,XLM-USD,0.055177272221209606,Crypto,Crypto
2020-04-08,XRP-USD,0.04568617383268503,Crypto,Crypto
2020-04-09,ADA-USD,-0.003194307734999069,Crypto,Crypto
2020-04-09,BCH-USD,-0.03289560934523883,Crypto,Crypto
2020-04-09,BTC-USD,-0.004364445986660415,Crypto,Crypto
2020-04-09,EOS-USD,-0.0007448883086014213,Crypto,Crypto
2020-04-09,ETC-USD,0.016866643226632005,Crypto,Crypto
2020-04-09,ETH-USD,-0.010626600139346465,Crypto,Crypto
2020-04-09,LTC-USD,0.0014058915346157885,Crypto,Crypto
2020-04-09,TRX-USD,-0.013727606604984732,Crypto,Crypto
2020-04-09,XLM-USD,0.02071279797188952,Crypto,Crypto
2020-04-09,XRP-USD,-0.013003474012413863,Crypto,Crypto
2020-04-13,ADA-USD,-0.020676760705471198,Crypto,Crypto
2020-04-13,BCH-USD,-0.050638127746174155,Crypto,Crypto
2020-04-13,BTC-USD,-0.018082418492216368,Crypto,Crypto
2020-04-13,EOS-USD,-0.035048043416016306,Crypto,Crypto
2020-04-13,ETC-USD,-0.03047162716521923,Crypto,Crypto
2020-04-13,ETH-USD,-0.030177461003746964,Crypto,Crypto
2020-04-13,LTC-USD,-0.029350684502135516,Crypto,Crypto
2020-04-13,TRX-USD,-0.024569822737596114,Crypto,Crypto
2020-04-13,XLM-USD,-0.02228912807589256,Crypto,Crypto
2020-04-13,XRP-USD,-0.012638419704972148,Crypto,Crypto
2020-04-14,ADA-USD,-0.0040172866425500775,Crypto,Crypto
2020-04-14,BCH-USD,-0.008405384517542136,Crypto,Crypto
2020-04-14,BTC-USD,-0.0003812781513637953,Crypto,Crypto
2020-04-14,EOS-USD,0.0045945998654355336,Crypto,Crypto
2020-04-14,ETC-USD,0.005996047375522062,Crypto,Crypto
2020-04-14,ETH-USD,0.008426140484949274,Crypto,Crypto
2020-04-14,LTC-USD,-0.0036525580636193045,Crypto,Crypto
2020-04-14,TRX-USD,-0.013667093883604764,Crypto,Crypto
2020-04-14,XLM-USD,-0.002565216660853298,Crypto,Crypto
2020-04-14,XRP-USD,-0.012768205944827749,Crypto,Crypto
2020-04-15,ADA-USD,-0.0336932353344237,Crypto,Crypto
2020-04-15,BCH-USD,-0.029118622554899165,Crypto,Crypto
2020-04-15,BTC-USD,-0.029275847531044064,Crypto,Crypto
2020-04-15,EOS-USD,-0.02209597571211186,Crypto,Crypto
2020-04-15,ETC-USD,-0.02045107203296115,Crypto,Crypto
2020-04-15,ETH-USD,-0.02734513160377705,Crypto,Crypto
2020-04-15,LTC-USD,-0.035679275020725654,Crypto,Crypto
2020-04-15,TRX-USD,-0.01514537763356727,Crypto,Crypto
2020-04-15,XLM-USD,-0.037457265208208246,Crypto,Crypto
2020-04-15,XRP-USD,-0.021933213755267134,Crypto,Crypto
2020-04-16,ADA-USD,0.07987317902075719,Crypto,Crypto
2020-04-16,BCH-USD,0.09320309516267189,Crypto,Crypto
2020-04-16,BTC-USD,0.07146740203164859,Crypto,Crypto
2020-04-16,EOS-USD,0.10560055076157027,Crypto,Crypto
2020-04-16,ETC-USD,0.07292197605748107,Crypto,Crypto
2020-04-16,ETH-USD,0.12310565300359055,Crypto,Crypto
2020-04-16,LTC-USD,0.07830315116432907,Crypto,Crypto
2020-04-16,TRX-USD,0.06683025947370247,Crypto,Crypto
2020-04-16,XLM-USD,0.05852315585526546,Crypto,Crypto
2020-04-16,XRP-USD,0.04873387399603968,Crypto,Crypto
2020-04-17,ADA-USD,0.0047954127219618226,Crypto,Crypto
2020-04-17,BCH-USD,-0.008375751822820576,Crypto,Crypto
2020-04-17,BTC-USD,-0.002897315751431484,Crypto,Crypto
2020-04-17,EOS-USD,-0.006400669235552936,Crypto,Crypto
2020-04-17,ETC-USD,-0.010247383451794878,Crypto,Crypto
2020-04-17,ETH-USD,-0.003013514905287895,Crypto,Crypto
2020-04-17,LTC-USD,0.0013122538686245466,Crypto,Crypto
2020-04-17,TRX-USD,-0.002913650002524304,Crypto,Crypto
2020-04-17,XLM-USD,-0.0011195966418774406,Crypto,Crypto
2020-04-17,XRP-USD,0.000515533291638226,Crypto,Crypto
2020-04-20,ADA-USD,-0.04576159805555979,Crypto,Crypto
2020-04-20,BCH-USD,-0.05146012257915955,Crypto,Crypto
2020-04-20,BTC-USD,-0.04276646838190479,Crypto,Crypto
2020-04-20,EOS-USD,-0.036302448915003116,Crypto,Crypto
2020-04-20,ETC-USD,-0.046247852304653,Crypto,Crypto
2020-04-20,ETH-USD,-0.05130521634525309,Crypto,Crypto
2020-04-20,LTC-USD,-0.04236839552902516,Crypto,Crypto
2020-04-20,TRX-USD,-0.03951810772855546,Crypto,Crypto
2020-04-20,XLM-USD,0.016013320776656625,Crypto,Crypto
2020-04-20,XRP-USD,-0.03860971425551074,Crypto,Crypto
2020-04-21,ADA-USD,0.015302607201689744,Crypto,Crypto
2020-04-21,BCH-USD,0.0008085698904716221,Crypto,Crypto
2020-04-21,BTC-USD,-0.00023761461322069355,Crypto,Crypto
2020-04-21,EOS-USD,0.00709189923756437,Crypto,Crypto
2020-04-21,ETC-USD,-0.007883118015717394,Crypto,Crypto
2020-04-21,ETH-USD,0.0025568412529346496,Crypto,Crypto
2020-04-21,LTC-USD,0.005186530474498685,Crypto,Crypto
2020-04-21,TRX-USD,0.005512563740576182,Crypto,Crypto
2020-04-21,XLM-USD,0.024501513192007662,Crypto,Crypto
2020-04-21,XRP-USD,0.004567069236519394,Crypto,Crypto
2020-04-22,ADA-USD,0.053573541205254926,Crypto,Crypto
2020-04-22,BCH-USD,0.05209717019303017,Crypto,Crypto
2020-04-22,BTC-USD,0.034429236680519004,Crypto,Crypto
2020-04-22,EOS-USD,0.0304098928512595,Crypto,Crypto
2020-04-22,ETC-USD,0.028872732777038612,Crypto,Crypto
2020-04-22,ETH-USD,0.05709163292415953,Crypto,Crypto
2020-04-22,LTC-USD,0.02064493257239186,Crypto,Crypto
2020-04-22,TRX-USD,0.030986786778120612,Crypto,Crypto
2020-04-22,XLM-USD,0.07008705071440668,Crypto,Crypto
2020-04-22,XRP-USD,0.01975821749366591,Crypto,Crypto
2020-04-23,ADA-USD,0.1106704360787516,Crypto,Crypto
2020-04-23,BCH-USD,0.014128156512763335,Crypto,Crypto
2020-04-23,BTC-USD,0.043910071328696176,Crypto,Crypto
2020-04-23,EOS-USD,0.01817409710043205,Crypto,Crypto
2020-04-23,ETC-USD,0.03505675583072465,Crypto,Crypto
2020-04-23,ETH-USD,0.013302836854422573,Crypto,Crypto
2020-04-23,LTC-USD,0.025062442318378952,Crypto,Crypto
2020-04-23,TRX-USD,0.04454378902730327,Crypto,Crypto
2020-04-23,XLM-USD,0.12634098083091683,Crypto,Crypto
2020-04-23,XRP-USD,0.019902091672147737,Crypto,Crypto
2020-04-24,ADA-USD,0.031104544643022702,Crypto,Crypto
2020-04-24,BCH-USD,0.013409970828513584,Crypto,Crypto
2020-04-24,BTC-USD,0.016309658285092787,Crypto,Crypto
2020-04-24,EOS-USD,0.019184492187692026,Crypto,Crypto
2020-04-24,ETC-USD,0.01045115936568819,Crypto,Crypto
2020-04-24,ETH-USD,0.022743865494742277,Crypto,Crypto
2020-04-24,LTC-USD,0.04362736749352525,Crypto,Crypto
2020-04-24,TRX-USD,0.03430721839568873,Crypto,Crypto
2020-04-24,XLM-USD,-0.002024751997296681,Crypto,Crypto
2020-04-24,XRP-USD,0.010192447137916893,Crypto,Crypto
2020-04-27,ADA-USD,0.015737096597391087,Crypto,Crypto
2020-04-27,BCH-USD,-0.012157310052796078,Crypto,Crypto
2020-04-27,BTC-USD,0.015069777105927384,Crypto,Crypto
2020-04-27,EOS-USD,0.004070015671273186,Crypto,Crypto
2020-04-27,ETC-USD,-0.023124789652234523,Crypto,Crypto
2020-04-27,ETH-USD,-0.00047040529712094603,Crypto,Crypto
2020-04-27,LTC-USD,0.00046939916906363344,Crypto,Crypto
2020-04-27,TRX-USD,0.021190072409482896,Crypto,Crypto
2020-04-27,XLM-USD,0.07787203788757324,Crypto,Crypto
2020-04-27,XRP-USD,0.005960237322220285,Crypto,Crypto
2020-04-28,ADA-USD,0.012746454435202503,Crypto,Crypto
2020-04-28,BCH-USD,0.0017648441317787977,Crypto,Crypto
2020-04-28,BTC-USD,0.001469741643032707,Crypto,Crypto
2020-04-28,EOS-USD,0.013497256663266732,Crypto,Crypto
2020-04-28,ETC-USD,0.018153241335976178,Crypto,Crypto
2020-04-28,ETH-USD,0.006037143067803674,Crypto,Crypto
2020-04-28,LTC-USD,0.029493087950786867,Crypto,Crypto
2020-04-28,TRX-USD,0.057784743677369965,Crypto,Crypto
2020-04-28,XLM-USD,0.024552066027224928,Crypto,Crypto
2020-04-28,XRP-USD,0.08842390595449579,Crypto,Crypto
2020-04-29,ADA-USD,0.0953491215552904,Crypto,Crypto
2020-04-29,BCH-USD,0.05659165742711192,Crypto,Crypto
2020-04-29,BTC-USD,0.1273180520232342,Crypto,Crypto
2020-04-29,EOS-USD,0.08426468936767506,Crypto,Crypto
2020-04-29,ETC-USD,0.09592027432179995,Crypto,Crypto
2020-04-29,ETH-USD,0.09350505112105334,Crypto,Crypto
2020-04-29,LTC-USD,0.06849203241995716,Crypto,Crypto
2020-04-29,TRX-USD,0.059499808079185756,Crypto,Crypto
2020-04-29,XLM-USD,0.048231716387218126,Crypto,Crypto
2020-04-29,XRP-USD,0.05544729416994221,Crypto,Crypto
2020-04-30,ADA-USD,-0.07445593791235727,Crypto,Crypto
2020-04-30,BCH-USD,-0.029707572564044993,Crypto,Crypto
2020-04-30,BTC-USD,-0.01618949646720247,Crypto,Crypto
2020-04-30,EOS-USD,-0.06113136999398472,Crypto,Crypto
2020-04-30,ETC-USD,-0.04625907754271352,Crypto,Crypto
2020-04-30,ETH-USD,-0.04316844161041067,Crypto,Crypto
2020-04-30,LTC-USD,-0.0501670611699766,Crypto,Crypto
2020-04-30,TRX-USD,-0.06333142284011206,Crypto,Crypto
2020-04-30,XLM-USD,-0.0643123588084138,Crypto,Crypto
2020-04-30,XRP-USD,-0.06450718460550531,Crypto,Crypto
2020-05-01,ADA-USD,0.07135387586762332,Crypto,Crypto
2020-05-01,BCH-USD,0.029559706329195468,Crypto,Crypto
2020-05-01,BTC-USD,0.023816089558295506,Crypto,Crypto
2020-05-01,EOS-USD,0.018817519171944408,Crypto,Crypto
2020-05-01,ETC-USD,0.03202586028377974,Crypto,Crypto
2020-05-01,ETH-USD,0.03187372256679111,Crypto,Crypto
2020-05-01,LTC-USD,0.023069787192343538,Crypto,Crypto
2020-05-01,TRX-USD,0.0402538844526068,Crypto,Crypto
2020-05-01,XLM-USD,0.08161355242458357,Crypto,Crypto
2020-05-01,XRP-USD,0.030489596375552708,Crypto,Crypto
2020-05-04,ADA-USD,0.01502176214025619,Crypto,Crypto
2020-05-04,BCH-USD,-0.028013706927569215,Crypto,Crypto
2020-05-04,BTC-USD,0.0017067266322232655,Crypto,Crypto
2020-05-04,EOS-USD,-0.021421566698991867,Crypto,Crypto
2020-05-04,ETC-USD,0.002251215215435476,Crypto,Crypto
2020-05-04,ETH-USD,-0.013080637151445917,Crypto,Crypto
2020-05-04,LTC-USD,-0.01644320619087447,Crypto,Crypto
2020-05-04,TRX-USD,0.01791511174940741,Crypto,Crypto
2020-05-04,XLM-USD,0.008645021805173458,Crypto,Crypto
2020-05-04,XRP-USD,-0.0020554684452384064,Crypto,Crypto
2020-05-05,ADA-USD,-0.006161386146486203,Crypto,Crypto
2020-05-05,BCH-USD,-0.00357460169811763,Crypto,Crypto
2020-05-05,BTC-USD,0.010144678859214995,Crypto,Crypto
2020-05-05,EOS-USD,-0.004468908747086386,Crypto,Crypto
2020-05-05,ETC-USD,-0.007016176068498803,Crypto,Crypto
2020-05-05,ETH-USD,-0.006723281251511781,Crypto,Crypto
2020-05-05,LTC-USD,-0.01445508843749621,Crypto,Crypto
2020-05-05,TRX-USD,-0.024835991965051263,Crypto,Crypto
2020-05-05,XLM-USD,-0.01753510451253304,Crypto,Crypto
2020-05-05,XRP-USD,-0.011417443347984335,Crypto,Crypto
2020-05-06,ADA-USD,0.008286389829243346,Crypto,Crypto
2020-05-06,BCH-USD,0.005003430528094155,Crypto,Crypto
2020-05-06,BTC-USD,0.029511199738283755,Crypto,Crypto
2020-05-06,EOS-USD,-0.027825583966418543,Crypto,Crypto
2020-05-06,ETC-USD,-0.033748773576536606,Crypto,Crypto
2020-05-06,ETH-USD,-0.013147723734789785,Crypto,Crypto
2020-05-06,LTC-USD,-0.01804745357092974,Crypto,Crypto
2020-05-06,TRX-USD,-0.0046534504208053384,Crypto,Crypto
2020-05-06,XLM-USD,-0.017254452993463287,Crypto,Crypto
2020-05-06,XRP-USD,-0.005788490151781067,Crypto,Crypto
2020-05-07,ADA-USD,0.026905374090881118,Crypto,Crypto
2020-05-07,BCH-USD,0.027846705779492664,Crypto,Crypto
2020-05-07,BTC-USD,0.07366214135771076,Crypto,Crypto
2020-05-07,EOS-USD,0.023881181029925314,Crypto,Crypto
2020-05-07,ETC-USD,0.021411251783121532,Crypto,Crypto
2020-05-07,ETH-USD,0.04034988409481799,Crypto,Crypto
2020-05-07,LTC-USD,0.030195089577102374,Crypto,Crypto
2020-05-07,TRX-USD,0.014404784978522711,Crypto,Crypto
2020-05-07,XLM-USD,0.0158157007109212,Crypto,Crypto
2020-05-07,XRP-USD,0.017224996865154774,Crypto,Crypto
2020-05-08,ADA-USD,0.023421963453870376,Crypto,Crypto
2020-05-08,BCH-USD,0.034748143088617844,Crypto,Crypto
2020-05-08,BTC-USD,-0.010938284289408906,Crypto,Crypto
2020-05-08,EOS-USD,0.0018895383035468782,Crypto,Crypto
2020-05-08,ETC-USD,0.011125595756137141,Crypto,Crypto
2020-05-08,ETH-USD,0.00330757754176636,Crypto,Crypto
2020-05-08,LTC-USD,0.011664901308954478,Crypto,Crypto
2020-05-08,TRX-USD,0.016753946259158603,Crypto,Crypto
2020-05-08,XLM-USD,0.011365996480803053,Crypto,Crypto
2020-05-08,XRP-USD,0.0041568221020495955,Crypto,Crypto
2020-05-11,ADA-USD,0.009040023372042238,Crypto,Crypto
2020-05-11,BCH-USD,0.009264292889614945,Crypto,Crypto
2020-05-11,BTC-USD,-0.017659566044374797,Crypto,Crypto
2020-05-11,EOS-USD,-0.01802973220560533,Crypto,Crypto
2020-05-11,ETC-USD,-0.026421908405004135,Crypto,Crypto
2020-05-11,ETH-USD,-0.014245641667949727,Crypto,Crypto
2020-05-11,LTC-USD,-0.0157588147898976,Crypto,Crypto
2020-05-11,TRX-USD,-0.01827343235186374,Crypto,Crypto
2020-05-11,XLM-USD,-0.02369515511297915,Crypto,Crypto
2020-05-11,XRP-USD,-0.02074918458519004,Crypto,Crypto
2020-05-12,ADA-USD,0.048079304977979964,Crypto,Crypto
2020-05-12,BCH-USD,-0.007809658718959556,Crypto,Crypto
2020-05-12,BTC-USD,0.023562712138033515,Crypto,Crypto
2020-05-12,EOS-USD,0.011994264232595642,Crypto,Crypto
2020-05-12,ETC-USD,0.006979095877720276,Crypto,Crypto
2020-05-12,ETH-USD,0.018286301098228597,Crypto,Crypto
2020-05-12,LTC-USD,0.00987815370316425,Crypto,Crypto
2020-05-12,TRX-USD,0.038296937674315856,Crypto,Crypto
2020-05-12,XLM-USD,0.11326097238065702,Crypto,Crypto
2020-05-12,XRP-USD,0.018411453524286747,Crypto,Crypto
2020-05-13,ADA-USD,0.020844514400820913,Crypto,Crypto
2020-05-13,BCH-USD,0.025911373881370103,Crypto,Crypto
2020-05-13,BTC-USD,0.05287193516704303,Crypto,Crypto
2020-05-13,EOS-USD,0.036435015525367875,Crypto,Crypto
2020-05-13,ETC-USD,0.021978011637207695,Crypto,Crypto
2020-05-13,ETH-USD,0.05219297764835762,Crypto,Crypto
2020-05-13,LTC-USD,0.024284794332144033,Crypto,Crypto
2020-05-13,TRX-USD,0.03049664077143377,Crypto,Crypto
2020-05-13,XLM-USD,-0.0015591809850050709,Crypto,Crypto
2020-05-13,XRP-USD,0.019444711474120746,Crypto,Crypto
2020-05-14,ADA-USD,-0.011307159126027422,Crypto,Crypto
2020-05-14,BCH-USD,0.01127558586101296,Crypto,Crypto
2020-05-14,BTC-USD,0.05002535168149658,Crypto,Crypto
2020-05-14,EOS-USD,0.03343666447746352,Crypto,Crypto
2020-05-14,ETC-USD,0.006390194090635681,Crypto,Crypto
2020-05-14,ETH-USD,0.018855121721672363,Crypto,Crypto
2020-05-14,LTC-USD,0.018796430606114578,Crypto,Crypto
2020-05-14,TRX-USD,0.01732981264481892,Crypto,Crypto
2020-05-14,XLM-USD,-0.010229869977788963,Crypto,Crypto
2020-05-14,XRP-USD,0.008184396913444969,Crypto,Crypto
2020-05-15,ADA-USD,-0.008390651124248527,Crypto,Crypto
2020-05-15,BCH-USD,-0.026225578816134187,Crypto,Crypto
2020-05-15,BTC-USD,-0.04166180495059313,Crypto,Crypto
2020-05-15,EOS-USD,-0.007796570539225778,Crypto,Crypto
2020-05-15,ETC-USD,0.03878063225978412,Crypto,Crypto
2020-05-15,ETH-USD,-0.03609984668213273,Crypto,Crypto
2020-05-15,LTC-USD,-0.02528948335617187,Crypto,Crypto
2020-05-15,TRX-USD,-0.022669159712459752,Crypto,Crypto
2020-05-15,XLM-USD,-0.024261032833266638,Crypto,Crypto
2020-05-15,XRP-USD,-0.0207651163943956,Crypto,Crypto
2020-05-18,ADA-USD,0.05665810640066726,Crypto,Crypto
2020-05-18,BCH-USD,0.027501899028915755,Crypto,Crypto
2020-05-18,BTC-USD,0.005773698991511145,Crypto,Crypto
2020-05-18,EOS-USD,0.015893410770576155,Crypto,Crypto
2020-05-18,ETC-USD,0.005382949747845256,Crypto,Crypto
2020-05-18,ETH-USD,0.035559036772175645,Crypto,Crypto
2020-05-18,LTC-USD,0.03575178823625458,Crypto,Crypto
2020-05-18,TRX-USD,0.023460403458084533,Crypto,Crypto
2020-05-18,XLM-USD,0.014399460021597088,Crypto,Crypto
2020-05-18,XRP-USD,0.019482757063271405,Crypto,Crypto
2020-05-19,ADA-USD,0.040496224720458995,Crypto,Crypto
2020-05-19,BCH-USD,-0.00763791277875614,Crypto,Crypto
2020-05-19,BTC-USD,0.00025321252090737545,Crypto,Crypto
2020-05-19,EOS-USD,-0.00851860501484003,Crypto,Crypto
2020-05-19,ETC-USD,-0.009374451829046615,Crypto,Crypto
2020-05-19,ETH-USD,-0.005006147613569434,Crypto,Crypto
2020-05-19,LTC-USD,0.004038419503780366,Crypto,Crypto
2020-05-19,TRX-USD,0.0101589125286361,Crypto,Crypto
2020-05-19,XLM-USD,-0.010072074891220195,Crypto,Crypto
2020-05-19,XRP-USD,-0.0055951981853897825,Crypto,Crypto
2020-05-20,ADA-USD,0.007546667759525949,Crypto,Crypto
2020-05-20,BCH-USD,-0.026062781232836896,Crypto,Crypto
2020-05-20,BTC-USD,-0.02117954918100662,Crypto,Crypto
2020-05-20,EOS-USD,-0.014584705017477329,Crypto,Crypto
2020-05-20,ETC-USD,-0.030305887187929148,Crypto,Crypto
2020-05-20,ETH-USD,-0.015714933991157976,Crypto,Crypto
2020-05-20,LTC-USD,-0.026694366549264936,Crypto,Crypto
2020-05-20,TRX-USD,-0.032942234284426664,Crypto,Crypto
2020-05-20,XLM-USD,0.023101642243714693,Crypto,Crypto
2020-05-20,XRP-USD,-0.011375840658914838,Crypto,Crypto
2020-05-21,ADA-USD,-0.08138902660181424,Crypto,Crypto
2020-05-21,BCH-USD,-0.046454235657288456,Crypto,Crypto
2020-05-21,BTC-USD,-0.04633209978369557,Crypto,Crypto
2020-05-21,EOS-USD,-0.048117132142448504,Crypto,Crypto
2020-05-21,ETC-USD,-0.04718846812077926,Crypto,Crypto
2020-05-21,ETH-USD,-0.04861158117206166,Crypto,Crypto
2020-05-21,LTC-USD,-0.03236032290975965,Crypto,Crypto
2020-05-21,TRX-USD,-0.049663377268341025,Crypto,Crypto
2020-05-21,XLM-USD,-0.06047163291575641,Crypto,Crypto
2020-05-21,XRP-USD,-0.03072775718791687,Crypto,Crypto
2020-05-22,ADA-USD,0.06865597422942793,Crypto,Crypto
2020-05-22,BCH-USD,0.026739903932041287,Crypto,Crypto
2020-05-22,BTC-USD,0.01110086707949609,Crypto,Crypto
2020-05-22,EOS-USD,0.0508714480090946,Crypto,Crypto
2020-05-22,ETC-USD,0.05299287507395678,Crypto,Crypto
2020-05-22,ETH-USD,0.036449129788362455,Crypto,Crypto
2020-05-22,LTC-USD,0.03427200427533239,Crypto,Crypto
2020-05-22,TRX-USD,0.042298025453668675,Crypto,Crypto
2020-05-22,XLM-USD,0.022009367989144213,Crypto,Crypto
2020-05-22,XRP-USD,0.024725185316561094,Crypto,Crypto
2020-05-26,ADA-USD,-0.010757068316257112,Crypto,Crypto
2020-05-26,BCH-USD,-0.014499050345424869,Crypto,Crypto
2020-05-26,BTC-USD,-0.008070322664891605,Crypto,Crypto
2020-05-26,EOS-USD,-0.016092047945630017,Crypto,Crypto
2020-05-26,ETC-USD,-0.015944730331858614,Crypto,Crypto
2020-05-26,ETH-USD,-0.016644452016541522,Crypto,Crypto
2020-05-26,LTC-USD,-0.011970168954358984,Crypto,Crypto
2020-05-26,TRX-USD,-0.011938706314483238,Crypto,Crypto
2020-05-26,XLM-USD,-0.014433034778808529,Crypto,Crypto
2020-05-26,XRP-USD,-0.016987038065859883,Crypto,Crypto
2020-05-27,ADA-USD,0.032809329136763044,Crypto,Crypto
2020-05-27,BCH-USD,0.027726675453543015,Crypto,Crypto
2020-05-27,BTC-USD,0.039158209254817056,Crypto,Crypto
2020-05-27,EOS-USD,0.026346429226344004,Crypto,Crypto
2020-05-27,ETC-USD,0.011771917837611445,Crypto,Crypto
2020-05-27,ETH-USD,0.034477666422055187,Crypto,Crypto
2020-05-27,LTC-USD,0.03368619895392633,Crypto,Crypto
2020-05-27,TRX-USD,0.011259118614348473,Crypto,Crypto
2020-05-27,XLM-USD,0.017008445149986118,Crypto,Crypto
2020-05-27,XRP-USD,0.020012918052563666,Crypto,Crypto
2020-05-28,ADA-USD,0.16990733996198215,Crypto,Crypto
2020-05-28,BCH-USD,0.02520793707330271,Crypto,Crypto
2020-05-28,BTC-USD,0.037548495632866885,Crypto,Crypto
2020-05-28,EOS-USD,0.020904924558617255,Crypto,Crypto
2020-05-28,ETC-USD,0.010532488425326836,Crypto,Crypto
2020-05-28,ETH-USD,0.05255582341240994,Crypto,Crypto
2020-05-28,LTC-USD,0.020456842492149185,Crypto,Crypto
2020-05-28,TRX-USD,0.0272233872360248,Crypto,Crypto
2020-05-28,XLM-USD,0.03944032703743616,Crypto,Crypto
2020-05-28,XRP-USD,0.013838271378906919,Crypto,Crypto
2020-05-29,ADA-USD,0.001564461563709152,Crypto,Crypto
2020-05-29,BCH-USD,-0.0052595913832491625,Crypto,Crypto
2020-05-29,BTC-USD,-0.009093976247976698,Crypto,Crypto
2020-05-29,EOS-USD,-0.0030022350498415395,Crypto,Crypto
2020-05-29,ETC-USD,0.056539326849999405,Crypto,Crypto
2020-05-29,ETH-USD,0.0037968519368642983,Crypto,Crypto
2020-05-29,LTC-USD,-0.0023734312069726426,Crypto,Crypto
2020-05-29,TRX-USD,-0.007930736832412633,Crypto,Crypto
2020-05-29,XLM-USD,-0.014361395509463248,Crypto,Crypto
2020-05-29,XRP-USD,-0.011201703083183467,Crypto,Crypto
2020-06-01,ADA-USD,0.09167203858925976,Crypto,Crypto
2020-06-01,BCH-USD,0.0645128828253867,Crypto,Crypto
2020-06-01,BTC-USD,0.07464386293982206,Crypto,Crypto
2020-06-01,EOS-USD,0.054117075189098474,Crypto,Crypto
2020-06-01,ETC-USD,0.040189910332653955,Crypto,Crypto
2020-06-01,ETH-USD,0.06934085140049451,Crypto,Crypto
2020-06-01,LTC-USD,0.055565768008889904,Crypto,Crypto
2020-06-01,TRX-USD,0.07022843570164672,Crypto,Crypto
2020-06-01,XLM-USD,0.06925114946681732,Crypto,Crypto
2020-06-01,XRP-USD,0.03618921668108155,Crypto,Crypto
2020-06-02,ADA-USD,-0.0334122286338997,Crypto,Crypto
2020-06-02,BCH-USD,-0.024667755936281344,Crypto,Crypto
2020-06-02,BTC-USD,-0.06269774820259899,Crypto,Crypto
2020-06-02,EOS-USD,-0.048503355758136024,Crypto,Crypto
2020-06-02,ETC-USD,-0.0349321012291155,Crypto,Crypto
2020-06-02,ETH-USD,-0.03956692752858926,Crypto,Crypto
2020-06-02,LTC-USD,-0.04574975025248218,Crypto,Crypto
2020-06-02,TRX-USD,-0.04115956035136492,Crypto,Crypto
2020-06-02,XLM-USD,0.04986891089788781,Crypto,Crypto
2020-06-02,XRP-USD,-0.03560065464778095,Crypto,Crypto
2020-06-03,ADA-USD,0.08900526543405785,Crypto,Crypto
2020-06-03,BCH-USD,0.012087341023916842,Crypto,Crypto
2020-06-03,BTC-USD,0.013317594606312655,Crypto,Crypto
2020-06-03,EOS-USD,0.006771795012633586,Crypto,Crypto
2020-06-03,ETC-USD,-0.0030571210729296583,Crypto,Crypto
2020-06-03,ETH-USD,0.02934109196296908,Crypto,Crypto
2020-06-03,LTC-USD,0.027205630833020633,Crypto,Crypto
2020-06-03,TRX-USD,0.03483170400904467,Crypto,Crypto
2020-06-03,XLM-USD,0.04222794582400424,Crypto,Crypto
2020-06-03,XRP-USD,0.004433735456846444,Crypto,Crypto
2020-06-04,ADA-USD,0.04167891876016139,Crypto,Crypto
2020-06-04,BCH-USD,0.018333469437245897,Crypto,Crypto
2020-06-04,BTC-USD,0.014903505382374727,Crypto,Crypto
2020-06-04,EOS-USD,0.010073453035427837,Crypto,Crypto
2020-06-04,ETC-USD,-0.0015165130234490176,Crypto,Crypto
2020-06-04,ETH-USD,0.0010118396234197746,Crypto,Crypto
2020-06-04,LTC-USD,0.009851051557036028,Crypto,Crypto
2020-06-04,TRX-USD,0.002074020797825815,Crypto,Crypto
2020-06-04,XLM-USD,-0.0018878916250303357,Crypto,Crypto
2020-06-04,XRP-USD,0.006476341518217632,Crypto,Crypto
2020-06-05,ADA-USD,-0.039977554498484724,Crypto,Crypto
2020-06-05,BCH-USD,0.00027499545835429906,Crypto,Crypto
2020-06-05,BTC-USD,-0.013785177382049874,Crypto,Crypto
2020-06-05,EOS-USD,0.03641898536231958,Crypto,Crypto
2020-06-05,ETC-USD,-0.008643404351154849,Crypto,Crypto
2020-06-05,ETH-USD,-0.01310990485636565,Crypto,Crypto
2020-06-05,LTC-USD,-0.012268666254000915,Crypto,Crypto
2020-06-05,TRX-USD,0.0016558926614094194,Crypto,Crypto
2020-06-05,XLM-USD,-0.03586497642537434,Crypto,Crypto
2020-06-05,XRP-USD,-0.004341852772466348,Crypto,Crypto
2020-06-08,ADA-USD,-0.002585012875195525,Crypto,Crypto
2020-06-08,BCH-USD,0.003079233707868889,Crypto,Crypto
2020-06-08,BTC-USD,0.0012948980117710729,Crypto,Crypto
2020-06-08,EOS-USD,-0.011334064171842795,Crypto,Crypto
2020-06-08,ETC-USD,0.007581555575938426,Crypto,Crypto
2020-06-08,ETH-USD,0.00466071390672762,Crypto,Crypto
2020-06-08,LTC-USD,-0.004157682971278498,Crypto,Crypto
2020-06-08,TRX-USD,-0.01221185814100656,Crypto,Crypto
2020-06-08,XLM-USD,0.012784724160185279,Crypto,Crypto
2020-06-08,XRP-USD,0.0015827022922265677,Crypto,Crypto
2020-06-09,ADA-USD,-0.03497626555135247,Crypto,Crypto
2020-06-09,BCH-USD,0.0007295103847122508,Crypto,Crypto
2020-06-09,BTC-USD,0.0024777121338637187,Crypto,Crypto
2020-06-09,EOS-USD,-0.007147637142092544,Crypto,Crypto
2020-06-09,ETC-USD,-0.013522949545795027,Crypto,Crypto
2020-06-09,ETH-USD,-0.005677614763718863,Crypto,Crypto
2020-06-09,LTC-USD,-0.008705089513778907,Crypto,Crypto
2020-06-09,TRX-USD,-0.01937962102115942,Crypto,Crypto
2020-06-09,XLM-USD,-0.017922739683166378,Crypto,Crypto
2020-06-09,XRP-USD,-0.008627303866078129,Crypto,Crypto
2020-06-10,ADA-USD,0.0014866859293569679,Crypto,Crypto
2020-06-10,BCH-USD,0.0076308166030445435,Crypto,Crypto
2020-06-10,BTC-USD,0.007594610876882513,Crypto,Crypto
2020-06-10,EOS-USD,0.001362351994289801,Crypto,Crypto
2020-06-10,ETC-USD,0.00037858356354547595,Crypto,Crypto
2020-06-10,ETH-USD,0.01034452659686913,Crypto,Crypto
2020-06-10,LTC-USD,0.013253157702110219,Crypto,Crypto
2020-06-10,TRX-USD,-5.680279592457094e-05,Crypto,Crypto
2020-06-10,XLM-USD,0.001030883650860348,Crypto,Crypto
2020-06-10,XRP-USD,0.0045789354071070765,Crypto,Crypto
2020-06-11,ADA-USD,-0.09781996640723001,Crypto,Crypto
2020-06-11,BCH-USD,-0.08091388815174239,Crypto,Crypto
2020-06-11,BTC-USD,-0.05555301055894357,Crypto,Crypto
2020-06-11,EOS-USD,-0.08433006472617344,Crypto,Crypto
2020-06-11,ETC-USD,-0.07668105272101233,Crypto,Crypto
2020-06-11,ETH-USD,-0.06361931932262788,Crypto,Crypto
2020-06-11,LTC-USD,-0.06780782938390484,Crypto,Crypto
2020-06-11,TRX-USD,-0.10233980516486285,Crypto,Crypto
2020-06-11,XLM-USD,-0.09118073755413858,Crypto,Crypto
2020-06-11,XRP-USD,-0.06286649789678922,Crypto,Crypto
2020-06-12,ADA-USD,0.05565285119165786,Crypto,Crypto
2020-06-12,BCH-USD,0.02453715529384226,Crypto,Crypto
2020-06-12,BTC-USD,0.01706353064227928,Crypto,Crypto
2020-06-12,EOS-USD,0.02544081931346387,Crypto,Crypto
2020-06-12,ETC-USD,0.02081049326654849,Crypto,Crypto
2020-06-12,ETH-USD,0.02499126432857568,Crypto,Crypto
2020-06-12,LTC-USD,0.030181588341316568,Crypto,Crypto
2020-06-12,TRX-USD,0.04125005803825732,Crypto,Crypto
2020-06-12,XLM-USD,0.021598919553738494,Crypto,Crypto
2020-06-12,XRP-USD,0.019786466317170737,Crypto,Crypto
2020-06-15,ADA-USD,0.021355619709343188,Crypto,Crypto
2020-06-15,BCH-USD,-0.010429586725141604,Crypto,Crypto
2020-06-15,BTC-USD,0.006808938469139436,Crypto,Crypto
2020-06-15,EOS-USD,-0.018178593146309985,Crypto,Crypto
2020-06-15,ETC-USD,-0.015518358112999842,Crypto,Crypto
2020-06-15,ETH-USD,-0.017879231889114333,Crypto,Crypto
2020-06-15,LTC-USD,-0.003861465250620144,Crypto,Crypto
2020-06-15,TRX-USD,-0.008857676121774904,Crypto,Crypto
2020-06-15,XLM-USD,-0.004256848573686578,Crypto,Crypto
2020-06-15,XRP-USD,0.0076037395486296955,Crypto,Crypto
2020-06-16,ADA-USD,0.008751416819338553,Crypto,Crypto
2020-06-16,BCH-USD,0.005320096017212839,Crypto,Crypto
2020-06-16,BTC-USD,0.009239764861221245,Crypto,Crypto
2020-06-16,EOS-USD,0.0062568872928134844,Crypto,Crypto
2020-06-16,ETC-USD,-0.00040139848941789236,Crypto,Crypto
2020-06-16,ETH-USD,0.01951585350776286,Crypto,Crypto
2020-06-16,LTC-USD,-0.000843390417316292,Crypto,Crypto
2020-06-16,TRX-USD,0.0020480657933477087,Crypto,Crypto
2020-06-16,XLM-USD,0.0019265056987876061,Crypto,Crypto
2020-06-16,XRP-USD,-0.009151980434942475,Crypto,Crypto
2020-06-17,ADA-USD,0.055290691659416025,Crypto,Crypto
2020-06-17,BCH-USD,0.01231373282108561,Crypto,Crypto
2020-06-17,BTC-USD,-0.006056760681470541,Crypto,Crypto
2020-06-17,EOS-USD,0.004432531869358991,Crypto,Crypto
2020-06-17,ETC-USD,0.004377870095140013,Crypto,Crypto
2020-06-17,ETH-USD,-0.005920639720965681,Crypto,Crypto
2020-06-17,LTC-USD,0.003534814330525826,Crypto,Crypto
2020-06-17,TRX-USD,0.0033444781328972883,Crypto,Crypto
2020-06-17,XLM-USD,0.009067085241372341,Crypto,Crypto
2020-06-17,XRP-USD,0.011165336477028553,Crypto,Crypto
2020-06-18,ADA-USD,-0.015231524711427857,Crypto,Crypto
2020-06-18,BCH-USD,-0.014519459469441331,Crypto,Crypto
2020-06-18,BTC-USD,-0.007216479234543938,Crypto,Crypto
2020-06-18,EOS-USD,-0.009241709851057545,Crypto,Crypto
2020-06-18,ETC-USD,-0.008387793814119804,Crypto,Crypto
2020-06-18,ETH-USD,-0.003978524779853165,Crypto,Crypto
2020-06-18,LTC-USD,-0.010724504189531525,Crypto,Crypto
2020-06-18,TRX-USD,-0.008395125434775275,Crypto,Crypto
2020-06-18,XLM-USD,-0.013297524228403801,Crypto,Crypto
2020-06-18,XRP-USD,-0.012851358908744115,Crypto,Crypto
2020-06-19,ADA-USD,-0.031287287355538096,Crypto,Crypto
2020-06-19,BCH-USD,-0.019543881651296613,Crypto,Crypto
2020-06-19,BTC-USD,-0.013156009327927487,Crypto,Crypto
2020-06-19,EOS-USD,-0.011190393192611947,Crypto,Crypto
2020-06-19,ETC-USD,0.013577526499829018,Crypto,Crypto
2020-06-19,ETH-USD,-0.021382380177690008,Crypto,Crypto
2020-06-19,LTC-USD,-0.020208814638935535,Crypto,Crypto
2020-06-19,TRX-USD,-0.016496422779650133,Crypto,Crypto
2020-06-19,XLM-USD,-0.02348565587050022,Crypto,Crypto
2020-06-19,XRP-USD,-0.021821617589577458,Crypto,Crypto
2020-06-22,ADA-USD,0.06543484997630244,Crypto,Crypto
2020-06-22,BCH-USD,0.03676385550355743,Crypto,Crypto
2020-06-22,BTC-USD,0.03709174751916078,Crypto,Crypto
2020-06-22,EOS-USD,0.01753564121208262,Crypto,Crypto
2020-06-22,ETC-USD,0.022314153353780286,Crypto,Crypto
2020-06-22,ETH-USD,0.05914396254513776,Crypto,Crypto
2020-06-22,LTC-USD,0.025542457956382103,Crypto,Crypto
2020-06-22,TRX-USD,0.031062628579438645,Crypto,Crypto
2020-06-22,XLM-USD,0.045304563907447415,Crypto,Crypto
2020-06-22,XRP-USD,0.01972956812402238,Crypto,Crypto
2020-06-23,ADA-USD,-0.007893730355453599,Crypto,Crypto
2020-06-23,BCH-USD,0.0042485909989509185,Crypto,Crypto
2020-06-23,BTC-USD,-0.0019753474772544743,Crypto,Crypto
2020-06-23,EOS-USD,0.00555731239135393,Crypto,Crypto
2020-06-23,ETC-USD,0.004386489444555108,Crypto,Crypto
2020-06-23,ETH-USD,0.0066339911121064965,Crypto,Crypto
2020-06-23,LTC-USD,-0.00019743396278537606,Crypto,Crypto
2020-06-23,TRX-USD,0.011879252784016359,Crypto,Crypto
2020-06-23,XLM-USD,-0.009085681569174775,Crypto,Crypto
2020-06-23,XRP-USD,-0.0031278172615928357,Crypto,Crypto
2020-06-24,ADA-USD,-0.0044243602628173395,Crypto,Crypto
2020-06-24,BCH-USD,-0.031779050861879043,Crypto,Crypto
2020-06-24,BTC-USD,-0.03282025643027875,Crypto,Crypto
2020-06-24,EOS-USD,-0.031261864871682477,Crypto,Crypto
2020-06-24,ETC-USD,-0.025812812986105715,Crypto,Crypto
2020-06-24,ETH-USD,-0.03428203573727662,Crypto,Crypto
2020-06-24,LTC-USD,-0.030228040243726717,Crypto,Crypto
2020-06-24,TRX-USD,-0.03394860925504117,Crypto,Crypto
2020-06-24,XLM-USD,-0.028728240587886478,Crypto,Crypto
2020-06-24,XRP-USD,-0.023362238491245524,Crypto,Crypto
2020-06-25,ADA-USD,-0.010801325104972448,Crypto,Crypto
2020-06-25,BCH-USD,-0.0031831602127159186,Crypto,Crypto
2020-06-25,BTC-USD,-0.005239308190707503,Crypto,Crypto
2020-06-25,EOS-USD,-0.005652466466948947,Crypto,Crypto
2020-06-25,ETC-USD,-0.010440557102517567,Crypto,Crypto
2020-06-25,ETH-USD,-0.01199449842812228,Crypto,Crypto
2020-06-25,LTC-USD,-0.006542280415398061,Crypto,Crypto
2020-06-25,TRX-USD,-0.001941869461521195,Crypto,Crypto
2020-06-25,XLM-USD,-0.01940061241395774,Crypto,Crypto
2020-06-25,XRP-USD,-0.003809632399706109,Crypto,Crypto
2020-06-26,ADA-USD,-0.013832610690253322,Crypto,Crypto
2020-06-26,BCH-USD,-0.009921636528713362,Crypto,Crypto
2020-06-26,BTC-USD,-0.010998117562784016,Crypto,Crypto
2020-06-26,EOS-USD,-0.003095087986251799,Crypto,Crypto
2020-06-26,ETC-USD,-0.01915731213273464,Crypto,Crypto
2020-06-26,ETH-USD,-0.014065340211250277,Crypto,Crypto
2020-06-26,LTC-USD,0.017791183080065887,Crypto,Crypto
2020-06-26,TRX-USD,-0.005774165053769265,Crypto,Crypto
2020-06-26,XLM-USD,-0.010821031306365247,Crypto,Crypto
2020-06-26,XRP-USD,-0.0048973250966338755,Crypto,Crypto
2020-06-29,ADA-USD,0.043262985689013655,Crypto,Crypto
2020-06-29,BCH-USD,0.011157009052275013,Crypto,Crypto
2020-06-29,BTC-USD,0.005170015512075743,Crypto,Crypto
2020-06-29,EOS-USD,0.0060973405266271374,Crypto,Crypto
2020-06-29,ETC-USD,0.012482849214741742,Crypto,Crypto
2020-06-29,ETH-USD,0.012636955023823893,Crypto,Crypto
2020-06-29,LTC-USD,0.010692654000777013,Crypto,Crypto
2020-06-29,TRX-USD,0.024533682079256325,Crypto,Crypto
2020-06-29,XLM-USD,0.013762476030501736,Crypto,Crypto
2020-06-29,XRP-USD,0.0015025944450799411,Crypto,Crypto
2020-06-30,ADA-USD,-0.008990088782456773,Crypto,Crypto
2020-06-30,BCH-USD,-0.014233480990495484,Crypto,Crypto
2020-06-30,BTC-USD,-0.005751513982724221,Crypto,Crypto
2020-06-30,EOS-USD,-0.007208084907468049,Crypto,Crypto
2020-06-30,ETC-USD,-0.016608049668053293,Crypto,Crypto
2020-06-30,ETH-USD,-0.008237992176384878,Crypto,Crypto
2020-06-30,LTC-USD,-0.009157235208431813,Crypto,Crypto
2020-06-30,TRX-USD,0.010430261507205607,Crypto,Crypto
2020-06-30,XLM-USD,0.027641603153391037,Crypto,Crypto
2020-06-30,XRP-USD,-0.011738624319307944,Crypto,Crypto
2020-07-01,ADA-USD,0.15445880698383885,Crypto,Crypto
2020-07-01,BCH-USD,0.007634285638872695,Crypto,Crypto
2020-07-01,BTC-USD,0.00988532488788163,Crypto,Crypto
2020-07-01,EOS-USD,0.00530121471046896,Crypto,Crypto
2020-07-01,ETC-USD,-0.0029086452893724024,Crypto,Crypto
2020-07-01,ETH-USD,0.021202377597294486,Crypto,Crypto
2020-07-01,LTC-USD,0.00558151104458271,Crypto,Crypto
2020-07-01,TRX-USD,0.030478798304961252,Crypto,Crypto
2020-07-01,XLM-USD,0.021172521014051204,Crypto,Crypto
2020-07-01,XRP-USD,0.006288701756145931,Crypto,Crypto
2020-07-02,ADA-USD,-0.01696650476661976,Crypto,Crypto
2020-07-02,BCH-USD,-0.006181241751943456,Crypto,Crypto
2020-07-02,BTC-USD,-0.011368806022981404,Crypto,Crypto
2020-07-02,EOS-USD,0.00636445967765864,Crypto,Crypto
2020-07-02,ETC-USD,-0.0004569873194357754,Crypto,Crypto
2020-07-02,ETH-USD,-0.00744752050491182,Crypto,Crypto
2020-07-02,LTC-USD,-0.005120294584120444,Crypto,Crypto
2020-07-02,TRX-USD,-0.010491359196621475,Crypto,Crypto
2020-07-02,XLM-USD,-0.001197305920256797,Crypto,Crypto
2020-07-02,XRP-USD,0.0015143148855512045,Crypto,Crypto
2020-07-06,ADA-USD,0.0713769900096779,Crypto,Crypto
2020-07-06,BCH-USD,0.08920179429813668,Crypto,Crypto
2020-07-06,BTC-USD,0.0332305643833104,Crypto,Crypto
2020-07-06,EOS-USD,0.08482251368506044,Crypto,Crypto
2020-07-06,ETC-USD,0.07902570548998189,Crypto,Crypto
2020-07-06,ETH-USD,0.06081589777420948,Crypto,Crypto
2020-07-06,LTC-USD,0.05686362725162386,Crypto,Crypto
2020-07-06,TRX-USD,0.07007129595197648,Crypto,Crypto
2020-07-06,XLM-USD,0.06975610069890847,Crypto,Crypto
2020-07-06,XRP-USD,0.06524793739756429,Crypto,Crypto
2020-07-07,ADA-USD,0.11721042215966504,Crypto,Crypto
2020-07-07,BCH-USD,-0.018562794048675557,Crypto,Crypto
2020-07-07,BTC-USD,-0.01314037643510968,Crypto,Crypto
2020-07-07,EOS-USD,-0.021066398305835343,Crypto,Crypto
2020-07-07,ETC-USD,0.018005499142571102,Crypto,Crypto
2020-07-07,ETH-USD,-0.01008111519525301,Crypto,Crypto
2020-07-07,LTC-USD,-0.014676827277881443,Crypto,Crypto
2020-07-07,TRX-USD,-0.0460599474035327,Crypto,Crypto
2020-07-07,XLM-USD,0.019550995309731034,Crypto,Crypto
2020-07-07,XRP-USD,-0.02004588559168241,Crypto,Crypto
2020-07-08,ADA-USD,0.10509207507673257,Crypto,Crypto
2020-07-08,BCH-USD,0.025652813652709217,Crypto,Crypto
2020-07-08,BTC-USD,0.019028359994139876,Crypto,Crypto
2020-07-08,EOS-USD,0.04701180504192903,Crypto,Crypto
2020-07-08,ETC-USD,0.06743850551135067,Crypto,Crypto
2020-07-08,ETH-USD,0.03176603807977685,Crypto,Crypto
2020-07-08,LTC-USD,0.0434573403704368,Crypto,Crypto
2020-07-08,TRX-USD,0.04165216949398998,Crypto,Crypto
2020-07-08,XLM-USD,0.16016552598246214,Crypto,Crypto
2020-07-08,XRP-USD,0.1077186185523149,Crypto,Crypto
2020-07-09,ADA-USD,-0.043222866586724584,Crypto,Crypto
2020-07-09,BCH-USD,-0.017984440101164734,Crypto,Crypto
2020-07-09,BTC-USD,-0.015948231171979632,Crypto,Crypto
2020-07-09,EOS-USD,-0.007218591279894659,Crypto,Crypto
2020-07-09,ETC-USD,0.0058582450968291955,Crypto,Crypto
2020-07-09,ETH-USD,-0.014813526312331904,Crypto,Crypto
2020-07-09,LTC-USD,-0.014674274105451302,Crypto,Crypto
2020-07-09,TRX-USD,0.030436656388796557,Crypto,Crypto
2020-07-09,XLM-USD,0.0657035597616249,Crypto,Crypto
2020-07-09,XRP-USD,-0.008705762861507371,Crypto,Crypto
2020-07-10,ADA-USD,-0.04808796424287165,Crypto,Crypto
2020-07-10,BCH-USD,-0.003917039960694146,Crypto,Crypto
2020-07-10,BTC-USD,9.052022711308894e-05,Crypto,Crypto
2020-07-10,EOS-USD,-0.01417857561377589,Crypto,Crypto
2020-07-10,ETC-USD,-0.04363564968243905,Crypto,Crypto
2020-07-10,ETH-USD,-0.008357374289335584,Crypto,Crypto
2020-07-10,LTC-USD,-0.006541457395218053,Crypto,Crypto
2020-07-10,TRX-USD,-0.01669283818932432,Crypto,Crypto
2020-07-10,XLM-USD,-0.01849033220830565,Crypto,Crypto
2020-07-10,XRP-USD,-0.020984705949742444,Crypto,Crypto
2020-07-13,ADA-USD,-0.020720445524544773,Crypto,Crypto
2020-07-13,BCH-USD,-0.01833182239980069,Crypto,Crypto
2020-07-13,BTC-USD,-0.003545059255915528,Crypto,Crypto
2020-07-13,EOS-USD,-0.022369585656920377,Crypto,Crypto
2020-07-13,ETC-USD,-0.0223828957730019,Crypto,Crypto
2020-07-13,ETH-USD,-0.010436943542246335,Crypto,Crypto
2020-07-13,LTC-USD,-0.016047655747509215,Crypto,Crypto
2020-07-13,TRX-USD,-0.03305243336167374,Crypto,Crypto
2020-07-13,XLM-USD,-0.0495884503691606,Crypto,Crypto
2020-07-13,XRP-USD,-0.00978861673353082,Crypto,Crypto
2020-07-14,ADA-USD,0.06288058235461302,Crypto,Crypto
2020-07-14,BCH-USD,-0.010415071934615328,Crypto,Crypto
2020-07-14,BTC-USD,-4.331537576462985e-05,Crypto,Crypto
2020-07-14,EOS-USD,0.0010336074093399983,Crypto,Crypto
2020-07-14,ETC-USD,0.0021821849556962203,Crypto,Crypto
2020-07-14,ETH-USD,0.0025329360010484248,Crypto,Crypto
2020-07-14,LTC-USD,-0.0026623965946893646,Crypto,Crypto
2020-07-14,TRX-USD,0.005013426262203913,Crypto,Crypto
2020-07-14,XLM-USD,0.020123771181500105,Crypto,Crypto
2020-07-14,XRP-USD,0.0011783604603372577,Crypto,Crypto
2020-07-15,ADA-USD,-0.012079196584147911,Crypto,Crypto
2020-07-15,BCH-USD,-0.011896869780056107,Crypto,Crypto
2020-07-15,BTC-USD,-0.005450155524782674,Crypto,Crypto
2020-07-15,EOS-USD,-0.008990829760207819,Crypto,Crypto
2020-07-15,ETC-USD,-0.016394699398064927,Crypto,Crypto
2020-07-15,ETH-USD,-0.007443290455772633,Crypto,Crypto
2020-07-15,LTC-USD,-0.011960645348838228,Crypto,Crypto
2020-07-15,TRX-USD,-0.004534924727640499,Crypto,Crypto
2020-07-15,XLM-USD,0.020997165142463636,Crypto,Crypto
2020-07-15,XRP-USD,-0.008540872080220363,Crypto,Crypto
2020-07-16,ADA-USD,-0.03411085831785998,Crypto,Crypto
2020-07-16,BCH-USD,-0.014325052002535754,Crypto,Crypto
2020-07-16,BTC-USD,-0.006593108913667822,Crypto,Crypto
2020-07-16,EOS-USD,-0.014612773132648749,Crypto,Crypto
2020-07-16,ETC-USD,-0.030629242458507844,Crypto,Crypto
2020-07-16,ETH-USD,-0.020059424047782937,Crypto,Crypto
2020-07-16,LTC-USD,-0.028732557342156517,Crypto,Crypto
2020-07-16,TRX-USD,-0.023745782505072643,Crypto,Crypto
2020-07-16,XLM-USD,0.07046844171146116,Crypto,Crypto
2020-07-16,XRP-USD,-0.015539433900858768,Crypto,Crypto
2020-07-17,ADA-USD,-0.027286668381756196,Crypto,Crypto
2020-07-17,BCH-USD,-0.005392851299582224,Crypto,Crypto
2020-07-17,BTC-USD,0.002098616025556055,Crypto,Crypto
2020-07-17,EOS-USD,-0.0005402813760196912,Crypto,Crypto
2020-07-17,ETC-USD,0.000620755404881157,Crypto,Crypto
2020-07-17,ETH-USD,-0.0037142380015947607,Crypto,Crypto
2020-07-17,LTC-USD,-0.0029171443874396186,Crypto,Crypto
2020-07-17,TRX-USD,0.0022748520634521263,Crypto,Crypto
2020-07-17,XLM-USD,0.0322840494261063,Crypto,Crypto
2020-07-17,XRP-USD,0.0012007057717196012,Crypto,Crypto
2020-07-20,ADA-USD,-0.046786130183763985,Crypto,Crypto
2020-07-20,BCH-USD,-0.0191201473467163,Crypto,Crypto
2020-07-20,BTC-USD,-0.0023499201650132306,Crypto,Crypto
2020-07-20,EOS-USD,-0.005619328209710339,Crypto,Crypto
2020-07-20,ETC-USD,-0.0068752606627487944,Crypto,Crypto
2020-07-20,ETH-USD,-0.009788145738083509,Crypto,Crypto
2020-07-20,LTC-USD,-0.013557756413457245,Crypto,Crypto
2020-07-20,TRX-USD,-0.014762291331682054,Crypto,Crypto
2020-07-20,XLM-USD,-0.05204403285157233,Crypto,Crypto
2020-07-20,XRP-USD,-0.02043838977817858,Crypto,Crypto
2020-07-21,ADA-USD,0.04274789984085281,Crypto,Crypto
2020-07-21,BCH-USD,0.030561648868059565,Crypto,Crypto
2020-07-21,BTC-USD,0.02298678850016933,Crypto,Crypto
2020-07-21,EOS-USD,0.02116305002966201,Crypto,Crypto
2020-07-21,ETC-USD,0.02237830482686265,Crypto,Crypto
2020-07-21,ETH-USD,0.037533080727248036,Crypto,Crypto
2020-07-21,LTC-USD,0.03907819428488968,Crypto,Crypto
2020-07-21,TRX-USD,0.01991988646074705,Crypto,Crypto
2020-07-21,XLM-USD,0.016318344927444883,Crypto,Crypto
2020-07-21,XRP-USD,0.02011123867516762,Crypto,Crypto
2020-07-22,ADA-USD,0.00778268020101458,Crypto,Crypto
2020-07-22,BCH-USD,0.039784363523897914,Crypto,Crypto
2020-07-22,BTC-USD,0.016050921443329758,Crypto,Crypto
2020-07-22,EOS-USD,0.015536669893432942,Crypto,Crypto
2020-07-22,ETC-USD,0.02787722848643237,Crypto,Crypto
2020-07-22,ETH-USD,0.07009284681918926,Crypto,Crypto
2020-07-22,LTC-USD,0.03026322510134949,Crypto,Crypto
2020-07-22,TRX-USD,0.02226392309212244,Crypto,Crypto
2020-07-22,XLM-USD,0.010392361049006205,Crypto,Crypto
2020-07-22,XRP-USD,0.021880716278343204,Crypto,Crypto
2020-07-23,ADA-USD,-0.001202342710480142,Crypto,Crypto
2020-07-23,BCH-USD,-0.004780121200901211,Crypto,Crypto
2020-07-23,BTC-USD,0.00584848921034431,Crypto,Crypto
2020-07-23,EOS-USD,-0.0023531777902430218,Crypto,Crypto
2020-07-23,ETC-USD,0.012528850364866173,Crypto,Crypto
2020-07-23,ETH-USD,0.047669180441096026,Crypto,Crypto
2020-07-23,LTC-USD,-0.0019146444151153519,Crypto,Crypto
2020-07-23,TRX-USD,-0.004957335951460196,Crypto,Crypto
2020-07-23,XLM-USD,0.005554217029969166,Crypto,Crypto
2020-07-23,XRP-USD,0.020831887554868533,Crypto,Crypto
2020-07-24,ADA-USD,-0.015229527637901752,Crypto,Crypto
2020-07-24,BCH-USD,-0.008577342404220034,Crypto,Crypto
2020-07-24,BTC-USD,-0.004611142289210002,Crypto,Crypto
2020-07-24,EOS-USD,-0.02173173565877995,Crypto,Crypto
2020-07-24,ETC-USD,-0.026783049365160627,Crypto,Crypto
2020-07-24,ETH-USD,0.01647814895460087,Crypto,Crypto
2020-07-24,LTC-USD,-0.014883757404731135,Crypto,Crypto
2020-07-24,TRX-USD,0.005317985348665122,Crypto,Crypto
2020-07-24,XLM-USD,-0.022513382832144324,Crypto,Crypto
2020-07-24,XRP-USD,-0.017000824962865146,Crypto,Crypto
2020-07-27,ADA-USD,-0.06304188599668392,Crypto,Crypto
2020-07-27,BCH-USD,0.0834730165630495,Crypto,Crypto
2020-07-27,BTC-USD,0.1096100707382146,Crypto,Crypto
2020-07-27,EOS-USD,0.04671966741267597,Crypto,Crypto
2020-07-27,ETC-USD,0.07401537451051166,Crypto,Crypto
2020-07-27,ETH-USD,0.03833595396673628,Crypto,Crypto
2020-07-27,LTC-USD,0.10361489196477502,Crypto,Crypto
2020-07-27,TRX-USD,0.007611255464010203,Crypto,Crypto
2020-07-27,XLM-USD,-0.04244828071509932,Crypto,Crypto
2020-07-27,XRP-USD,0.04042198630669658,Crypto,Crypto
2020-07-28,ADA-USD,0.07081452939213317,Crypto,Crypto
2020-07-28,BCH-USD,0.07899139890275864,Crypto,Crypto
2020-07-28,BTC-USD,-0.007101328925793737,Crypto,Crypto
2020-07-28,EOS-USD,0.05373646135305932,Crypto,Crypto
2020-07-28,ETC-USD,0.016458936220624665,Crypto,Crypto
2020-07-28,ETH-USD,-0.015106155699835644,Crypto,Crypto
2020-07-28,LTC-USD,0.049578431143705526,Crypto,Crypto
2020-07-28,TRX-USD,0.024429531219315237,Crypto,Crypto
2020-07-28,XLM-USD,0.026031048118704936,Crypto,Crypto
2020-07-28,XRP-USD,0.029529843826676228,Crypto,Crypto
2020-07-29,ADA-USD,-0.05867506437618897,Crypto,Crypto
2020-07-29,BCH-USD,-0.0006166927984643245,Crypto,Crypto
2020-07-29,BTC-USD,0.017194865809297744,Crypto,Crypto
2020-07-29,EOS-USD,0.010831415821009882,Crypto,Crypto
2020-07-29,ETC-USD,0.006077462743426132,Crypto,Crypto
2020-07-29,ETH-USD,0.004843187189946141,Crypto,Crypto
2020-07-29,LTC-USD,-0.007255070748557135,Crypto,Crypto
2020-07-29,TRX-USD,0.010615966458751513,Crypto,Crypto
2020-07-29,XLM-USD,-0.017669724567698553,Crypto,Crypto
2020-07-29,XRP-USD,0.05568077606112953,Crypto,Crypto
2020-07-30,ADA-USD,0.005068646712873992,Crypto,Crypto
2020-07-30,BCH-USD,0.013246811135131376,Crypto,Crypto
2020-07-30,BTC-USD,0.0009680757576464583,Crypto,Crypto
2020-07-30,EOS-USD,0.008366583087246582,Crypto,Crypto
2020-07-30,ETC-USD,0.011190477814338795,Crypto,Crypto
2020-07-30,ETH-USD,0.05152803741320544,Crypto,Crypto
2020-07-30,LTC-USD,0.02666402083660313,Crypto,Crypto
2020-07-30,TRX-USD,-0.0025355107406918043,Crypto,Crypto
2020-07-30,XLM-USD,0.014220046868723912,Crypto,Crypto
2020-07-30,XRP-USD,0.005853587492241408,Crypto,Crypto
2020-07-31,ADA-USD,-0.012732252988197468,Crypto,Crypto
2020-07-31,BCH-USD,0.02844113170456186,Crypto,Crypto
2020-07-31,BTC-USD,0.0191025870102548,Crypto,Crypto
2020-07-31,EOS-USD,0.013292356596070976,Crypto,Crypto
2020-07-31,ETC-USD,0.007601393801798695,Crypto,Crypto
2020-07-31,ETH-USD,0.032780799608892464,Crypto,Crypto
2020-07-31,LTC-USD,0.02392217152102427,Crypto,Crypto
2020-07-31,TRX-USD,0.020803047796037477,Crypto,Crypto
2020-07-31,XLM-USD,0.002980062606370293,Crypto,Crypto
2020-07-31,XRP-USD,0.05881681167736397,Crypto,Crypto
2020-08-03,ADA-USD,0.028688069438818742,Crypto,Crypto
2020-08-03,BCH-USD,0.044940363274720285,Crypto,Crypto
2020-08-03,BTC-USD,0.017436321777176023,Crypto,Crypto
2020-08-03,EOS-USD,0.036606539568049046,Crypto,Crypto
2020-08-03,ETC-USD,-0.0014791972812369103,Crypto,Crypto
2020-08-03,ETH-USD,0.042149003171452204,Crypto,Crypto
2020-08-03,LTC-USD,0.03226360879068624,Crypto,Crypto
2020-08-03,TRX-USD,0.04454020135039083,Crypto,Crypto
2020-08-03,XLM-USD,0.02446609379173026,Crypto,Crypto
2020-08-03,XRP-USD,0.07969714505572045,Crypto,Crypto
2020-08-04,ADA-USD,0.04138060039954872,Crypto,Crypto
2020-08-04,BCH-USD,-0.027482006288652494,Crypto,Crypto
2020-08-04,BTC-USD,-0.00359726129861071,Crypto,Crypto
2020-08-04,EOS-USD,-0.004353569281402958,Crypto,Crypto
2020-08-04,ETC-USD,-0.005021713594488997,Crypto,Crypto
2020-08-04,ETH-USD,0.009268358966418422,Crypto,Crypto
2020-08-04,LTC-USD,-0.01600591416398167,Crypto,Crypto
2020-08-04,TRX-USD,0.02338211096408349,Crypto,Crypto
2020-08-04,XLM-USD,0.04675471853330104,Crypto,Crypto
2020-08-04,XRP-USD,-0.030480118916973997,Crypto,Crypto
2020-08-05,ADA-USD,-0.002258544062707868,Crypto,Crypto
2020-08-05,BCH-USD,0.021154882395743035,Crypto,Crypto
2020-08-05,BTC-USD,0.04828976175167332,Crypto,Crypto
2020-08-05,EOS-USD,0.008184355028869827,Crypto,Crypto
2020-08-05,ETC-USD,0.01416638290933303,Crypto,Crypto
2020-08-05,ETH-USD,0.030048280137513927,Crypto,Crypto
2020-08-05,LTC-USD,0.025683557392630618,Crypto,Crypto
2020-08-05,TRX-USD,0.004864366542786325,Crypto,Crypto
2020-08-05,XLM-USD,-0.018514019389354708,Crypto,Crypto
2020-08-05,XRP-USD,0.009377883603005177,Crypto,Crypto
2020-08-06,ADA-USD,0.00948183597517116,Crypto,Crypto
2020-08-06,BCH-USD,0.04846970974755993,Crypto,Crypto
2020-08-06,BTC-USD,0.002788023660583505,Crypto,Crypto
2020-08-06,EOS-USD,0.01079468701385311,Crypto,Crypto
2020-08-06,ETC-USD,-0.01665919964221574,Crypto,Crypto
2020-08-06,ETH-USD,-0.016505944076137702,Crypto,Crypto
2020-08-06,LTC-USD,0.0026021857610520893,Crypto,Crypto
2020-08-06,TRX-USD,-0.008605910608151635,Crypto,Crypto
2020-08-06,XLM-USD,-0.013925031011010724,Crypto,Crypto
2020-08-06,XRP-USD,0.0009001291878458773,Crypto,Crypto
2020-08-07,ADA-USD,-0.03396787676874213,Crypto,Crypto
2020-08-07,BCH-USD,-0.017171012718807388,Crypto,Crypto
2020-08-07,BTC-USD,-0.01513618086086388,Crypto,Crypto
2020-08-07,EOS-USD,-0.024865464602511933,Crypto,Crypto
2020-08-07,ETC-USD,-0.032540294742352205,Crypto,Crypto
2020-08-07,ETH-USD,-0.03911540565284821,Crypto,Crypto
2020-08-07,LTC-USD,-0.0324305845744014,Crypto,Crypto
2020-08-07,TRX-USD,-0.016621500776569098,Crypto,Crypto
2020-08-07,XLM-USD,-0.031109072617890865,Crypto,Crypto
2020-08-07,XRP-USD,-0.029382357529100234,Crypto,Crypto
2020-08-10,ADA-USD,-0.009563195843712458,Crypto,Crypto
2020-08-10,BCH-USD,0.007272590588645267,Crypto,Crypto
2020-08-10,BTC-USD,0.017332698670629254,Crypto,Crypto
2020-08-10,EOS-USD,0.06764830305639902,Crypto,Crypto
2020-08-10,ETC-USD,0.0252076653714155,Crypto,Crypto
2020-08-10,ETH-USD,0.01218836889304864,Crypto,Crypto
2020-08-10,LTC-USD,0.02012310318403787,Crypto,Crypto
2020-08-10,TRX-USD,0.05099397180948895,Crypto,Crypto
2020-08-10,XLM-USD,0.008640563614031427,Crypto,Crypto
2020-08-10,XRP-USD,0.020806999100828838,Crypto,Crypto
2020-08-11,ADA-USD,-0.04462133929483347,Crypto,Crypto
2020-08-11,BCH-USD,-0.06490489326254445,Crypto,Crypto
2020-08-11,BTC-USD,-0.03936534391564839,Crypto,Crypto
2020-08-11,EOS-USD,-0.06665001332929588,Crypto,Crypto
2020-08-11,ETC-USD,-0.04258846553451956,Crypto,Crypto
2020-08-11,ETH-USD,-0.039161394722536436,Crypto,Crypto
2020-08-11,LTC-USD,-0.06694248999235675,Crypto,Crypto
2020-08-11,TRX-USD,-0.06320580139061693,Crypto,Crypto
2020-08-11,XLM-USD,-0.04775740998662048,Crypto,Crypto
2020-08-11,XRP-USD,-0.03465014819793233,Crypto,Crypto
2020-08-12,ADA-USD,-0.00027647749028691937,Crypto,Crypto
2020-08-12,BCH-USD,0.016471405152712393,Crypto,Crypto
2020-08-12,BTC-USD,0.015284938573538076,Crypto,Crypto
2020-08-12,EOS-USD,0.012420208454857029,Crypto,Crypto
2020-08-12,ETC-USD,0.008940376046176812,Crypto,Crypto
2020-08-12,ETH-USD,0.027972008335723553,Crypto,Crypto
2020-08-12,LTC-USD,0.0106963611680706,Crypto,Crypto
2020-08-12,TRX-USD,0.011608889429366442,Crypto,Crypto
2020-08-12,XLM-USD,0.012354815107024075,Crypto,Crypto
2020-08-12,XRP-USD,0.0016909170440644328,Crypto,Crypto
2020-08-13,ADA-USD,0.027998864285107006,Crypto,Crypto
2020-08-13,BCH-USD,0.041409339835249304,Crypto,Crypto
2020-08-13,BTC-USD,0.017195015111304723,Crypto,Crypto
2020-08-13,EOS-USD,0.039526068632677935,Crypto,Crypto
2020-08-13,ETC-USD,0.028609587047104368,Crypto,Crypto
2020-08-13,ETH-USD,0.09645854080361627,Crypto,Crypto
2020-08-13,LTC-USD,0.05044211584083902,Crypto,Crypto
2020-08-13,TRX-USD,0.10862634604677757,Crypto,Crypto
2020-08-13,XLM-USD,-0.0004110328299073984,Crypto,Crypto
2020-08-13,XRP-USD,0.045193618351194065,Crypto,Crypto
2020-08-14,ADA-USD,-0.020581211253629328,Crypto,Crypto
2020-08-14,BCH-USD,-0.020427420382772454,Crypto,Crypto
2020-08-14,BTC-USD,-0.0012955213149429268,Crypto,Crypto
2020-08-14,EOS-USD,0.023207696460463723,Crypto,Crypto
2020-08-14,ETC-USD,-0.019625932335849416,Crypto,Crypto
2020-08-14,ETH-USD,0.020189392691058572,Crypto,Crypto
2020-08-14,LTC-USD,-0.017114148940246543,Crypto,Crypto
2020-08-14,TRX-USD,0.09484205665816114,Crypto,Crypto
2020-08-14,XLM-USD,0.02775681769307381,Crypto,Crypto
2020-08-14,XRP-USD,0.008609546225786913,Crypto,Crypto
2020-08-17,ADA-USD,0.01768594731826245,Crypto,Crypto
2020-08-17,BCH-USD,0.030641555967260592,Crypto,Crypto
2020-08-17,BTC-USD,0.03040482644811049,Crypto,Crypto
2020-08-17,EOS-USD,-0.027740074746047005,Crypto,Crypto
2020-08-17,ETC-USD,0.017931260812570793,Crypto,Crypto
2020-08-17,ETH-USD,-0.009809825584340293,Crypto,Crypto
2020-08-17,LTC-USD,0.050159322891903946,Crypto,Crypto
2020-08-17,TRX-USD,0.07732120105777263,Crypto,Crypto
2020-08-17,XLM-USD,-0.008419190397858767,Crypto,Crypto
2020-08-17,XRP-USD,0.03715087403134998,Crypto,Crypto
2020-08-18,ADA-USD,-0.02478708585752687,Crypto,Crypto
2020-08-18,BCH-USD,-0.04136095269843576,Crypto,Crypto
2020-08-18,BTC-USD,-0.021475461465219614,Crypto,Crypto
2020-08-18,EOS-USD,-0.04838859775142357,Crypto,Crypto
2020-08-18,ETC-USD,-0.011477044262632075,Crypto,Crypto
2020-08-18,ETH-USD,-0.013647292197162653,Crypto,Crypto
2020-08-18,LTC-USD,-0.022386207089659882,Crypto,Crypto
2020-08-18,TRX-USD,-0.05215872350574491,Crypto,Crypto
2020-08-18,XLM-USD,-0.04297257011132927,Crypto,Crypto
2020-08-18,XRP-USD,-0.03640790211694411,Crypto,Crypto
2020-08-19,ADA-USD,-0.05931882327811011,Crypto,Crypto
2020-08-19,BCH-USD,-0.03772963055042711,Crypto,Crypto
2020-08-19,BTC-USD,-0.019426708460436926,Crypto,Crypto
2020-08-19,EOS-USD,-0.06736743417499225,Crypto,Crypto
2020-08-19,ETC-USD,-0.06521185125801487,Crypto,Crypto
2020-08-19,ETH-USD,-0.04061076745635395,Crypto,Crypto
2020-08-19,LTC-USD,-0.0537622433802063,Crypto,Crypto
2020-08-19,TRX-USD,-0.07867239310031704,Crypto,Crypto
2020-08-19,XLM-USD,-0.05720322584047988,Crypto,Crypto
2020-08-19,XRP-USD,-0.04306193768205968,Crypto,Crypto
2020-08-20,ADA-USD,0.03378076970336452,Crypto,Crypto
2020-08-20,BCH-USD,0.00715086527190123,Crypto,Crypto
2020-08-20,BTC-USD,0.01021312934149976,Crypto,Crypto
2020-08-20,EOS-USD,0.027934227586875915,Crypto,Crypto
2020-08-20,ETC-USD,0.023885126133025292,Crypto,Crypto
2020-08-20,ETH-USD,0.024543424978067163,Crypto,Crypto
2020-08-20,LTC-USD,0.015517030398591869,Crypto,Crypto
2020-08-20,TRX-USD,0.037984710123427856,Crypto,Crypto
2020-08-20,XLM-USD,0.04512030142926071,Crypto,Crypto
2020-08-20,XRP-USD,0.008017319982257076,Crypto,Crypto
2020-08-21,ADA-USD,-0.07394384139354315,Crypto,Crypto
2020-08-21,BCH-USD,-0.035595915083358465,Crypto,Crypto
2020-08-21,BTC-USD,-0.024067507803910648,Crypto,Crypto
2020-08-21,EOS-USD,-0.05077796672338264,Crypto,Crypto
2020-08-21,ETC-USD,-0.04465679830593783,Crypto,Crypto
2020-08-21,ETH-USD,-0.06558798361324525,Crypto,Crypto
2020-08-21,LTC-USD,-0.05697822966024546,Crypto,Crypto
2020-08-21,TRX-USD,-0.11624610016060877,Crypto,Crypto
2020-08-21,XLM-USD,-0.06285982028928483,Crypto,Crypto
2020-08-21,XRP-USD,-0.040642872793357654,Crypto,Crypto
2020-08-24,ADA-USD,0.023792103101646145,Crypto,Crypto
2020-08-24,BCH-USD,0.022350372525842932,Crypto,Crypto
2020-08-24,BTC-USD,0.00940844236539995,Crypto,Crypto
2020-08-24,EOS-USD,0.019621905600077483,Crypto,Crypto
2020-08-24,ETC-USD,0.012812108031317715,Crypto,Crypto
2020-08-24,ETH-USD,0.04282158587440188,Crypto,Crypto
2020-08-24,LTC-USD,0.025999331488550492,Crypto,Crypto
2020-08-24,TRX-USD,0.028530561427051904,Crypto,Crypto
2020-08-24,XLM-USD,0.00438619037610577,Crypto,Crypto
2020-08-24,XRP-USD,0.013416924560605725,Crypto,Crypto
2020-08-25,ADA-USD,-0.08993639583500534,Crypto,Crypto
2020-08-25,BCH-USD,-0.0498642963475715,Crypto,Crypto
2020-08-25,BTC-USD,-0.034690018052305094,Crypto,Crypto
2020-08-25,EOS-USD,-0.07434703538429421,Crypto,Crypto
2020-08-25,ETC-USD,-0.05334757193042072,Crypto,Crypto
2020-08-25,ETH-USD,-0.05915350070348824,Crypto,Crypto
2020-08-25,LTC-USD,-0.05817994571795049,Crypto,Crypto
2020-08-25,TRX-USD,-0.08071375808767944,Crypto,Crypto
2020-08-25,XLM-USD,-0.052076249569620314,Crypto,Crypto
2020-08-25,XRP-USD,-0.03902974358657296,Crypto,Crypto
2020-08-26,ADA-USD,0.01759171421158845,Crypto,Crypto
2020-08-26,BCH-USD,-0.004437079141747957,Crypto,Crypto
2020-08-26,BTC-USD,0.010753745063331488,Crypto,Crypto
2020-08-26,EOS-USD,-0.004173596896674958,Crypto,Crypto
2020-08-26,ETC-USD,-0.002642129871037069,Crypto,Crypto
2020-08-26,ETH-USD,0.006419482369232066,Crypto,Crypto
2020-08-26,LTC-USD,-0.0037980486527916524,Crypto,Crypto
2020-08-26,TRX-USD,0.02658657797173314,Crypto,Crypto
2020-08-26,XLM-USD,0.00311883703146254,Crypto,Crypto
2020-08-26,XRP-USD,-0.0015687859001854987,Crypto,Crypto
2020-08-27,ADA-USD,-0.0733920146657876,Crypto,Crypto
2020-08-27,BCH-USD,-0.039868831486821965,Crypto,Crypto
2020-08-27,BTC-USD,-0.01435938403704018,Crypto,Crypto
2020-08-27,EOS-USD,-0.046899825493988745,Crypto,Crypto
2020-08-27,ETC-USD,-0.019155089203389486,Crypto,Crypto
2020-08-27,ETH-USD,-0.00991935862142268,Crypto,Crypto
2020-08-27,LTC-USD,-0.0397057963184666,Crypto,Crypto
2020-08-27,TRX-USD,-0.027245586620644024,Crypto,Crypto
2020-08-27,XLM-USD,-0.045733505735292335,Crypto,Crypto
2020-08-27,XRP-USD,-0.04677634205282688,Crypto,Crypto
2020-08-28,ADA-USD,0.024610545294128983,Crypto,Crypto
2020-08-28,BCH-USD,0.016366741988574462,Crypto,Crypto
2020-08-28,BTC-USD,0.01934954061432026,Crypto,Crypto
2020-08-28,EOS-USD,0.047539841305489494,Crypto,Crypto
2020-08-28,ETC-USD,0.024027912683899144,Crypto,Crypto
2020-08-28,ETH-USD,0.034607699121382396,Crypto,Crypto
2020-08-28,LTC-USD,0.023436206674972926,Crypto,Crypto
2020-08-28,TRX-USD,0.03813850629404736,Crypto,Crypto
2020-08-28,XLM-USD,0.0202519157378398,Crypto,Crypto
2020-08-28,XRP-USD,0.0284865691189109,Crypto,Crypto
2020-08-31,ADA-USD,0.044713381639419625,Crypto,Crypto
2020-08-31,BCH-USD,-0.016219495085105895,Crypto,Crypto
2020-08-31,BTC-USD,-0.0026201196706430174,Crypto,Crypto
2020-08-31,EOS-USD,-0.012484449545288823,Crypto,Crypto
2020-08-31,ETC-USD,-0.011127632366244367,Crypto,Crypto
2020-08-31,ETH-USD,0.015602445733341463,Crypto,Crypto
2020-08-31,LTC-USD,-0.02569209695122665,Crypto,Crypto
2020-08-31,TRX-USD,0.0870436210175094,Crypto,Crypto
2020-08-31,XLM-USD,-0.00952702421395113,Crypto,Crypto
2020-08-31,XRP-USD,-0.004480025102545082,Crypto,Crypto
2020-09-01,ADA-USD,0.02219451682025242,Crypto,Crypto
2020-09-01,BCH-USD,0.06620672590554877,Crypto,Crypto
2020-09-01,BTC-USD,0.024797762089964426,Crypto,Crypto
2020-09-01,EOS-USD,0.07847972433611838,Crypto,Crypto
2020-09-01,ETC-USD,0.022927141704131015,Crypto,Crypto
2020-09-01,ETH-USD,0.09647005795804109,Crypto,Crypto
2020-09-01,LTC-USD,0.02894589252659774,Crypto,Crypto
2020-09-01,TRX-USD,0.179363738015635,Crypto,Crypto
2020-09-01,XLM-USD,0.021251508610343528,Crypto,Crypto
2020-09-01,XRP-USD,0.049438161603080344,Crypto,Crypto
2020-09-02,ADA-USD,-0.07812715730039366,Crypto,Crypto
2020-09-02,BCH-USD,-0.09770834423669617,Crypto,Crypto
2020-09-02,BTC-USD,-0.04648471948812871,Crypto,Crypto
2020-09-02,EOS-USD,-0.10863107384510218,Crypto,Crypto
2020-09-02,ETC-USD,-0.06577183943313647,Crypto,Crypto
2020-09-02,ETH-USD,-0.07758361882075893,Crypto,Crypto
2020-09-02,LTC-USD,-0.07606440680145876,Crypto,Crypto
2020-09-02,TRX-USD,-0.002951941996172658,Crypto,Crypto
2020-09-02,XLM-USD,-0.06771054811273058,Crypto,Crypto
2020-09-02,XRP-USD,-0.06504986791355016,Crypto,Crypto
2020-09-03,ADA-USD,-0.16831153896866424,Crypto,Crypto
2020-09-03,BCH-USD,-0.18194935687092206,Crypto,Crypto
2020-09-03,BTC-USD,-0.10239476124641311,Crypto,Crypto
2020-09-03,EOS-USD,-0.1476647022510651,Crypto,Crypto
2020-09-03,ETC-USD,-0.10223096291746536,Crypto,Crypto
2020-09-03,ETH-USD,-0.123553539238214,Crypto,Crypto
2020-09-03,LTC-USD,-0.1777211267357799,Crypto,Crypto
2020-09-03,TRX-USD,0.19566916489959318,Crypto,Crypto
2020-09-03,XLM-USD,-0.14250399991250695,Crypto,Crypto
2020-09-03,XRP-USD,-0.10808396104906903,Crypto,Crypto
2020-09-04,ADA-USD,0.06542631860302817,Crypto,Crypto
2020-09-04,BCH-USD,0.0731834609169324,Crypto,Crypto
2020-09-04,BTC-USD,0.02601355576262887,Crypto,Crypto
2020-09-04,EOS-USD,0.14048781851902636,Crypto,Crypto
2020-09-04,ETC-USD,-0.05438905587465137,Crypto,Crypto
2020-09-04,ETH-USD,0.006661656260499305,Crypto,Crypto
2020-09-04,LTC-USD,0.05940170861687255,Crypto,Crypto
2020-09-04,TRX-USD,-0.13526895534960182,Crypto,Crypto
2020-09-04,XLM-USD,0.0252368989559979,Crypto,Crypto
2020-09-04,XRP-USD,0.03772813436836908,Crypto,Crypto
2020-09-08,ADA-USD,-0.02487861563671201,Crypto,Crypto
2020-09-08,BCH-USD,-0.02656046715964555,Crypto,Crypto
2020-09-08,BTC-USD,-0.022956306264775628,Crypto,Crypto
2020-09-08,EOS-USD,-0.03331918791424748,Crypto,Crypto
2020-09-08,ETC-USD,-0.002301329236279792,Crypto,Crypto
2020-09-08,ETH-USD,-0.04273465666874776,Crypto,Crypto
2020-09-08,LTC-USD,-0.028425337574935705,Crypto,Crypto
2020-09-08,TRX-USD,0.08442798455174927,Crypto,Crypto
2020-09-08,XLM-USD,-0.014664931218161592,Crypto,Crypto
2020-09-08,XRP-USD,-0.022384722344087393,Crypto,Crypto
2020-09-09,ADA-USD,0.0256891977185969,Crypto,Crypto
2020-09-09,BCH-USD,0.00961623907103748,Crypto,Crypto
2020-09-09,BTC-USD,0.010939236349907233,Crypto,Crypto
2020-09-09,EOS-USD,-0.00012325237254329213,Crypto,Crypto
2020-09-09,ETC-USD,-0.0056494957582988725,Crypto,Crypto
2020-09-09,ETH-USD,0.04001131385125989,Crypto,Crypto
2020-09-09,LTC-USD,0.010845414184689206,Crypto,Crypto
2020-09-09,TRX-USD,-0.02788491820932748,Crypto,Crypto
2020-09-09,XLM-USD,0.014044897394406064,Crypto,Crypto
2020-09-09,XRP-USD,0.012063210333438823,Crypto,Crypto
2020-09-10,ADA-USD,0.04078244782482621,Crypto,Crypto
2020-09-10,BCH-USD,0.013515091145469782,Crypto,Crypto
2020-09-10,BTC-USD,0.011793293850096198,Crypto,Crypto
2020-09-10,EOS-USD,0.008768680633360226,Crypto,Crypto
2020-09-10,ETC-USD,0.026648096442358993,Crypto,Crypto
2020-09-10,ETH-USD,0.04839475251697656,Crypto,Crypto
2020-09-10,LTC-USD,0.01710221347498675,Crypto,Crypto
2020-09-10,TRX-USD,-0.0278617785308527,Crypto,Crypto
2020-09-10,XLM-USD,0.03431440320826207,Crypto,Crypto
2020-09-10,XRP-USD,0.016364168705652604,Crypto,Crypto
2020-09-11,ADA-USD,-0.0017189340722257862,Crypto,Crypto
2020-09-11,BCH-USD,-0.009554840304484946,Crypto,Crypto
2020-09-11,BTC-USD,0.0036452631180188266,Crypto,Crypto
2020-09-11,EOS-USD,0.0023530883642093325,Crypto,Crypto
2020-09-11,ETC-USD,0.005148255043000427,Crypto,Crypto
2020-09-11,ETH-USD,0.01791267308646205,Crypto,Crypto
2020-09-11,LTC-USD,0.00765439617829089,Crypto,Crypto
2020-09-11,TRX-USD,0.01306042094640869,Crypto,Crypto
2020-09-11,XLM-USD,0.03054441072262759,Crypto,Crypto
2020-09-11,XRP-USD,-0.000977297833901214,Crypto,Crypto
2020-09-14,ADA-USD,0.020167371003735113,Crypto,Crypto
2020-09-14,BCH-USD,0.020007719299259374,Crypto,Crypto
2020-09-14,BTC-USD,0.0345883839286778,Crypto,Crypto
2020-09-14,EOS-USD,0.006911509188169518,Crypto,Crypto
2020-09-14,ETC-USD,0.02224553777627114,Crypto,Crypto
2020-09-14,ETH-USD,0.03200167493140915,Crypto,Crypto
2020-09-14,LTC-USD,0.021305813397112017,Crypto,Crypto
2020-09-14,TRX-USD,-0.004283420009704497,Crypto,Crypto
2020-09-14,XLM-USD,0.004883763651859274,Crypto,Crypto
2020-09-14,XRP-USD,0.018717889146415922,Crypto,Crypto
2020-09-15,ADA-USD,-0.03382276796902395,Crypto,Crypto
2020-09-15,BCH-USD,0.041390292028440134,Crypto,Crypto
2020-09-15,BTC-USD,0.010871177190313608,Crypto,Crypto
2020-09-15,EOS-USD,-0.010164810767985144,Crypto,Crypto
2020-09-15,ETC-USD,0.003998211415963793,Crypto,Crypto
2020-09-15,ETH-USD,-0.0329464164811436,Crypto,Crypto
2020-09-15,LTC-USD,-0.014259969611493228,Crypto,Crypto
2020-09-15,TRX-USD,-0.08377119950078271,Crypto,Crypto
2020-09-15,XLM-USD,-0.027295765869596367,Crypto,Crypto
2020-09-15,XRP-USD,-0.010055759804848297,Crypto,Crypto
2020-09-16,ADA-USD,-0.01974416560727099,Crypto,Crypto
2020-09-16,BCH-USD,-0.016372594927655082,Crypto,Crypto
2020-09-16,BTC-USD,0.01648188444401355,Crypto,Crypto
2020-09-16,EOS-USD,0.0033689419822839906,Crypto,Crypto
2020-09-16,ETC-USD,-0.008778228747696737,Crypto,Crypto
2020-09-16,ETH-USD,0.002667157170638479,Crypto,Crypto
2020-09-16,LTC-USD,-0.009437158686195435,Crypto,Crypto
2020-09-16,TRX-USD,-0.05042827621036727,Crypto,Crypto
2020-09-16,XLM-USD,0.024828761661882304,Crypto,Crypto
2020-09-16,XRP-USD,0.016391277800428483,Crypto,Crypto
2020-09-17,ADA-USD,0.02800873583607255,Crypto,Crypto
2020-09-17,BCH-USD,0.006022958938805889,Crypto,Crypto
2020-09-17,BTC-USD,-0.0023612995663134795,Crypto,Crypto
2020-09-17,EOS-USD,0.00466879100938411,Crypto,Crypto
2020-09-17,ETC-USD,0.013806684801591862,Crypto,Crypto
2020-09-17,ETH-USD,0.06343947582272258,Crypto,Crypto
2020-09-17,LTC-USD,0.019686343407031126,Crypto,Crypto
2020-09-17,TRX-USD,0.060768463802155503,Crypto,Crypto
2020-09-17,XLM-USD,0.0028055221937159924,Crypto,Crypto
2020-09-17,XRP-USD,0.01753897180204511,Crypto,Crypto
2020-09-18,ADA-USD,-0.03328487903136523,Crypto,Crypto
2020-09-18,BCH-USD,0.004465323718954917,Crypto,Crypto
2020-09-18,BTC-USD,-0.00040225598714782596,Crypto,Crypto
2020-09-18,EOS-USD,-0.013143165924551448,Crypto,Crypto
2020-09-18,ETC-USD,-0.00032339696905070436,Crypto,Crypto
2020-09-18,ETH-USD,-0.011965201952840232,Crypto,Crypto
2020-09-18,LTC-USD,-0.008475410974780773,Crypto,Crypto
2020-09-18,TRX-USD,0.03504840199838011,Crypto,Crypto
2020-09-18,XLM-USD,-0.024408191450935313,Crypto,Crypto
2020-09-18,XRP-USD,-0.005896202724909538,Crypto,Crypto
2020-09-21,ADA-USD,-0.10068993244800217,Crypto,Crypto
2020-09-21,BCH-USD,-0.05697508757694569,Crypto,Crypto
2020-09-21,BTC-USD,-0.04351800185522625,Crypto,Crypto
2020-09-21,EOS-USD,-0.05930034787917848,Crypto,Crypto
2020-09-21,ETC-USD,-0.04642222460281886,Crypto,Crypto
2020-09-21,ETH-USD,-0.07887489895061617,Crypto,Crypto
2020-09-21,LTC-USD,-0.07877423409068396,Crypto,Crypto
2020-09-21,TRX-USD,-0.07290931290808611,Crypto,Crypto
2020-09-21,XLM-USD,-0.08659531668145282,Crypto,Crypto
2020-09-21,XRP-USD,-0.05919114623046984,Crypto,Crypto
2020-09-22,ADA-USD,0.016486823408504492,Crypto,Crypto
2020-09-22,BCH-USD,0.03052970486162976,Crypto,Crypto
2020-09-22,BTC-USD,0.0072833400259153525,Crypto,Crypto
2020-09-22,EOS-USD,0.02339816596285993,Crypto,Crypto
2020-09-22,ETC-USD,0.01997779581643422,Crypto,Crypto
2020-09-22,ETH-USD,0.00794971555350954,Crypto,Crypto
2020-09-22,LTC-USD,0.026614916928993537,Crypto,Crypto
2020-09-22,TRX-USD,0.0018000577592107714,Crypto,Crypto
2020-09-22,XLM-USD,0.018160520216034426,Crypto,Crypto
2020-09-22,XRP-USD,0.00550970288121766,Crypto,Crypto
2020-09-23,ADA-USD,-0.06104903053321853,Crypto,Crypto
2020-09-23,BCH-USD,-0.05506928042352921,Crypto,Crypto
2020-09-23,BTC-USD,-0.027733979972724532,Crypto,Crypto
2020-09-23,EOS-USD,-0.048320844001012,Crypto,Crypto
2020-09-23,ETC-USD,-0.01953824178658159,Crypto,Crypto
2020-09-23,ETH-USD,-0.06788579355602253,Crypto,Crypto
2020-09-23,LTC-USD,-0.0333899763959169,Crypto,Crypto
2020-09-23,TRX-USD,-0.007386990118178005,Crypto,Crypto
2020-09-23,XLM-USD,-0.06130274980200645,Crypto,Crypto
2020-09-23,XRP-USD,-0.0522498539677676,Crypto,Crypto
2020-09-24,ADA-USD,0.07886620877214345,Crypto,Crypto
2020-09-24,BCH-USD,0.04073974455555929,Crypto,Crypto
2020-09-24,BTC-USD,0.050153282066164984,Crypto,Crypto
2020-09-24,EOS-USD,0.03704539762258041,Crypto,Crypto
2020-09-24,ETC-USD,0.028257909692035676,Crypto,Crypto
2020-09-24,ETH-USD,0.08794099866959249,Crypto,Crypto
2020-09-24,LTC-USD,0.046035128814957416,Crypto,Crypto
2020-09-24,TRX-USD,0.05366267263316549,Crypto,Crypto
2020-09-24,XLM-USD,0.04137688542717677,Crypto,Crypto
2020-09-24,XRP-USD,0.05281596455315252,Crypto,Crypto
2020-09-25,ADA-USD,0.16938548028835387,Crypto,Crypto
2020-09-25,BCH-USD,0.0011446863684163588,Crypto,Crypto
2020-09-25,BTC-USD,-0.006259218747560857,Crypto,Crypto
2020-09-25,EOS-USD,0.004315332194880561,Crypto,Crypto
2020-09-25,ETC-USD,-0.0038983356988159246,Crypto,Crypto
2020-09-25,ETH-USD,0.008093951580075087,Crypto,Crypto
2020-09-25,LTC-USD,0.023233986012280328,Crypto,Crypto
2020-09-25,TRX-USD,0.03657463309596043,Crypto,Crypto
2020-09-25,XLM-USD,0.058107114292980544,Crypto,Crypto
2020-09-25,XRP-USD,0.038715379856289145,Crypto,Crypto
2020-09-28,ADA-USD,-0.006121220542614547,Crypto,Crypto
2020-09-28,BCH-USD,-0.011626808980393033,Crypto,Crypto
2020-09-28,BTC-USD,-0.006089609852421796,Crypto,Crypto
2020-09-28,EOS-USD,-0.007792057625287785,Crypto,Crypto
2020-09-28,ETC-USD,-0.00350670586815216,Crypto,Crypto
2020-09-28,ETH-USD,-0.006376154798124589,Crypto,Crypto
2020-09-28,LTC-USD,-0.015971481778724095,Crypto,Crypto
2020-09-28,TRX-USD,-0.010530680473876397,Crypto,Crypto
2020-09-28,XLM-USD,0.0027817763929682826,Crypto,Crypto
2020-09-28,XRP-USD,-0.0036785928338890495,Crypto,Crypto
2020-09-29,ADA-USD,0.005105949865949144,Crypto,Crypto
2020-09-29,BCH-USD,0.012485518260233253,Crypto,Crypto
2020-09-29,BTC-USD,0.012604356977915954,Crypto,Crypto
2020-09-29,EOS-USD,0.011922119098355166,Crypto,Crypto
2020-09-29,ETC-USD,-0.00162767522213636,Crypto,Crypto
2020-09-29,ETH-USD,0.012946190125610713,Crypto,Crypto
2020-09-29,LTC-USD,0.009723640234983622,Crypto,Crypto
2020-09-29,TRX-USD,-0.0003420997091798661,Crypto,Crypto
2020-09-29,XLM-USD,0.008158760379041397,Crypto,Crypto
2020-09-29,XRP-USD,0.00543697512747765,Crypto,Crypto
2020-09-30,ADA-USD,-0.001176116788132009,Crypto,Crypto
2020-09-30,BCH-USD,-0.004246016107099515,Crypto,Crypto
2020-09-30,BTC-USD,-0.00554646448346463,Crypto,Crypto
2020-09-30,EOS-USD,-0.006856902643096019,Crypto,Crypto
2020-09-30,ETC-USD,-0.003911381551944593,Crypto,Crypto
2020-09-30,ETH-USD,0.0005016740848944323,Crypto,Crypto
2020-09-30,LTC-USD,0.012553295237917483,Crypto,Crypto
2020-09-30,TRX-USD,-0.009163505894776103,Crypto,Crypto
2020-09-30,XLM-USD,0.009225796817213139,Crypto,Crypto
2020-09-30,XRP-USD,-0.0057282981925975696,Crypto,Crypto
2020-10-01,ADA-USD,-0.03163404085662436,Crypto,Crypto
2020-10-01,BCH-USD,-0.0025725133904207498,Crypto,Crypto
2020-10-01,BTC-USD,-0.015303370300178809,Crypto,Crypto
2020-10-01,EOS-USD,-0.014710072341459823,Crypto,Crypto
2020-10-01,ETC-USD,-0.013520738562162515,Crypto,Crypto
2020-10-01,ETH-USD,-0.01870312835433363,Crypto,Crypto
2020-10-01,LTC-USD,-0.001249753208292237,Crypto,Crypto
2020-10-01,TRX-USD,-0.01776735755632164,Crypto,Crypto
2020-10-01,XLM-USD,-0.022078409735542426,Crypto,Crypto
2020-10-01,XRP-USD,-0.014620497539420074,Crypto,Crypto
2020-10-02,ADA-USD,-0.05051853726371347,Crypto,Crypto
2020-10-02,BCH-USD,-0.03252759551118167,Crypto,Crypto
2020-10-02,BTC-USD,-0.00409414143543152,Crypto,Crypto
2020-10-02,EOS-USD,-0.024217932578820434,Crypto,Crypto
2020-10-02,ETC-USD,-0.02486077528886288,Crypto,Crypto
2020-10-02,ETH-USD,-0.01972498177140869,Crypto,Crypto
2020-10-02,LTC-USD,-0.030002780704546206,Crypto,Crypto
2020-10-02,TRX-USD,0.012736370947858955,Crypto,Crypto
2020-10-02,XLM-USD,-0.028357862453645133,Crypto,Crypto
2020-10-02,XRP-USD,-0.01734321035836739,Crypto,Crypto
2020-10-05,ADA-USD,0.01241330352523784,Crypto,Crypto
2020-10-05,BCH-USD,0.002971775370779195,Crypto,Crypto
2020-10-05,BTC-USD,0.01159903211277169,Crypto,Crypto
2020-10-05,EOS-USD,0.0011686315948828963,Crypto,Crypto
2020-10-05,ETC-USD,-0.010405945473473732,Crypto,Crypto
2020-10-05,ETH-USD,0.003907711634822508,Crypto,Crypto
2020-10-05,LTC-USD,-0.007851009512884755,Crypto,Crypto
2020-10-05,TRX-USD,0.0031106972684737944,Crypto,Crypto
2020-10-05,XLM-USD,0.006360082574760506,Crypto,Crypto
2020-10-05,XRP-USD,0.012641004835860947,Crypto,Crypto
2020-10-06,ADA-USD,-0.0485524361421904,Crypto,Crypto
2020-10-06,BCH-USD,-0.009085099321137768,Crypto,Crypto
2020-10-06,BTC-USD,-0.017504646058134066,Crypto,Crypto
2020-10-06,EOS-USD,0.06484047407161597,Crypto,Crypto
2020-10-06,ETC-USD,0.026278993324556632,Crypto,Crypto
2020-10-06,ETH-USD,-0.03712580364145024,Crypto,Crypto
2020-10-06,LTC-USD,-0.008146477467783408,Crypto,Crypto
2020-10-06,TRX-USD,-0.03263626372682016,Crypto,Crypto
2020-10-06,XLM-USD,-0.01250358859649825,Crypto,Crypto
2020-10-06,XRP-USD,-0.02182869082037664,Crypto,Crypto
2020-10-07,ADA-USD,0.010688734754018325,Crypto,Crypto
2020-10-07,BCH-USD,0.014726963045491814,Crypto,Crypto
2020-10-07,BTC-USD,0.0060882710901424275,Crypto,Crypto
2020-10-07,EOS-USD,-0.017456352258207186,Crypto,Crypto
2020-10-07,ETC-USD,-0.013006203502829328,Crypto,Crypto
2020-10-07,ETH-USD,0.0029130036979352347,Crypto,Crypto
2020-10-07,LTC-USD,0.014677435129534455,Crypto,Crypto
2020-10-07,TRX-USD,-0.004026604805682732,Crypto,Crypto
2020-10-07,XLM-USD,-0.002758526712636322,Crypto,Crypto
2020-10-07,XRP-USD,0.013034909656840954,Crypto,Crypto
2020-10-08,ADA-USD,0.02507461899375385,Crypto,Crypto
2020-10-08,BCH-USD,0.04634919181312491,Crypto,Crypto
2020-10-08,BTC-USD,0.023124708925124526,Crypto,Crypto
2020-10-08,EOS-USD,-0.013745787759198325,Crypto,Crypto
2020-10-08,ETC-USD,0.0010818782445636277,Crypto,Crypto
2020-10-08,ETH-USD,0.02620615039517382,Crypto,Crypto
2020-10-08,LTC-USD,0.011956573724233532,Crypto,Crypto
2020-10-08,TRX-USD,0.0076147145825442575,Crypto,Crypto
2020-10-08,XLM-USD,0.010981880191375248,Crypto,Crypto
2020-10-08,XRP-USD,0.011728521263348224,Crypto,Crypto
2020-10-09,ADA-USD,0.06004035705322064,Crypto,Crypto
2020-10-09,BCH-USD,0.01602479633943621,Crypto,Crypto
2020-10-09,BTC-USD,0.013629236597062944,Crypto,Crypto
2020-10-09,EOS-USD,0.01365068135096048,Crypto,Crypto
2020-10-09,ETC-USD,0.01806602780704325,Crypto,Crypto
2020-10-09,ETH-USD,0.042262747082040475,Crypto,Crypto
2020-10-09,LTC-USD,0.013015576407040985,Crypto,Crypto
2020-10-09,TRX-USD,0.021502882053586747,Crypto,Crypto
2020-10-09,XLM-USD,0.028031999934764684,Crypto,Crypto
2020-10-09,XRP-USD,0.008100959111081218,Crypto,Crypto
2020-10-12,ADA-USD,0.03281457090730666,Crypto,Crypto
2020-10-12,BCH-USD,0.0006054624169868905,Crypto,Crypto
2020-10-12,BTC-USD,0.01503679807902314,Crypto,Crypto
2020-10-12,EOS-USD,-0.004957622774433013,Crypto,Crypto
2020-10-12,ETC-USD,0.004573737375154652,Crypto,Crypto
2020-10-12,ETH-USD,0.033558494889834645,Crypto,Crypto
2020-10-12,LTC-USD,0.00031373103429355176,Crypto,Crypto
2020-10-12,TRX-USD,0.023236511252229253,Crypto,Crypto
2020-10-12,XLM-USD,0.005878635292206225,Crypto,Crypto
2020-10-12,XRP-USD,0.002842955881622755,Crypto,Crypto
2020-10-13,ADA-USD,-0.01074211059705199,Crypto,Crypto
2020-10-13,BCH-USD,0.05719112121117442,Crypto,Crypto
2020-10-13,BTC-USD,-0.011203790312466544,Crypto,Crypto
2020-10-13,EOS-USD,-0.002017797762054352,Crypto,Crypto
2020-10-13,ETC-USD,-0.019615988567000198,Crypto,Crypto
2020-10-13,ETH-USD,-0.01686863418993423,Crypto,Crypto
2020-10-13,LTC-USD,-0.015828073985127422,Crypto,Crypto
2020-10-13,TRX-USD,-0.010855915779442227,Crypto,Crypto
2020-10-13,XLM-USD,-0.017223910452238922,Crypto,Crypto
2020-10-13,XRP-USD,-0.0004796104545085056,Crypto,Crypto
2020-10-14,ADA-USD,-0.014285413119406676,Crypto,Crypto
2020-10-14,BCH-USD,0.022100877994924994,Crypto,Crypto
2020-10-14,BTC-USD,0.0003157232305546209,Crypto,Crypto
2020-10-14,EOS-USD,-0.012240903871044484,Crypto,Crypto
2020-10-14,ETC-USD,0.0047711557431631135,Crypto,Crypto
2020-10-14,ETH-USD,-0.0044773541995790644,Crypto,Crypto
2020-10-14,LTC-USD,-0.0018852490509401187,Crypto,Crypto
2020-10-14,TRX-USD,0.0014558781584761427,Crypto,Crypto
2020-10-14,XLM-USD,-0.027008977976845983,Crypto,Crypto
2020-10-14,XRP-USD,-0.02682165893693511,Crypto,Crypto
2020-10-15,ADA-USD,-0.006169850206511174,Crypto,Crypto
2020-10-15,BCH-USD,0.00868761221798442,Crypto,Crypto
2020-10-15,BTC-USD,0.005760771167350187,Crypto,Crypto
2020-10-15,EOS-USD,-0.006417520140997057,Crypto,Crypto
2020-10-15,ETC-USD,-0.009302845316104591,Crypto,Crypto
2020-10-15,ETH-USD,-0.005381532815657342,Crypto,Crypto
2020-10-15,LTC-USD,-0.007144279487237948,Crypto,Crypto
2020-10-15,TRX-USD,-0.01084725046165158,Crypto,Crypto
2020-10-15,XLM-USD,-0.0032577422782832377,Crypto,Crypto
2020-10-15,XRP-USD,-0.0140630574166144,Crypto,Crypto
2020-10-16,ADA-USD,-0.02411022904972626,Crypto,Crypto
2020-10-16,BCH-USD,-0.04231052807016422,Crypto,Crypto
2020-10-16,BTC-USD,-0.01506927308750361,Crypto,Crypto
2020-10-16,EOS-USD,-0.020750440547094406,Crypto,Crypto
2020-10-16,ETC-USD,-0.028641002747265,Crypto,Crypto
2020-10-16,ETH-USD,-0.02970743726519065,Crypto,Crypto
2020-10-16,LTC-USD,-0.03632013124494937,Crypto,Crypto
2020-10-16,TRX-USD,-0.030034730862315007,Crypto,Crypto
2020-10-16,XLM-USD,0.06295162370448049,Crypto,Crypto
2020-10-16,XRP-USD,-0.022350954155390568,Crypto,Crypto
2020-10-19,ADA-USD,0.012003227835705177,Crypto,Crypto
2020-10-19,BCH-USD,0.003593214872746886,Crypto,Crypto
2020-10-19,BTC-USD,0.02252631185070797,Crypto,Crypto
2020-10-19,EOS-USD,0.013236968380109904,Crypto,Crypto
2020-10-19,ETC-USD,-0.0001767573409304779,Crypto,Crypto
2020-10-19,ETH-USD,0.004552780347713448,Crypto,Crypto
2020-10-19,LTC-USD,0.010066667318210154,Crypto,Crypto
2020-10-19,TRX-USD,-0.002891710625839039,Crypto,Crypto
2020-10-19,XLM-USD,0.071627045933776,Crypto,Crypto
2020-10-19,XRP-USD,0.0154360585022435,Crypto,Crypto
2020-10-20,ADA-USD,-0.05689334845246041,Crypto,Crypto
2020-10-20,BCH-USD,-0.03136791130796435,Crypto,Crypto
2020-10-20,BTC-USD,0.014843919324981414,Crypto,Crypto
2020-10-20,EOS-USD,-0.01982659336241055,Crypto,Crypto
2020-10-20,ETC-USD,-0.023854862412179823,Crypto,Crypto
2020-10-20,ETH-USD,-0.02842246378033897,Crypto,Crypto
2020-10-20,LTC-USD,-0.021786060924548045,Crypto,Crypto
2020-10-20,TRX-USD,0.005838871295119841,Crypto,Crypto
2020-10-20,XLM-USD,-0.050944827737495646,Crypto,Crypto
2020-10-20,XRP-USD,-0.009720977332077663,Crypto,Crypto
2020-10-21,ADA-USD,0.03603137190590178,Crypto,Crypto
2020-10-21,BCH-USD,0.06452264342739111,Crypto,Crypto
2020-10-21,BTC-USD,0.07614375520341321,Crypto,Crypto
2020-10-21,EOS-USD,0.03311390124607594,Crypto,Crypto
2020-10-21,ETC-USD,0.0533340505346267,Crypto,Crypto
2020-10-21,ETH-USD,0.06245127472350509,Crypto,Crypto
2020-10-21,LTC-USD,0.1273999940814705,Crypto,Crypto
2020-10-21,TRX-USD,0.02725668857320329,Crypto,Crypto
2020-10-21,XLM-USD,0.03552263463922167,Crypto,Crypto
2020-10-21,XRP-USD,0.03301676682731647,Crypto,Crypto
2020-10-22,ADA-USD,0.04129509187999192,Crypto,Crypto
2020-10-22,BCH-USD,0.030783710931145514,Crypto,Crypto
2020-10-22,BTC-USD,0.011089019970212055,Crypto,Crypto
2020-10-22,EOS-USD,0.01992352809211817,Crypto,Crypto
2020-10-22,ETC-USD,0.046780478382212776,Crypto,Crypto
2020-10-22,ETH-USD,0.055032023655851914,Crypto,Crypto
2020-10-22,LTC-USD,0.023035896189389504,Crypto,Crypto
2020-10-22,TRX-USD,0.012012983935008492,Crypto,Crypto
2020-10-22,XLM-USD,0.017904071060292015,Crypto,Crypto
2020-10-22,XRP-USD,0.020634746916839752,Crypto,Crypto
2020-10-23,ADA-USD,-0.02251022406388148,Crypto,Crypto
2020-10-23,BCH-USD,0.01441814522247764,Crypto,Crypto
2020-10-23,BTC-USD,-0.0026494544392426933,Crypto,Crypto
2020-10-23,EOS-USD,-0.012207199314530959,Crypto,Crypto
2020-10-23,ETC-USD,-0.024509515707078378,Crypto,Crypto
2020-10-23,ETH-USD,-0.009682330208334755,Crypto,Crypto
2020-10-23,LTC-USD,0.017900523420724346,Crypto,Crypto
2020-10-23,TRX-USD,-0.012979761831864223,Crypto,Crypto
2020-10-23,XLM-USD,-0.017413198290979426,Crypto,Crypto
2020-10-23,XRP-USD,-0.007507589927043146,Crypto,Crypto
2020-10-26,ADA-USD,-0.030596832464749313,Crypto,Crypto
2020-10-26,BCH-USD,-0.04167355737779288,Crypto,Crypto
2020-10-26,BTC-USD,0.003382214014740148,Crypto,Crypto
2020-10-26,EOS-USD,-0.02444130135809297,Crypto,Crypto
2020-10-26,ETC-USD,-0.01757988773865038,Crypto,Crypto
2020-10-26,ETH-USD,-0.030351866854822607,Crypto,Crypto
2020-10-26,LTC-USD,-0.03287652815145614,Crypto,Crypto
2020-10-26,TRX-USD,-0.006422892852850359,Crypto,Crypto
2020-10-26,XLM-USD,-0.026893437874268566,Crypto,Crypto
2020-10-26,XRP-USD,-0.017870295458627394,Crypto,Crypto
2020-10-27,ADA-USD,-0.002618908331704306,Crypto,Crypto
2020-10-27,BCH-USD,0.018310834019770406,Crypto,Crypto
2020-10-27,BTC-USD,0.04427990207523247,Crypto,Crypto
2020-10-27,EOS-USD,0.013541491020730323,Crypto,Crypto
2020-10-27,ETC-USD,0.0006455464468875238,Crypto,Crypto
2020-10-27,ETH-USD,0.025663961040470307,Crypto,Crypto
2020-10-27,LTC-USD,0.018860863436111597,Crypto,Crypto
2020-10-27,TRX-USD,0.007435964698412123,Crypto,Crypto
2020-10-27,XLM-USD,0.011148566453703435,Crypto,Crypto
2020-10-27,XRP-USD,0.01693283829770076,Crypto,Crypto
2020-10-28,ADA-USD,-0.03744151054625222,Crypto,Crypto
2020-10-28,BCH-USD,0.014932695985938826,Crypto,Crypto
2020-10-28,BTC-USD,-0.02804507535445777,Crypto,Crypto
2020-10-28,EOS-USD,-0.003562979485997708,Crypto,Crypto
2020-10-28,ETC-USD,-0.03197008569239124,Crypto,Crypto
2020-10-28,ETH-USD,-0.037986127241859236,Crypto,Crypto
2020-10-28,LTC-USD,-0.03586443004484452,Crypto,Crypto
2020-10-28,TRX-USD,-0.004042881529456754,Crypto,Crypto
2020-10-28,XLM-USD,-0.03932326298075317,Crypto,Crypto
2020-10-28,XRP-USD,-0.027813431768200392,Crypto,Crypto
2020-10-29,ADA-USD,-0.036382187077420025,Crypto,Crypto
2020-10-29,BCH-USD,-0.005339700934464675,Crypto,Crypto
2020-10-29,BTC-USD,0.012553242153156674,Crypto,Crypto
2020-10-29,EOS-USD,-0.010058322680030374,Crypto,Crypto
2020-10-29,ETC-USD,0.022340462907042724,Crypto,Crypto
2020-10-29,ETH-USD,-0.004941851425972588,Crypto,Crypto
2020-10-29,LTC-USD,-0.017520880146640883,Crypto,Crypto
2020-10-29,TRX-USD,-0.013481355305313025,Crypto,Crypto
2020-10-29,XLM-USD,-0.01449256951738831,Crypto,Crypto
2020-10-29,XRP-USD,-0.014520184917066192,Crypto,Crypto
2020-10-30,ADA-USD,-0.0210430312901575,Crypto,Crypto
2020-10-30,BCH-USD,-0.01957617354023189,Crypto,Crypto
2020-10-30,BTC-USD,0.00808458072996765,Crypto,Crypto
2020-10-30,EOS-USD,-0.046590947236821445,Crypto,Crypto
2020-10-30,ETC-USD,-0.02605318236573928,Crypto,Crypto
2020-10-30,ETH-USD,-0.010110735385608915,Crypto,Crypto
2020-10-30,LTC-USD,-0.016996365419523096,Crypto,Crypto
2020-10-30,TRX-USD,-0.032616049687414495,Crypto,Crypto
2020-10-30,XLM-USD,-0.008908702037003113,Crypto,Crypto
2020-10-30,XRP-USD,-0.012839678767872953,Crypto,Crypto
2020-11-02,ADA-USD,-0.06165156954844009,Crypto,Crypto
2020-11-02,BCH-USD,-0.038706352000834054,Crypto,Crypto
2020-11-02,BTC-USD,-0.013585108198026608,Crypto,Crypto
2020-11-02,EOS-USD,-0.032309076087843835,Crypto,Crypto
2020-11-02,ETC-USD,-0.04946946063522817,Crypto,Crypto
2020-11-02,ETH-USD,-0.033306859903456054,Crypto,Crypto
2020-11-02,LTC-USD,-0.03184416758704145,Crypto,Crypto
2020-11-02,TRX-USD,-0.050297355691156675,Crypto,Crypto
2020-11-02,XLM-USD,-0.03590819412902457,Crypto,Crypto
2020-11-02,XRP-USD,-0.01824874488146777,Crypto,Crypto
2020-11-03,ADA-USD,0.014010824094396579,Crypto,Crypto
2020-11-03,BCH-USD,-0.050749947792575134,Crypto,Crypto
2020-11-03,BTC-USD,0.02950532012761009,Crypto,Crypto
2020-11-03,EOS-USD,-0.02863805878648651,Crypto,Crypto
2020-11-03,ETC-USD,-0.0208252970638092,Crypto,Crypto
2020-11-03,ETH-USD,0.011602130737028649,Crypto,Crypto
2020-11-03,LTC-USD,3.9764869828484706e-05,Crypto,Crypto
2020-11-03,TRX-USD,-0.0006957951241282068,Crypto,Crypto
2020-11-03,XLM-USD,-0.004612742620247023,Crypto,Crypto
2020-11-03,XRP-USD,0.017368874517084576,Crypto,Crypto
2020-11-04,ADA-USD,0.020709861704865107,Crypto,Crypto
2020-11-04,BCH-USD,-0.01235624818793668,Crypto,Crypto
2020-11-04,BTC-USD,0.013147117963686394,Crypto,Crypto
2020-11-04,EOS-USD,-0.004956326425221591,Crypto,Crypto
2020-11-04,ETC-USD,0.0022681798475638892,Crypto,Crypto
2020-11-04,ETH-USD,0.03751223924387381,Crypto,Crypto
2020-11-04,LTC-USD,0.012625163102134795,Crypto,Crypto
2020-11-04,TRX-USD,-0.009010439235168088,Crypto,Crypto
2020-11-04,XLM-USD,-0.009533767619954392,Crypto,Crypto
2020-11-04,XRP-USD,-0.007168807989227366,Crypto,Crypto
2020-11-05,ADA-USD,0.017039015997470708,Crypto,Crypto
2020-11-05,BCH-USD,0.034907384825708876,Crypto,Crypto
2020-11-05,BTC-USD,0.10231863433740651,Crypto,Crypto
2020-11-05,EOS-USD,0.04041104071650614,Crypto,Crypto
2020-11-05,ETC-USD,0.046831484462871886,Crypto,Crypto
2020-11-05,ETH-USD,0.02965458483467409,Crypto,Crypto
2020-11-05,LTC-USD,0.07668738559657218,Crypto,Crypto
2020-11-05,TRX-USD,0.03165811517345207,Crypto,Crypto
2020-11-05,XLM-USD,0.07483272326396428,Crypto,Crypto
2020-11-05,XRP-USD,0.033571211663002254,Crypto,Crypto
2020-11-06,ADA-USD,0.12486340397074458,Crypto,Crypto
2020-11-06,BCH-USD,0.03275077008643512,Crypto,Crypto
2020-11-06,BTC-USD,-0.0008965281862933772,Crypto,Crypto
2020-11-06,EOS-USD,0.03717052834465795,Crypto,Crypto
2020-11-06,ETC-USD,0.051715465547711004,Crypto,Crypto
2020-11-06,ETH-USD,0.0981771366329065,Crypto,Crypto
2020-11-06,LTC-USD,0.07588152448255836,Crypto,Crypto
2020-11-06,TRX-USD,0.044187117557814126,Crypto,Crypto
2020-11-06,XLM-USD,0.04613663570706783,Crypto,Crypto
2020-11-06,XRP-USD,0.051546925538088706,Crypto,Crypto
2020-11-09,ADA-USD,-0.012155192004040694,Crypto,Crypto
2020-11-09,BCH-USD,-0.024811659230741023,Crypto,Crypto
2020-11-09,BTC-USD,-0.009512665921690977,Crypto,Crypto
2020-11-09,EOS-USD,-0.0158379553656256,Crypto,Crypto
2020-11-09,ETC-USD,-0.027929869047314315,Crypto,Crypto
2020-11-09,ETH-USD,-0.02070692244149086,Crypto,Crypto
2020-11-09,LTC-USD,-0.027698973596979037,Crypto,Crypto
2020-11-09,TRX-USD,-0.02184115694457467,Crypto,Crypto
2020-11-09,XLM-USD,-0.022823696790296277,Crypto,Crypto
2020-11-09,XRP-USD,-0.012565987217835417,Crypto,Crypto
2020-11-10,ADA-USD,0.004557357339683321,Crypto,Crypto
2020-11-10,BCH-USD,-0.025113581976707877,Crypto,Crypto
2020-11-10,BTC-USD,-0.0027010327388199418,Crypto,Crypto
2020-11-10,EOS-USD,8.394402612355023e-06,Crypto,Crypto
2020-11-10,ETC-USD,0.017734298518327307,Crypto,Crypto
2020-11-10,ETH-USD,0.01242014836129579,Crypto,Crypto
2020-11-10,LTC-USD,-0.018976877224264443,Crypto,Crypto
2020-11-10,TRX-USD,0.0024585775219545525,Crypto,Crypto
2020-11-10,XLM-USD,0.0018951631680597103,Crypto,Crypto
2020-11-10,XRP-USD,0.01261417826886535,Crypto,Crypto
2020-11-11,ADA-USD,0.001512227352802098,Crypto,Crypto
2020-11-11,BCH-USD,-0.0008949467466959904,Crypto,Crypto
2020-11-11,BTC-USD,0.02684194109497806,Crypto,Crypto
2020-11-11,EOS-USD,0.0015760358605869662,Crypto,Crypto
2020-11-11,ETC-USD,-0.006462478844848185,Crypto,Crypto
2020-11-11,ETH-USD,0.029534169495399443,Crypto,Crypto
2020-11-11,LTC-USD,0.021939309222700265,Crypto,Crypto
2020-11-11,TRX-USD,0.007317502596597247,Crypto,Crypto
2020-11-11,XLM-USD,0.010823258900017452,Crypto,Crypto
2020-11-11,XRP-USD,0.009247357843264359,Crypto,Crypto
2020-11-12,ADA-USD,-0.013589425456298376,Crypto,Crypto
2020-11-12,BCH-USD,0.010501038709695099,Crypto,Crypto
2020-11-12,BTC-USD,0.03662132734990031,Crypto,Crypto
2020-11-12,EOS-USD,-0.016600624050813972,Crypto,Crypto
2020-11-12,ETC-USD,-0.011326312665252525,Crypto,Crypto
2020-11-12,ETH-USD,-0.004223386354289427,Crypto,Crypto
2020-11-12,LTC-USD,0.014287977803171259,Crypto,Crypto
2020-11-12,TRX-USD,-0.004669920608227129,Crypto,Crypto
2020-11-12,XLM-USD,-0.00032224416375659093,Crypto,Crypto
2020-11-12,XRP-USD,-0.005291543706115842,Crypto,Crypto
2020-11-13,ADA-USD,0.017852168505652743,Crypto,Crypto
2020-11-13,BCH-USD,-0.0025007540670287653,Crypto,Crypto
2020-11-13,BTC-USD,0.002547552717421464,Crypto,Crypto
2020-11-13,EOS-USD,0.05511935858109496,Crypto,Crypto
2020-11-13,ETC-USD,0.01984748680531445,Crypto,Crypto
2020-11-13,ETH-USD,0.029546635124694687,Crypto,Crypto
2020-11-13,LTC-USD,0.0843500002717319,Crypto,Crypto
2020-11-13,TRX-USD,0.018767324347640946,Crypto,Crypto
2020-11-13,XLM-USD,0.02047953750353182,Crypto,Crypto
2020-11-13,XRP-USD,0.040360453050785505,Crypto,Crypto
2020-11-16,ADA-USD,0.034586344576708505,Crypto,Crypto
2020-11-16,BCH-USD,0.03633982044208928,Crypto,Crypto
2020-11-16,BTC-USD,0.04766502135260464,Crypto,Crypto
2020-11-16,EOS-USD,0.031166595684609,Crypto,Crypto
2020-11-16,ETC-USD,0.056627807867315916,Crypto,Crypto
2020-11-16,ETH-USD,0.027663890831452376,Crypto,Crypto
2020-11-16,LTC-USD,0.14525268052029894,Crypto,Crypto
2020-11-16,TRX-USD,0.0073596072178470084,Crypto,Crypto
2020-11-16,XLM-USD,0.019951696585968515,Crypto,Crypto
2020-11-16,XRP-USD,0.05888545621177754,Crypto,Crypto
2020-11-17,ADA-USD,0.05376513005242156,Crypto,Crypto
2020-11-17,BCH-USD,0.020585453820316957,Crypto,Crypto
2020-11-17,BTC-USD,0.05559276937282975,Crypto,Crypto
2020-11-17,EOS-USD,0.05294985732670221,Crypto,Crypto
2020-11-17,ETC-USD,0.08543306651955818,Crypto,Crypto
2020-11-17,ETH-USD,0.044396563964784974,Crypto,Crypto
2020-11-17,LTC-USD,0.06345619804053415,Crypto,Crypto
2020-11-17,TRX-USD,0.0340677910845113,Crypto,Crypto
2020-11-17,XLM-USD,0.0510281439187692,Crypto,Crypto
2020-11-17,XRP-USD,0.059148301944969006,Crypto,Crypto
2020-11-18,ADA-USD,-0.02916970281224751,Crypto,Crypto
2020-11-18,BCH-USD,-0.03197353063899899,Crypto,Crypto
2020-11-18,BTC-USD,0.008988152900985202,Crypto,Crypto
2020-11-18,EOS-USD,-0.02592236625929889,Crypto,Crypto
2020-11-18,ETC-USD,0.05125493403629777,Crypto,Crypto
2020-11-18,ETH-USD,-0.001823646722940775,Crypto,Crypto
2020-11-18,LTC-USD,-0.02844212872951213,Crypto,Crypto
2020-11-18,TRX-USD,0.013374690418278101,Crypto,Crypto
2020-11-18,XLM-USD,-0.028579760509819696,Crypto,Crypto
2020-11-18,XRP-USD,-0.02706943018069441,Crypto,Crypto
2020-11-19,ADA-USD,-0.005046855758096602,Crypto,Crypto
2020-11-19,BCH-USD,-0.003463707205878075,Crypto,Crypto
2020-11-19,BTC-USD,0.0007348899162549216,Crypto,Crypto
2020-11-19,EOS-USD,-0.0021140719851212575,Crypto,Crypto
2020-11-19,ETC-USD,-0.0232708457324472,Crypto,Crypto
2020-11-19,ETH-USD,-0.016379350617824917,Crypto,Crypto
2020-11-19,LTC-USD,0.10840271434609994,Crypto,Crypto
2020-11-19,TRX-USD,-0.03802852953954294,Crypto,Crypto
2020-11-19,XLM-USD,0.0034802940312930186,Crypto,Crypto
2020-11-19,XRP-USD,0.032438142013757165,Crypto,Crypto
2020-11-20,ADA-USD,0.11675135656080537,Crypto,Crypto
2020-11-20,BCH-USD,0.05110165360187113,Crypto,Crypto
2020-11-20,BTC-USD,0.045137820846602006,Crypto,Crypto
2020-11-20,EOS-USD,0.05285343237328233,Crypto,Crypto
2020-11-20,ETC-USD,0.02201369776630302,Crypto,Crypto
2020-11-20,ETH-USD,0.08081356321758748,Crypto,Crypto
2020-11-20,LTC-USD,0.011011781505004148,Crypto,Crypto
2020-11-20,TRX-USD,0.018138159010356647,Crypto,Crypto
2020-11-20,XLM-USD,0.052451531846112065,Crypto,Crypto
2020-11-20,XRP-USD,0.08000228791283481,Crypto,Crypto
2020-11-23,ADA-USD,0.06044492051667372,Crypto,Crypto
2020-11-23,BCH-USD,0.1255513493970779,Crypto,Crypto
2020-11-23,BTC-USD,-0.000320133845930215,Crypto,Crypto
2020-11-23,EOS-USD,0.1084569259278878,Crypto,Crypto
2020-11-23,ETC-USD,0.08488073954881026,Crypto,Crypto
2020-11-23,ETH-USD,0.09028633587462331,Crypto,Crypto
2020-11-23,LTC-USD,0.07659955908586968,Crypto,Crypto
2020-11-23,TRX-USD,0.10362730013867139,Crypto,Crypto
2020-11-23,XLM-USD,0.26150920923136156,Crypto,Crypto
2020-11-23,XRP-USD,0.3837728532335991,Crypto,Crypto
2020-11-24,ADA-USD,0.08346688498276333,Crypto,Crypto
2020-11-24,BCH-USD,0.06989941341022265,Crypto,Crypto
2020-11-24,BTC-USD,0.040478046632625775,Crypto,Crypto
2020-11-24,EOS-USD,0.06017289305532181,Crypto,Crypto
2020-11-24,ETC-USD,0.11144437181059819,Crypto,Crypto
2020-11-24,ETH-USD,-0.007488280314670304,Crypto,Crypto
2020-11-24,LTC-USD,0.0018650345943096447,Crypto,Crypto
2020-11-24,TRX-USD,0.10715752569113057,Crypto,Crypto
2020-11-24,XLM-USD,0.49679548434333576,Crypto,Crypto
2020-11-24,XRP-USD,0.12724035579501747,Crypto,Crypto
2020-11-25,ADA-USD,-0.06710436394012842,Crypto,Crypto
2020-11-25,BCH-USD,-0.09498578737316876,Crypto,Crypto
2020-11-25,BTC-USD,-0.01964382784787766,Crypto,Crypto
2020-11-25,EOS-USD,-0.04087246939323541,Crypto,Crypto
2020-11-25,ETC-USD,-0.03542530459036952,Crypto,Crypto
2020-11-25,ETH-USD,-0.05499460748003315,Crypto,Crypto
2020-11-25,LTC-USD,-0.08211667360996655,Crypto,Crypto
2020-11-25,TRX-USD,-0.0559215299834509,Crypto,Crypto
2020-11-25,XLM-USD,-0.0014221964332499226,Crypto,Crypto
2020-11-25,XRP-USD,-0.08180863177581099,Crypto,Crypto
2020-11-27,ADA-USD,0.019865340945643517,Crypto,Crypto
2020-11-27,BCH-USD,-0.020536781190095388,Crypto,Crypto
2020-11-27,BTC-USD,-0.0024617591448197196,Crypto,Crypto
2020-11-27,EOS-USD,-0.02366604487442958,Crypto,Crypto
2020-11-27,ETC-USD,0.012665260868641282,Crypto,Crypto
2020-11-27,ETH-USD,-0.0025201063807008817,Crypto,Crypto
2020-11-27,LTC-USD,-0.024579609737275465,Crypto,Crypto
2020-11-27,TRX-USD,-0.0008166305117726091,Crypto,Crypto
2020-11-27,XLM-USD,0.23193954156348529,Crypto,Crypto
2020-11-27,XRP-USD,0.049245882757483095,Crypto,Crypto
2020-11-30,ADA-USD,0.028018625490187965,Crypto,Crypto
2020-11-30,BCH-USD,0.11442446458015798,Crypto,Crypto
2020-11-30,BTC-USD,0.07967832801396635,Crypto,Crypto
2020-11-30,EOS-USD,0.07460055476692196,Crypto,Crypto
2020-11-30,ETC-USD,0.05075572403546236,Crypto,Crypto
2020-11-30,ETH-USD,0.06788350107386454,Crypto,Crypto
2020-11-30,LTC-USD,0.10525088876326505,Crypto,Crypto
2020-11-30,TRX-USD,0.052803038576819894,Crypto,Crypto
2020-11-30,XLM-USD,0.04051510217158749,Crypto,Crypto
2020-11-30,XRP-USD,0.09582081422694855,Crypto,Crypto
2020-12-01,ADA-USD,-0.089458725144688,Crypto,Crypto
2020-12-01,BCH-USD,-0.08938861394708975,Crypto,Crypto
2020-12-01,BTC-USD,-0.04192625951044282,Crypto,Crypto
2020-12-01,EOS-USD,-0.08094725293970095,Crypto,Crypto
2020-12-01,ETC-USD,-0.08078853712752199,Crypto,Crypto
2020-12-01,ETH-USD,-0.04475677961558855,Crypto,Crypto
2020-12-01,LTC-USD,-0.02442331291443489,Crypto,Crypto
2020-12-01,TRX-USD,-0.06321161746524884,Crypto,Crypto
2020-12-01,XLM-USD,-0.08742513769120008,Crypto,Crypto
2020-12-01,XRP-USD,-0.07739137651431383,Crypto,Crypto
2020-12-02,ADA-USD,0.016501777539248197,Crypto,Crypto
2020-12-02,BCH-USD,0.021223442761767464,Crypto,Crypto
2020-12-02,BTC-USD,0.021171823185194727,Crypto,Crypto
2020-12-02,EOS-USD,0.02128290583575554,Crypto,Crypto
2020-12-02,ETC-USD,0.00977367776736604,Crypto,Crypto
2020-12-02,ETH-USD,0.018777021338771238,Crypto,Crypto
2020-12-02,LTC-USD,0.04003880253650638,Crypto,Crypto
2020-12-02,TRX-USD,0.030353049900641915,Crypto,Crypto
2020-12-02,XLM-USD,0.003936556805158586,Crypto,Crypto
2020-12-02,XRP-USD,0.027686965715342682,Crypto,Crypto
2020-12-03,ADA-USD,0.0356654430491572,Crypto,Crypto
2020-12-03,BCH-USD,-0.00664642954966177,Crypto,Crypto
2020-12-03,BTC-USD,0.012723580680175761,Crypto,Crypto
2020-12-03,EOS-USD,0.007782648850232166,Crypto,Crypto
2020-12-03,ETC-USD,0.05553335388719183,Crypto,Crypto
2020-12-03,ETH-USD,0.030678218435329363,Crypto,Crypto
2020-12-03,LTC-USD,0.00272860725631463,Crypto,Crypto
2020-12-03,TRX-USD,0.014264616101109295,Crypto,Crypto
2020-12-03,XLM-USD,-0.004574627857271252,Crypto,Crypto
2020-12-03,XRP-USD,0.0025242596626315894,Crypto,Crypto
2020-12-04,ADA-USD,-0.09725845027817859,Crypto,Crypto
2020-12-04,BCH-USD,-0.039642369638379193,Crypto,Crypto
2020-12-04,BTC-USD,-0.038344949058079725,Crypto,Crypto
2020-12-04,EOS-USD,-0.07359968224477731,Crypto,Crypto
2020-12-04,ETC-USD,-0.08777016534488291,Crypto,Crypto
2020-12-04,ETH-USD,-0.07678592848328947,Crypto,Crypto
2020-12-04,LTC-USD,-0.10193040473079318,Crypto,Crypto
2020-12-04,TRX-USD,-0.06599030371930936,Crypto,Crypto
2020-12-04,XLM-USD,-0.11637837358850334,Crypto,Crypto
2020-12-04,XRP-USD,-0.11753445906551563,Crypto,Crypto
2020-12-07,ADA-USD,-0.02981742332890369,Crypto,Crypto
2020-12-07,BCH-USD,-0.008595574464765443,Crypto,Crypto
2020-12-07,BTC-USD,-0.007934312410408761,Crypto,Crypto
2020-12-07,EOS-USD,-0.014825644638741142,Crypto,Crypto
2020-12-07,ETC-USD,-0.0018222056031719225,Crypto,Crypto
2020-12-07,ETH-USD,-0.01672281499383932,Crypto,Crypto
2020-12-07,LTC-USD,0.0008225158227921359,Crypto,Crypto
2020-12-07,TRX-USD,-0.019660498063782672,Crypto,Crypto
2020-12-07,XLM-USD,-0.040824497532310766,Crypto,Crypto
2020-12-07,XRP-USD,-0.01761231012559028,Crypto,Crypto
2020-12-08,ADA-USD,-0.08565494679793251,Crypto,Crypto
2020-12-08,BCH-USD,-0.05757857267091937,Crypto,Crypto
2020-12-08,BTC-USD,-0.0453576006387062,Crypto,Crypto
2020-12-08,EOS-USD,-0.051954788560554355,Crypto,Crypto
2020-12-08,ETC-USD,-0.06149888690376282,Crypto,Crypto
2020-12-08,ETH-USD,-0.06254293959158741,Crypto,Crypto
2020-12-08,LTC-USD,-0.08221801509802273,Crypto,Crypto
2020-12-08,TRX-USD,-0.08140644857266521,Crypto,Crypto
2020-12-08,XLM-USD,-0.09294190378038913,Crypto,Crypto
2020-12-08,XRP-USD,-0.0822716471273075,Crypto,Crypto
2020-12-09,ADA-USD,0.05135247958290967,Crypto,Crypto
2020-12-09,BCH-USD,0.0043412659341341975,Crypto,Crypto
2020-12-09,BTC-USD,0.012705073309037251,Crypto,Crypto
2020-12-09,EOS-USD,0.004025893928136126,Crypto,Crypto
2020-12-09,ETC-USD,0.051433697337455175,Crypto,Crypto
2020-12-09,ETH-USD,0.033616499701109914,Crypto,Crypto
2020-12-09,LTC-USD,0.008629766591117027,Crypto,Crypto
2020-12-09,TRX-USD,0.030916739246667158,Crypto,Crypto
2020-12-09,XLM-USD,0.12709826264457647,Crypto,Crypto
2020-12-09,XRP-USD,0.04429562256178521,Crypto,Crypto
2020-12-10,ADA-USD,-0.04164953181500697,Crypto,Crypto
2020-12-10,BCH-USD,-0.010156968334671945,Crypto,Crypto
2020-12-10,BTC-USD,-0.015572121156616547,Crypto,Crypto
2020-12-10,EOS-USD,-0.023836435622929808,Crypto,Crypto
2020-12-10,ETC-USD,-0.027761695659132224,Crypto,Crypto
2020-12-10,ETH-USD,-0.024064691319026776,Crypto,Crypto
2020-12-10,LTC-USD,-0.033346960482188215,Crypto,Crypto
2020-12-10,TRX-USD,-0.019644710334352222,Crypto,Crypto
2020-12-10,XLM-USD,-0.06457870675079946,Crypto,Crypto
2020-12-10,XRP-USD,-0.018225076766811177,Crypto,Crypto
2020-12-11,ADA-USD,-0.01792328641997698,Crypto,Crypto
2020-12-11,BCH-USD,-0.025000530654322617,Crypto,Crypto
2020-12-11,BTC-USD,-0.011283218109780502,Crypto,Crypto
2020-12-11,EOS-USD,-0.017608716420681847,Crypto,Crypto
2020-12-11,ETC-USD,-0.016702756360465143,Crypto,Crypto
2020-12-11,ETH-USD,-0.024802031631535493,Crypto,Crypto
2020-12-11,LTC-USD,-0.03664628886854282,Crypto,Crypto
2020-12-11,TRX-USD,-0.011618005675290255,Crypto,Crypto
2020-12-11,XLM-USD,-0.061588297951453375,Crypto,Crypto
2020-12-11,XRP-USD,-0.0462009495272494,Crypto,Crypto
2020-12-14,ADA-USD,0.026162008271304105,Crypto,Crypto
2020-12-14,BCH-USD,0.004374782491116669,Crypto,Crypto
2020-12-14,BTC-USD,0.005446642655266398,Crypto,Crypto
2020-12-14,EOS-USD,-0.0019262146767512478,Crypto,Crypto
2020-12-14,ETC-USD,-0.01387180922183473,Crypto,Crypto
2020-12-14,ETH-USD,-0.006193431308962327,Crypto,Crypto
2020-12-14,LTC-USD,0.004420920455065591,Crypto,Crypto
2020-12-14,TRX-USD,-0.0032894986680210847,Crypto,Crypto
2020-12-14,XLM-USD,-0.029110323493395596,Crypto,Crypto
2020-12-14,XRP-USD,-0.026887549175836356,Crypto,Crypto
2020-12-15,ADA-USD,-0.023336682177233947,Crypto,Crypto
2020-12-15,BCH-USD,0.04281737594365631,Crypto,Crypto
2020-12-15,BTC-USD,0.008855135259981495,Crypto,Crypto
2020-12-15,EOS-USD,0.007706728149389663,Crypto,Crypto
2020-12-15,ETC-USD,0.004221553959556479,Crypto,Crypto
2020-12-15,ETH-USD,0.005707094951707736,Crypto,Crypto
2020-12-15,LTC-USD,-0.011685883308458767,Crypto,Crypto
2020-12-15,TRX-USD,0.004056670569162701,Crypto,Crypto
2020-12-15,XLM-USD,-0.018879380225735543,Crypto,Crypto
2020-12-15,XRP-USD,-0.05626144168750491,Crypto,Crypto
2020-12-16,ADA-USD,0.08608922657751883,Crypto,Crypto
2020-12-16,BCH-USD,0.07983740289924768,Crypto,Crypto
2020-12-16,BTC-USD,0.09751836309514528,Crypto,Crypto
2020-12-16,EOS-USD,0.08148788172774024,Crypto,Crypto
2020-12-16,ETC-USD,0.06316642088869906,Crypto,Crypto
2020-12-16,ETH-USD,0.07945327683237835,Crypto,Crypto
2020-12-16,LTC-USD,0.13991303499398144,Crypto,Crypto
2020-12-16,TRX-USD,0.06745191217366076,Crypto,Crypto
2020-12-16,XLM-USD,0.14916218375728052,Crypto,Crypto
2020-12-16,XRP-USD,0.21059381815145528,Crypto,Crypto
2020-12-17,ADA-USD,-0.024500415988431112,Crypto,Crypto
2020-12-17,BCH-USD,-0.003588291099515195,Crypto,Crypto
2020-12-17,BTC-USD,0.07013245133867341,Crypto,Crypto
2020-12-17,EOS-USD,-0.018658685523295415,Crypto,Crypto
2020-12-17,ETC-USD,0.006359701235154613,Crypto,Crypto
2020-12-17,ETH-USD,0.010511356250089365,Crypto,Crypto
2020-12-17,LTC-USD,0.0880473239473678,Crypto,Crypto
2020-12-17,TRX-USD,-0.01501157162890876,Crypto,Crypto
2020-12-17,XLM-USD,-0.02855783986925664,Crypto,Crypto
2020-12-17,XRP-USD,0.014155143687182292,Crypto,Crypto
2020-12-18,ADA-USD,0.009205865050890605,Crypto,Crypto
2020-12-18,BCH-USD,0.00798537602717242,Crypto,Crypto
2020-12-18,BTC-USD,0.014593135822884129,Crypto,Crypto
2020-12-18,EOS-USD,0.007379315315292789,Crypto,Crypto
2020-12-18,ETC-USD,-0.011667044392182024,Crypto,Crypto
2020-12-18,ETH-USD,0.018577647939548747,Crypto,Crypto
2020-12-18,LTC-USD,0.08344859465820709,Crypto,Crypto
2020-12-18,TRX-USD,0.013188762598997705,Crypto,Crypto
2020-12-18,XLM-USD,-0.0043456075535865946,Crypto,Crypto
2020-12-18,XRP-USD,0.0131841383519542,Crypto,Crypto
2020-12-21,ADA-USD,-0.057609211292126594,Crypto,Crypto
2020-12-21,BCH-USD,-0.09671294054226998,Crypto,Crypto
2020-12-21,BTC-USD,-0.028717656479103182,Crypto,Crypto
2020-12-21,EOS-USD,-0.06118958738015812,Crypto,Crypto
2020-12-21,ETC-USD,-0.0529944915203997,Crypto,Crypto
2020-12-21,ETH-USD,-0.04460813155249255,Crypto,Crypto
2020-12-21,LTC-USD,-0.08424990290762147,Crypto,Crypto
2020-12-21,TRX-USD,-0.059087280600083725,Crypto,Crypto
2020-12-21,XLM-USD,-0.06001847289603479,Crypto,Crypto
2020-12-21,XRP-USD,-0.07034158153434866,Crypto,Crypto
2020-12-22,ADA-USD,0.023077979546434868,Crypto,Crypto
2020-12-22,BCH-USD,0.029882079611860846,Crypto,Crypto
2020-12-22,BTC-USD,0.042974334095805755,Crypto,Crypto
2020-12-22,EOS-USD,-0.01504284787102117,Crypto,Crypto
2020-12-22,ETC-USD,-0.0012699780866374244,Crypto,Crypto
2020-12-22,ETH-USD,0.04105539884074627,Crypto,Crypto
2020-12-22,LTC-USD,0.0826145420269766,Crypto,Crypto
2020-12-22,TRX-USD,-0.01654184893972821,Crypto,Crypto
2020-12-22,XLM-USD,-0.02507858050171674,Crypto,Crypto
2020-12-22,XRP-USD,-0.13250176037236072,Crypto,Crypto
2020-12-23,ADA-USD,-0.12668157937295077,Crypto,Crypto
2020-12-23,BCH-USD,-0.15356644181589318,Crypto,Crypto
2020-12-23,BTC-USD,-0.022776055438033516,Crypto,Crypto
2020-12-23,EOS-USD,-0.20491226760039105,Crypto,Crypto
2020-12-23,ETC-USD,-0.17051664002947609,Crypto,Crypto
2020-12-23,ETH-USD,-0.0805532804990381,Crypto,Crypto
2020-12-23,LTC-USD,-0.1043566668700181,Crypto,Crypto
2020-12-23,TRX-USD,-0.14099812613796436,Crypto,Crypto
2020-12-23,XLM-USD,-0.22020532612351784,Crypto,Crypto
2020-12-23,XRP-USD,-0.42334007070183066,Crypto,Crypto
2020-12-24,ADA-USD,0.12089241346730994,Crypto,Crypto
2020-12-24,BCH-USD,0.08073930556661013,Crypto,Crypto
2020-12-24,BTC-USD,0.021281190940612982,Crypto,Crypto
2020-12-24,EOS-USD,0.15914656240971592,Crypto,Crypto
2020-12-24,ETC-USD,0.09893419794030045,Crypto,Crypto
2020-12-24,ETH-USD,0.04778461622112218,Crypto,Crypto
2020-12-24,LTC-USD,0.09574364614653508,Crypto,Crypto
2020-12-24,TRX-USD,0.1159146143048746,Crypto,Crypto
2020-12-24,XLM-USD,0.26210755450038725,Crypto,Crypto
2020-12-24,XRP-USD,0.30632794310358724,Crypto,Crypto
2020-12-28,ADA-USD,0.14449365222807686,Crypto,Crypto
2020-12-28,BCH-USD,0.07070814812568815,Crypto,Crypto
2020-12-28,BTC-USD,0.03092663485588698,Crypto,Crypto
2020-12-28,EOS-USD,0.01818690564925185,Crypto,Crypto
2020-12-28,ETC-USD,0.019970917980378644,Crypto,Crypto
2020-12-28,ETH-USD,0.06995611391998069,Crypto,Crypto
2020-12-28,LTC-USD,0.01986693234566861,Crypto,Crypto
2020-12-28,TRX-USD,0.023781496467457197,Crypto,Crypto
2020-12-28,XLM-USD,-0.004124895813771956,Crypto,Crypto
2020-12-28,XRP-USD,-0.12394404547944748,Crypto,Crypto
2020-12-29,ADA-USD,0.08730022423197692,Crypto,Crypto
2020-12-29,BCH-USD,-0.0248594356930516,Crypto,Crypto
2020-12-29,BTC-USD,0.010250355112868093,Crypto,Crypto
2020-12-29,EOS-USD,-0.04418886689352086,Crypto,Crypto
2020-12-29,ETC-USD,-0.03239341104461013,Crypto,Crypto
2020-12-29,ETH-USD,0.0015372492130329984,Crypto,Crypto
2020-12-29,LTC-USD,-0.007762661388699854,Crypto,Crypto
2020-12-29,TRX-USD,-0.06237300433582815,Crypto,Crypto
2020-12-29,XLM-USD,-0.03851079416921033,Crypto,Crypto
2020-12-29,XRP-USD,-0.10887328141883079,Crypto,Crypto
2020-12-30,ADA-USD,-0.04227643373386347,Crypto,Crypto
2020-12-30,BCH-USD,0.016192376989118573,Crypto,Crypto
2020-12-30,BTC-USD,0.054034499850387885,Crypto,Crypto
2020-12-30,EOS-USD,-0.012114642895399874,Crypto,Crypto
2020-12-30,ETC-USD,-0.007751908961868725,Crypto,Crypto
2020-12-30,ETH-USD,0.027475410142453693,Crypto,Crypto
2020-12-30,LTC-USD,0.003295684026781709,Crypto,Crypto
2020-12-30,TRX-USD,-0.026905030527468288,Crypto,Crypto
2020-12-30,XLM-USD,-0.0497208105398651,Crypto,Crypto
2020-12-30,XRP-USD,-0.04133746690243778,Crypto,Crypto
2020-12-31,ADA-USD,-0.014360949953099889,Crypto,Crypto
2020-12-31,BCH-USD,-0.04391030992255873,Crypto,Crypto
2020-12-31,BTC-USD,0.005574281038085438,Crypto,Crypto
2020-12-31,EOS-USD,-0.004577132516230709,Crypto,Crypto
2020-12-31,ETC-USD,-0.001639231960713472,Crypto,Crypto
2020-12-31,ETH-USD,-0.018381058140691575,Crypto,Crypto
2020-12-31,LTC-USD,-0.03688809336441201,Crypto,Crypto
2020-12-31,TRX-USD,-0.004156646898687222,Crypto,Crypto
2020-12-31,XLM-USD,-0.026858643380221592,Crypto,Crypto
2020-12-31,XRP-USD,0.037851474612002,Crypto,Crypto
2021-01-04,ADA-USD,0.09642667265247562,Crypto,Crypto
2021-01-04,BCH-USD,-0.03284321705552551,Crypto,Crypto
2021-01-04,BTC-USD,-0.024712000360334718,Crypto,Crypto
2021-01-04,EOS-USD,0.005458532232141433,Crypto,Crypto
2021-01-04,ETC-USD,0.06975016726802674,Crypto,Crypto
2021-01-04,ETH-USD,0.06635041674388553,Crypto,Crypto
2021-01-04,LTC-USD,-0.03360531517157617,Crypto,Crypto
2021-01-04,TRX-USD,0.046041656562472166,Crypto,Crypto
2021-01-04,XLM-USD,0.21079282544890088,Crypto,Crypto
2021-01-04,XRP-USD,0.047948184011734174,Crypto,Crypto
2021-01-05,ADA-USD,0.14927800019120196,Crypto,Crypto
2021-01-05,BCH-USD,0.029002541056043052,Crypto,Crypto
2021-01-05,BTC-USD,0.06319658000613337,Crypto,Crypto
2021-01-05,EOS-USD,0.03113506157903978,Crypto,Crypto
2021-01-05,ETC-USD,0.03343419383910495,Crypto,Crypto
2021-01-05,ETH-USD,0.057461231702209625,Crypto,Crypto
2021-01-05,LTC-USD,0.024465541361238463,Crypto,Crypto
2021-01-05,TRX-USD,-0.07198649994282813,Crypto,Crypto
2021-01-05,XLM-USD,0.17945876975477404,Crypto,Crypto
2021-01-05,XRP-USD,-0.041943257387951016,Crypto,Crypto
2021-01-06,ADA-USD,0.28486255679209194,Crypto,Crypto
2021-01-06,BCH-USD,0.08270280935708874,Crypto,Crypto
2021-01-06,BTC-USD,0.08331071417326141,Crypto,Crypto
2021-01-06,EOS-USD,0.16527969388252117,Crypto,Crypto
2021-01-06,ETC-USD,0.04699436227095699,Crypto,Crypto
2021-01-06,ETH-USD,0.09736862255513934,Crypto,Crypto
2021-01-06,LTC-USD,0.06571559392849502,Crypto,Crypto
2021-01-06,TRX-USD,0.0657655815028253,Crypto,Crypto
2021-01-06,XLM-USD,0.7492442836546367,Crypto,Crypto
2021-01-06,XRP-USD,0.10648287582223359,Crypto,Crypto
2021-01-07,ADA-USD,-0.09616806635460995,Crypto,Crypto
2021-01-07,BCH-USD,-0.010815350723342165,Crypto,Crypto
2021-01-07,BTC-USD,0.0691574669750421,Crypto,Crypto
2021-01-07,EOS-USD,-0.051160600276280443,Crypto,Crypto
2021-01-07,ETC-USD,-0.049437589673980264,Crypto,Crypto
2021-01-07,ETH-USD,0.015380441218393326,Crypto,Crypto
2021-01-07,LTC-USD,0.0035441986159587824,Crypto,Crypto
2021-01-07,TRX-USD,0.01812219733405218,Crypto,Crypto
2021-01-07,XLM-USD,-0.07334661056346081,Crypto,Crypto
2021-01-07,XRP-USD,0.2993563448913774,Crypto,Crypto
2021-01-08,ADA-USD,0.018724556434904116,Crypto,Crypto
2021-01-08,BCH-USD,-0.018930360504465726,Crypto,Crypto
2021-01-08,BTC-USD,0.0362338992996023,Crypto,Crypto
2021-01-08,EOS-USD,-0.025173549229641545,Crypto,Crypto
2021-01-08,ETC-USD,-0.03709390293028003,Crypto,Crypto
2021-01-08,ETH-USD,-0.0012082756724967059,Crypto,Crypto
2021-01-08,LTC-USD,0.021601300689432668,Crypto,Crypto
2021-01-08,TRX-USD,-0.014645278741785228,Crypto,Crypto
2021-01-08,XLM-USD,-0.04104218899476042,Crypto,Crypto
2021-01-08,XRP-USD,-0.008503025739906689,Crypto,Crypto
2021-01-11,ADA-USD,-0.09652180976267322,Crypto,Crypto
2021-01-11,BCH-USD,-0.20545010117479245,Crypto,Crypto
2021-01-11,BTC-USD,-0.07273315912449108,Crypto,Crypto
2021-01-11,EOS-USD,-0.13444225603412274,Crypto,Crypto
2021-01-11,ETC-USD,-0.18511653928000738,Crypto,Crypto
2021-01-11,ETH-USD,-0.13634523092842832,Crypto,Crypto
2021-01-11,LTC-USD,-0.1862060023637926,Crypto,Crypto
2021-01-11,TRX-USD,-0.12060122236119719,Crypto,Crypto
2021-01-11,XLM-USD,-0.05718122836356876,Crypto,Crypto
2021-01-11,XRP-USD,-0.0924526736858503,Crypto,Crypto
2021-01-12,ADA-USD,0.04188181352478404,Crypto,Crypto
2021-01-12,BCH-USD,-0.0611101997452389,Crypto,Crypto
2021-01-12,BTC-USD,-0.046214502171538774,Crypto,Crypto
2021-01-12,EOS-USD,-0.03051196417457047,Crypto,Crypto
2021-01-12,ETC-USD,-0.03305488325951056,Crypto,Crypto
2021-01-12,ETH-USD,-0.0428482439504031,Crypto,Crypto
2021-01-12,LTC-USD,-0.04751319138193,Crypto,Crypto
2021-01-12,TRX-USD,-0.01398331201631553,Crypto,Crypto
2021-01-12,XLM-USD,0.03491431823672819,Crypto,Crypto
2021-01-12,XRP-USD,0.011138593051423396,Crypto,Crypto
2021-01-13,ADA-USD,0.09270283772244947,Crypto,Crypto
2021-01-13,BCH-USD,0.10105963063861956,Crypto,Crypto
2021-01-13,BTC-USD,0.10003249550509552,Crypto,Crypto
2021-01-13,EOS-USD,0.0693026764043112,Crypto,Crypto
2021-01-13,ETC-USD,0.08311858699232144,Crypto,Crypto
2021-01-13,ETH-USD,0.08367061246989871,Crypto,Crypto
2021-01-13,LTC-USD,0.11147381508064425,Crypto,Crypto
2021-01-13,TRX-USD,0.057356919793685845,Crypto,Crypto
2021-01-13,XLM-USD,0.07907569988806529,Crypto,Crypto
2021-01-13,XRP-USD,0.04606621430417257,Crypto,Crypto
2021-01-14,ADA-USD,-0.010245299521846163,Crypto,Crypto
2021-01-14,BCH-USD,0.061608931497995734,Crypto,Crypto
2021-01-14,BTC-USD,0.050138030111625875,Crypto,Crypto
2021-01-14,EOS-USD,0.010113605937896342,Crypto,Crypto
2021-01-14,ETC-USD,0.020355771383955723,Crypto,Crypto
2021-01-14,ETH-USD,0.07757191852287426,Crypto,Crypto
2021-01-14,LTC-USD,0.03163204523565666,Crypto,Crypto
2021-01-14,TRX-USD,-0.006159756920982695,Crypto,Crypto
2021-01-14,XLM-USD,-0.0046115754425472,Crypto,Crypto
2021-01-14,XRP-USD,-0.03318934111001215,Crypto,Crypto
2021-01-15,ADA-USD,-0.02534180700615185,Crypto,Crypto
2021-01-15,BCH-USD,-0.06410372820040577,Crypto,Crypto
2021-01-15,BTC-USD,-0.06027358971670127,Crypto,Crypto
2021-01-15,EOS-USD,-0.012143265690021665,Crypto,Crypto
2021-01-15,ETC-USD,-0.019596567865787784,Crypto,Crypto
2021-01-15,ETH-USD,-0.03826032525754719,Crypto,Crypto
2021-01-15,LTC-USD,-0.05159649102564812,Crypto,Crypto
2021-01-15,TRX-USD,-0.007330914522152399,Crypto,Crypto
2021-01-15,XLM-USD,-0.0584198209969784,Crypto,Crypto
2021-01-15,XRP-USD,-0.05088036683010444,Crypto,Crypto
2021-01-19,ADA-USD,-0.0061681500909568365,Crypto,Crypto
2021-01-19,BCH-USD,0.0012870928568109452,Crypto,Crypto
2021-01-19,BTC-USD,-0.015295342507474663,Crypto,Crypto
2021-01-19,EOS-USD,-0.0029641593928305676,Crypto,Crypto
2021-01-19,ETC-USD,0.019192218399774585,Crypto,Crypto
2021-01-19,ETH-USD,0.09545717838129009,Crypto,Crypto
2021-01-19,LTC-USD,0.00882938025246438,Crypto,Crypto
2021-01-19,TRX-USD,-0.026124338312640716,Crypto,Crypto
2021-01-19,XLM-USD,-0.01385325833288753,Crypto,Crypto
2021-01-19,XRP-USD,0.033518390181242586,Crypto,Crypto
2021-01-20,ADA-USD,0.016950340306641776,Crypto,Crypto
2021-01-20,BCH-USD,-0.022986518750788165,Crypto,Crypto
2021-01-20,BTC-USD,-0.014473454791977813,Crypto,Crypto
2021-01-20,EOS-USD,-0.009052241535163597,Crypto,Crypto
2021-01-20,ETC-USD,0.00886563759539305,Crypto,Crypto
2021-01-20,ETH-USD,0.00361443711529974,Crypto,Crypto
2021-01-20,LTC-USD,-0.023168019889149516,Crypto,Crypto
2021-01-20,TRX-USD,-0.009255638188557014,Crypto,Crypto
2021-01-20,XLM-USD,-0.016880135252899886,Crypto,Crypto
2021-01-20,XRP-USD,0.007488603913163638,Crypto,Crypto
2021-01-21,ADA-USD,-0.17364417902257612,Crypto,Crypto
2021-01-21,BCH-USD,-0.1596944480351109,Crypto,Crypto
2021-01-21,BTC-USD,-0.1328368400602007,Crypto,Crypto
2021-01-21,EOS-USD,-0.08379349078951448,Crypto,Crypto
2021-01-21,ETC-USD,-0.10241578971175425,Crypto,Crypto
2021-01-21,ETH-USD,-0.18860451399286926,Crypto,Crypto
2021-01-21,LTC-USD,-0.13204655122896558,Crypto,Crypto
2021-01-21,TRX-USD,-0.09188054135707802,Crypto,Crypto
2021-01-21,XLM-USD,-0.14183072399803132,Crypto,Crypto
2021-01-21,XRP-USD,-0.09298594410790584,Crypto,Crypto
2021-01-22,ADA-USD,0.12690799698373123,Crypto,Crypto
2021-01-22,BCH-USD,0.05229295061170425,Crypto,Crypto
2021-01-22,BTC-USD,0.07072224005462169,Crypto,Crypto
2021-01-22,EOS-USD,0.0329597794265013,Crypto,Crypto
2021-01-22,ETC-USD,0.04650190730754411,Crypto,Crypto
2021-01-22,ETH-USD,0.1024824037765284,Crypto,Crypto
2021-01-22,LTC-USD,0.05485101652367619,Crypto,Crypto
2021-01-22,TRX-USD,0.03371351356293939,Crypto,Crypto
2021-01-22,XLM-USD,0.07085424052761047,Crypto,Crypto
2021-01-22,XRP-USD,0.01432627131321662,Crypto,Crypto
2021-01-25,ADA-USD,-0.028243995676031086,Crypto,Crypto
2021-01-25,BCH-USD,-0.014316733865850972,Crypto,Crypto
2021-01-25,BTC-USD,0.0023851084933719235,Crypto,Crypto
2021-01-25,EOS-USD,-0.02243225175957142,Crypto,Crypto
2021-01-25,ETC-USD,-0.015804986252581754,Crypto,Crypto
2021-01-25,ETH-USD,-0.04828551839708972,Crypto,Crypto
2021-01-25,LTC-USD,-0.028507126458054755,Crypto,Crypto
2021-01-25,TRX-USD,-0.015389779588027785,Crypto,Crypto
2021-01-25,XLM-USD,-0.034530642158661196,Crypto,Crypto
2021-01-25,XRP-USD,-0.016160281751804617,Crypto,Crypto
2021-01-26,ADA-USD,0.0010119682995752832,Crypto,Crypto
2021-01-26,BCH-USD,-0.013273663298355776,Crypto,Crypto
2021-01-26,BTC-USD,0.006286058316783416,Crypto,Crypto
2021-01-26,EOS-USD,-0.008994890234687691,Crypto,Crypto
2021-01-26,ETC-USD,-0.010346987200225755,Crypto,Crypto
2021-01-26,ETH-USD,0.0246473466409749,Crypto,Crypto
2021-01-26,LTC-USD,-0.019563825562642356,Crypto,Crypto
2021-01-26,TRX-USD,-0.0015224184769765392,Crypto,Crypto
2021-01-26,XLM-USD,-0.0023342476703276382,Crypto,Crypto
2021-01-26,XRP-USD,-0.000973737333911151,Crypto,Crypto
2021-01-27,ADA-USD,-0.09050232646406553,Crypto,Crypto
2021-01-27,BCH-USD,-0.11684348036315295,Crypto,Crypto
2021-01-27,BTC-USD,-0.06562212475675022,Crypto,Crypto
2021-01-27,EOS-USD,-0.045904541665741316,Crypto,Crypto
2021-01-27,ETC-USD,-0.07123827350124423,Crypto,Crypto
2021-01-27,ETH-USD,-0.07654128534445381,Crypto,Crypto
2021-01-27,LTC-USD,-0.08760914703474143,Crypto,Crypto
2021-01-27,TRX-USD,-0.04025340759678764,Crypto,Crypto
2021-01-27,XLM-USD,-0.08600855079088665,Crypto,Crypto
2021-01-27,XRP-USD,-0.06280619005697907,Crypto,Crypto
2021-01-28,ADA-USD,0.10556083441168584,Crypto,Crypto
2021-01-28,BCH-USD,0.0723337271778206,Crypto,Crypto
2021-01-28,BTC-USD,0.09968113394222766,Crypto,Crypto
2021-01-28,EOS-USD,0.08138172667948584,Crypto,Crypto
2021-01-28,ETC-USD,0.11311823293849388,Crypto,Crypto
2021-01-28,ETH-USD,0.06328269064744974,Crypto,Crypto
2021-01-28,LTC-USD,0.08570567983720734,Crypto,Crypto
2021-01-28,TRX-USD,0.04670783972690229,Crypto,Crypto
2021-01-28,XLM-USD,0.22240770155741973,Crypto,Crypto
2021-01-28,XRP-USD,0.04834036843059053,Crypto,Crypto
2021-01-29,ADA-USD,0.00578397304945466,Crypto,Crypto
2021-01-29,BCH-USD,0.005251476834352564,Crypto,Crypto
2021-01-29,BTC-USD,0.02540747568580648,Crypto,Crypto
2021-01-29,EOS-USD,0.004979065064973254,Crypto,Crypto
2021-01-29,ETC-USD,-0.007502301313712323,Crypto,Crypto
2021-01-29,ETH-USD,0.03754666640282833,Crypto,Crypto
2021-01-29,LTC-USD,0.011429093985048322,Crypto,Crypto
2021-01-29,TRX-USD,0.12304370587974023,Crypto,Crypto
2021-01-29,XLM-USD,0.00832532716512513,Crypto,Crypto
2021-01-29,XRP-USD,0.06840016501054325,Crypto,Crypto
2021-02-01,ADA-USD,0.1656577252840612,Crypto,Crypto
2021-02-01,BCH-USD,0.035646800325596306,Crypto,Crypto
2021-02-01,BTC-USD,0.012768370405776608,Crypto,Crypto
2021-02-01,EOS-USD,0.04981598837979795,Crypto,Crypto
2021-02-01,ETC-USD,0.01372308717673576,Crypto,Crypto
2021-02-01,ETH-USD,0.041106378941601296,Crypto,Crypto
2021-02-01,LTC-USD,0.018376968264815607,Crypto,Crypto
2021-02-01,TRX-USD,0.04189469132889001,Crypto,Crypto
2021-02-01,XLM-USD,0.052773649967044145,Crypto,Crypto
2021-02-01,XRP-USD,-0.24538205786595169,Crypto,Crypto
2021-02-02,ADA-USD,0.06022888528671144,Crypto,Crypto
2021-02-02,BCH-USD,0.03896179903884689,Crypto,Crypto
2021-02-02,BTC-USD,0.05883361479570781,Crypto,Crypto
2021-02-02,EOS-USD,-0.019522659603730674,Crypto,Crypto
2021-02-02,ETC-USD,0.038493454919579895,Crypto,Crypto
2021-02-02,ETH-USD,0.10675593258422955,Crypto,Crypto
2021-02-02,LTC-USD,0.07999153985116347,Crypto,Crypto
2021-02-02,TRX-USD,0.006863734721580084,Crypto,Crypto
2021-02-02,XLM-USD,0.04593966232585989,Crypto,Crypto
2021-02-02,XRP-USD,-0.0060267421843795965,Crypto,Crypto
2021-02-03,ADA-USD,0.035549788721896736,Crypto,Crypto
2021-02-03,BCH-USD,0.034161553697492186,Crypto,Crypto
2021-02-03,BTC-USD,0.055245981743407446,Crypto,Crypto
2021-02-03,EOS-USD,0.020790768114702596,Crypto,Crypto
2021-02-03,ETC-USD,0.015841072047960703,Crypto,Crypto
2021-02-03,ETH-USD,0.09616976222373852,Crypto,Crypto
2021-02-03,LTC-USD,0.09196081049436389,Crypto,Crypto
2021-02-03,TRX-USD,0.0387898520817207,Crypto,Crypto
2021-02-03,XLM-USD,0.016430940409255523,Crypto,Crypto
2021-02-03,XRP-USD,0.06558883738497867,Crypto,Crypto
2021-02-04,ADA-USD,-0.0007906325370877765,Crypto,Crypto
2021-02-04,BCH-USD,-0.05401065644689795,Crypto,Crypto
2021-02-04,BTC-USD,-0.014571470120209207,Crypto,Crypto
2021-02-04,EOS-USD,-0.01312804829863623,Crypto,Crypto
2021-02-04,ETC-USD,-0.03514471402374075,Crypto,Crypto
2021-02-04,ETH-USD,-0.03982567909810919,Crypto,Crypto
2021-02-04,LTC-USD,-0.06724310882617401,Crypto,Crypto
2021-02-04,TRX-USD,-0.036731627128298805,Crypto,Crypto
2021-02-04,XLM-USD,-0.04945768901185488,Crypto,Crypto
2021-02-04,XRP-USD,0.13458798623044643,Crypto,Crypto
2021-02-05,ADA-USD,0.21952784525882985,Crypto,Crypto
2021-02-05,BCH-USD,0.06092693687289774,Crypto,Crypto
2021-02-05,BTC-USD,0.032991388091470286,Crypto,Crypto
2021-02-05,EOS-USD,0.09427795925016769,Crypto,Crypto
2021-02-05,ETC-USD,0.11386798019433564,Crypto,Crypto
2021-02-05,ETH-USD,0.07768440029221635,Crypto,Crypto
2021-02-05,LTC-USD,0.06685598383252578,Crypto,Crypto
2021-02-05,TRX-USD,0.09290407113783838,Crypto,Crypto
2021-02-05,XLM-USD,0.07495642302843408,Crypto,Crypto
2021-02-05,XRP-USD,0.008059094508049647,Crypto,Crypto
2021-02-08,ADA-USD,0.029058925145006187,Crypto,Crypto
2021-02-08,BCH-USD,0.0865612737637893,Crypto,Crypto
2021-02-08,BTC-USD,0.18746473766529936,Crypto,Crypto
2021-02-08,EOS-USD,0.03932535457488373,Crypto,Crypto
2021-02-08,ETC-USD,0.04838055188145374,Crypto,Crypto
2021-02-08,ETH-USD,0.08201385173983122,Crypto,Crypto
2021-02-08,LTC-USD,0.10638461982676417,Crypto,Crypto
2021-02-08,TRX-USD,0.12715447962751236,Crypto,Crypto
2021-02-08,XLM-USD,0.031639781680874446,Crypto,Crypto
2021-02-08,XRP-USD,0.07116504495076881,Crypto,Crypto
2021-02-09,ADA-USD,0.03077611248425205,Crypto,Crypto
2021-02-09,BCH-USD,0.061667000104794756,Crypto,Crypto
2021-02-09,BTC-USD,0.006161523959955284,Crypto,Crypto
2021-02-09,EOS-USD,0.1621891256466783,Crypto,Crypto
2021-02-09,ETC-USD,0.10060440824158956,Crypto,Crypto
2021-02-09,ETH-USD,0.012262685569933707,Crypto,Crypto
2021-02-09,LTC-USD,0.08907726600959154,Crypto,Crypto
2021-02-09,TRX-USD,0.13535245917303818,Crypto,Crypto
2021-02-09,XLM-USD,0.0028589002763603766,Crypto,Crypto
2021-02-09,XRP-USD,0.05425263336995867,Crypto,Crypto
2021-02-10,ADA-USD,0.32238355542300967,Crypto,Crypto
2021-02-10,BCH-USD,-0.03615142885667699,Crypto,Crypto
2021-02-10,BTC-USD,-0.03362488605290981,Crypto,Crypto
2021-02-10,EOS-USD,-0.00717573771175839,Crypto,Crypto
2021-02-10,ETC-USD,0.08631224915356839,Crypto,Crypto
2021-02-10,ETH-USD,-0.01345653537210656,Crypto,Crypto
2021-02-10,LTC-USD,0.000329030769362193,Crypto,Crypto
2021-02-10,TRX-USD,0.0033670363363484945,Crypto,Crypto
2021-02-10,XLM-USD,0.03952739894015189,Crypto,Crypto
2021-02-10,XRP-USD,0.06664115741293242,Crypto,Crypto
2021-02-11,ADA-USD,-0.00277002790722225,Crypto,Crypto
2021-02-11,BCH-USD,0.07024617389468624,Crypto,Crypto
2021-02-11,BTC-USD,0.0665910372634968,Crypto,Crypto
2021-02-11,EOS-USD,0.11037349764142901,Crypto,Crypto
2021-02-11,ETC-USD,0.12280794455576549,Crypto,Crypto
2021-02-11,ETH-USD,0.022677205052725746,Crypto,Crypto
2021-02-11,LTC-USD,0.012743884926192717,Crypto,Crypto
2021-02-11,TRX-USD,0.2354457076975005,Crypto,Crypto
2021-02-11,XLM-USD,0.09818415816471249,Crypto,Crypto
2021-02-11,XRP-USD,0.0423918764975304,Crypto,Crypto
2021-02-12,ADA-USD,-0.002321760786168303,Crypto,Crypto
2021-02-12,BCH-USD,0.09035976402018764,Crypto,Crypto
2021-02-12,BTC-USD,-0.008442623839676311,Crypto,Crypto
2021-02-12,EOS-USD,0.03570275096793085,Crypto,Crypto
2021-02-12,ETC-USD,0.030468602936562617,Crypto,Crypto
2021-02-12,ETH-USD,0.03348732312940794,Crypto,Crypto
2021-02-12,LTC-USD,0.06902969366800282,Crypto,Crypto
2021-02-12,TRX-USD,-0.030527155599480604,Crypto,Crypto
2021-02-12,XLM-USD,0.16544272450098552,Crypto,Crypto
2021-02-12,XRP-USD,0.15969329198310178,Crypto,Crypto
2021-02-16,ADA-USD,0.011543410683994226,Crypto,Crypto
2021-02-16,BCH-USD,-0.007213388229492579,Crypto,Crypto
2021-02-16,BTC-USD,0.026171883752032166,Crypto,Crypto
2021-02-16,EOS-USD,-0.010284799688213275,Crypto,Crypto
2021-02-16,ETC-USD,-0.019726575818797,Crypto,Crypto
2021-02-16,ETH-USD,0.0007172130023165302,Crypto,Crypto
2021-02-16,LTC-USD,0.013797865969444434,Crypto,Crypto
2021-02-16,TRX-USD,0.028140087238124556,Crypto,Crypto
2021-02-16,XLM-USD,-0.014484693687547567,Crypto,Crypto
2021-02-16,XRP-USD,-0.05113545422621091,Crypto,Crypto
2021-02-17,ADA-USD,0.02292779568869241,Crypto,Crypto
2021-02-17,BCH-USD,0.013299662486115249,Crypto,Crypto
2021-02-17,BTC-USD,0.05994196027730325,Crypto,Crypto
2021-02-17,EOS-USD,0.041525684877950164,Crypto,Crypto
2021-02-17,ETC-USD,0.062318771826944674,Crypto,Crypto
2021-02-17,ETH-USD,0.03783727842182305,Crypto,Crypto
2021-02-17,LTC-USD,0.1255159663670662,Crypto,Crypto
2021-02-17,TRX-USD,0.008241707044686075,Crypto,Crypto
2021-02-17,XLM-USD,0.021355932494043106,Crypto,Crypto
2021-02-17,XRP-USD,0.028206024343737424,Crypto,Crypto
2021-02-18,ADA-USD,0.026039400000950064,Crypto,Crypto
2021-02-18,BCH-USD,-0.014943217663465957,Crypto,Crypto
2021-02-18,BTC-USD,-0.008997504596578998,Crypto,Crypto
2021-02-18,EOS-USD,-0.0007621723832876848,Crypto,Crypto
2021-02-18,ETC-USD,-0.018225907208104908,Crypto,Crypto
2021-02-18,ETH-USD,0.04814334686912458,Crypto,Crypto
2021-02-18,LTC-USD,-0.04263756192170698,Crypto,Crypto
2021-02-18,TRX-USD,0.04533871679459045,Crypto,Crypto
2021-02-18,XLM-USD,0.0010180720073971194,Crypto,Crypto
2021-02-18,XRP-USD,-0.0057961094379186395,Crypto,Crypto
2021-02-19,ADA-USD,0.014801153753964735,Crypto,Crypto
2021-02-19,BCH-USD,0.02101087455038786,Crypto,Crypto
2021-02-19,BTC-USD,0.08143096900475189,Crypto,Crypto
2021-02-19,EOS-USD,0.08328638175681458,Crypto,Crypto
2021-02-19,ETC-USD,0.027153115039100673,Crypto,Crypto
2021-02-19,ETH-USD,0.0117244756414987,Crypto,Crypto
2021-02-19,LTC-USD,0.04322509303965272,Crypto,Crypto
2021-02-19,TRX-USD,0.1098583652581191,Crypto,Crypto
2021-02-19,XLM-USD,0.032349287433422136,Crypto,Crypto
2021-02-19,XRP-USD,0.06495843438012261,Crypto,Crypto
2021-02-22,ADA-USD,-0.001243956913856037,Crypto,Crypto
2021-02-22,BCH-USD,-0.10916249654754329,Crypto,Crypto
2021-02-22,BTC-USD,-0.05791845963531039,Crypto,Crypto
2021-02-22,EOS-USD,-0.07946247503281245,Crypto,Crypto
2021-02-22,ETC-USD,-0.10963823216368995,Crypto,Crypto
2021-02-22,ETH-USD,-0.0793594074434344,Crypto,Crypto
2021-02-22,LTC-USD,-0.08416337437014143,Crypto,Crypto
2021-02-22,TRX-USD,-0.08562592242716427,Crypto,Crypto
2021-02-22,XLM-USD,-0.06377914942850027,Crypto,Crypto
2021-02-22,XRP-USD,0.0422578398424045,Crypto,Crypto
2021-02-23,ADA-USD,-0.13141235356977343,Crypto,Crypto
2021-02-23,BCH-USD,-0.18586896615029247,Crypto,Crypto
2021-02-23,BTC-USD,-0.09930198541853996,Crypto,Crypto
2021-02-23,EOS-USD,-0.1849909816561497,Crypto,Crypto
2021-02-23,ETC-USD,-0.18837965139638058,Crypto,Crypto
2021-02-23,ETH-USD,-0.11884948478862234,Crypto,Crypto
2021-02-23,LTC-USD,-0.14978787603053034,Crypto,Crypto
2021-02-23,TRX-USD,-0.17629099576705176,Crypto,Crypto
2021-02-23,XLM-USD,-0.17223639540716051,Crypto,Crypto
2021-02-23,XRP-USD,-0.1717176166273049,Crypto,Crypto
2021-02-24,ADA-USD,0.10154714019957978,Crypto,Crypto
2021-02-24,BCH-USD,0.026995995034289733,Crypto,Crypto
2021-02-24,BTC-USD,0.018042326886684945,Crypto,Crypto
2021-02-24,EOS-USD,0.01695666752331193,Crypto,Crypto
2021-02-24,ETC-USD,0.049926272453197695,Crypto,Crypto
2021-02-24,ETH-USD,0.03590087965500732,Crypto,Crypto
2021-02-24,LTC-USD,0.025114166080309586,Crypto,Crypto
2021-02-24,TRX-USD,0.07229292243078889,Crypto,Crypto
2021-02-24,XLM-USD,0.05357925857733292,Crypto,Crypto
2021-02-24,XRP-USD,-0.0036552233627690223,Crypto,Crypto
2021-02-25,ADA-USD,0.02611024924455374,Crypto,Crypto
2021-02-25,BCH-USD,-0.05716576379558369,Crypto,Crypto
2021-02-25,BTC-USD,-0.052539242009451814,Crypto,Crypto
2021-02-25,EOS-USD,-0.06308294840358508,Crypto,Crypto
2021-02-25,ETC-USD,-0.07485001058541096,Crypto,Crypto
2021-02-25,ETH-USD,-0.09275433646521236,Crypto,Crypto
2021-02-25,LTC-USD,-0.013654618000893626,Crypto,Crypto
2021-02-25,TRX-USD,-0.05877819040617516,Crypto,Crypto
2021-02-25,XLM-USD,-0.06377319323422015,Crypto,Crypto
2021-02-25,XRP-USD,-0.07907053127341968,Crypto,Crypto
2021-02-26,ADA-USD,0.1501126622118778,Crypto,Crypto
2021-02-26,BCH-USD,-0.02495493106421154,Crypto,Crypto
2021-02-26,BTC-USD,-0.016012490351298148,Crypto,Crypto
2021-02-26,EOS-USD,-0.02744291011190292,Crypto,Crypto
2021-02-26,ETC-USD,-0.024588315243556647,Crypto,Crypto
2021-02-26,ETH-USD,-0.02010569143015961,Crypto,Crypto
2021-02-26,LTC-USD,-0.047532728657084244,Crypto,Crypto
2021-02-26,TRX-USD,-0.0007078916736199536,Crypto,Crypto
2021-02-26,XLM-USD,0.050906316722119094,Crypto,Crypto
2021-02-26,XRP-USD,-0.01524429764572599,Crypto,Crypto
2021-03-01,ADA-USD,-0.011980357965345911,Crypto,Crypto
2021-03-01,BCH-USD,0.08922722955436457,Crypto,Crypto
2021-03-01,BTC-USD,0.09955017057586457,Crypto,Crypto
2021-03-01,EOS-USD,0.0667485929586058,Crypto,Crypto
2021-03-01,ETC-USD,0.06609749561160072,Crypto,Crypto
2021-03-01,ETH-USD,0.10498132242232572,Crypto,Crypto
2021-03-01,LTC-USD,0.06251686725106809,Crypto,Crypto
2021-03-01,TRX-USD,0.047560680317822124,Crypto,Crypto
2021-03-01,XLM-USD,0.058199803399691774,Crypto,Crypto
2021-03-01,XRP-USD,0.07781844120937298,Crypto,Crypto
2021-03-02,ADA-USD,-0.05169187635177064,Crypto,Crypto
2021-03-02,BCH-USD,0.03206453784379404,Crypto,Crypto
2021-03-02,BTC-USD,-0.025231161886280384,Crypto,Crypto
2021-03-02,EOS-USD,-0.007474774193548361,Crypto,Crypto
2021-03-02,ETC-USD,-0.008239233919350664,Crypto,Crypto
2021-03-02,ETH-USD,-0.046078177824534605,Crypto,Crypto
2021-03-02,LTC-USD,0.015034057966155867,Crypto,Crypto
2021-03-02,TRX-USD,-0.020264338390160175,Crypto,Crypto
2021-03-02,XLM-USD,-0.02498851034512184,Crypto,Crypto
2021-03-02,XRP-USD,-0.023269179793080852,Crypto,Crypto
2021-03-03,ADA-USD,-0.007334455346293178,Crypto,Crypto
2021-03-03,BCH-USD,0.012696971700296045,Crypto,Crypto
2021-03-03,BTC-USD,0.04463205996986197,Crypto,Crypto
2021-03-03,EOS-USD,0.04650990913304809,Crypto,Crypto
2021-03-03,ETC-USD,0.035204752904903325,Crypto,Crypto
2021-03-03,ETH-USD,0.055771067902868676,Crypto,Crypto
2021-03-03,LTC-USD,0.059892521674441035,Crypto,Crypto
2021-03-03,TRX-USD,0.047663739938818006,Crypto,Crypto
2021-03-03,XLM-USD,0.006053942016292391,Crypto,Crypto
2021-03-03,XRP-USD,0.03077122602908733,Crypto,Crypto
2021-03-04,ADA-USD,-0.08361463529254065,Crypto,Crypto
2021-03-04,BCH-USD,-0.03190621512644731,Crypto,Crypto
2021-03-04,BTC-USD,-0.039120359814156846,Crypto,Crypto
2021-03-04,EOS-USD,-0.021166601323655665,Crypto,Crypto
2021-03-04,ETC-USD,-0.02386856670739257,Crypto,Crypto
2021-03-04,ETH-USD,-0.02153680549869552,Crypto,Crypto
2021-03-04,LTC-USD,-0.03950136695281292,Crypto,Crypto
2021-03-04,TRX-USD,0.04681963263364031,Crypto,Crypto
2021-03-04,XLM-USD,-0.021044595351966122,Crypto,Crypto
2021-03-04,XRP-USD,0.08067440711593243,Crypto,Crypto
2021-03-05,ADA-USD,0.04812669031246264,Crypto,Crypto
2021-03-05,BCH-USD,-0.015553105644978138,Crypto,Crypto
2021-03-05,BTC-USD,0.007539701660092213,Crypto,Crypto
2021-03-05,EOS-USD,-0.01456397824185618,Crypto,Crypto
2021-03-05,ETC-USD,-0.00644669441809842,Crypto,Crypto
2021-03-05,ETH-USD,-0.005602958730816177,Crypto,Crypto
2021-03-05,LTC-USD,-0.0017287188099606166,Crypto,Crypto
2021-03-05,TRX-USD,-0.02162321437297887,Crypto,Crypto
2021-03-05,XLM-USD,-0.017065826091641312,Crypto,Crypto
2021-03-05,XRP-USD,-0.05854026218180408,Crypto,Crypto
2021-03-08,ADA-USD,-0.013511937211664549,Crypto,Crypto
2021-03-08,BCH-USD,0.024843126754244826,Crypto,Crypto
2021-03-08,BTC-USD,0.020306565464276005,Crypto,Crypto
2021-03-08,EOS-USD,0.013234182243835546,Crypto,Crypto
2021-03-08,ETC-USD,0.014058583567858163,Crypto,Crypto
2021-03-08,ETH-USD,0.06474993475523938,Crypto,Crypto
2021-03-08,LTC-USD,0.006125941270345603,Crypto,Crypto
2021-03-08,TRX-USD,0.021093532067335774,Crypto,Crypto
2021-03-08,XLM-USD,0.01135536593250186,Crypto,Crypto
2021-03-08,XRP-USD,0.014415219421942238,Crypto,Crypto
2021-03-09,ADA-USD,0.06896634448274797,Crypto,Crypto
2021-03-09,BCH-USD,0.030300960472869454,Crypto,Crypto
2021-03-09,BTC-USD,0.049335220420617,Crypto,Crypto
2021-03-09,EOS-USD,0.07131815040127387,Crypto,Crypto
2021-03-09,ETC-USD,0.061045588048837196,Crypto,Crypto
2021-03-09,ETH-USD,0.01816123402047265,Crypto,Crypto
2021-03-09,LTC-USD,0.061013471511323525,Crypto,Crypto
2021-03-09,TRX-USD,0.006816520021821537,Crypto,Crypto
2021-03-09,XLM-USD,0.03620801040738697,Crypto,Crypto
2021-03-09,XRP-USD,0.02616359741488372,Crypto,Crypto
2021-03-10,ADA-USD,-0.050334653701767706,Crypto,Crypto
2021-03-10,BCH-USD,0.0033275451621812557,Crypto,Crypto
2021-03-10,BTC-USD,0.021604243798385436,Crypto,Crypto
2021-03-10,EOS-USD,-0.0428021486604353,Crypto,Crypto
2021-03-10,ETC-USD,-0.03317783980362665,Crypto,Crypto
2021-03-10,ETH-USD,-0.03687407273423038,Crypto,Crypto
2021-03-10,LTC-USD,-0.015326237217614058,Crypto,Crypto
2021-03-10,TRX-USD,-0.031143686430795348,Crypto,Crypto
2021-03-10,XLM-USD,-0.05057439989805279,Crypto,Crypto
2021-03-10,XRP-USD,-0.046959992950288854,Crypto,Crypto
2021-03-11,ADA-USD,-0.008998229720426076,Crypto,Crypto
2021-03-11,BCH-USD,0.00538293773480869,Crypto,Crypto
2021-03-11,BTC-USD,0.032076714848716215,Crypto,Crypto
2021-03-11,EOS-USD,-0.00959329275906684,Crypto,Crypto
2021-03-11,ETC-USD,0.020493593132476118,Crypto,Crypto
2021-03-11,ETH-USD,0.015022895397648561,Crypto,Crypto
2021-03-11,LTC-USD,0.0036579204757480888,Crypto,Crypto
2021-03-11,TRX-USD,-0.00021346462854221482,Crypto,Crypto
2021-03-11,XLM-USD,-0.01185333944709177,Crypto,Crypto
2021-03-11,XRP-USD,-0.02203526197855621,Crypto,Crypto
2021-03-12,ADA-USD,-0.07614391809926468,Crypto,Crypto
2021-03-12,BCH-USD,-0.019219778570388146,Crypto,Crypto
2021-03-12,BTC-USD,-0.008183206626845796,Crypto,Crypto
2021-03-12,EOS-USD,-0.041690665594712906,Crypto,Crypto
2021-03-12,ETC-USD,-0.024275147539307262,Crypto,Crypto
2021-03-12,ETH-USD,-0.02962034771084776,Crypto,Crypto
2021-03-12,LTC-USD,0.09728714726098175,Crypto,Crypto
2021-03-12,TRX-USD,-0.02842390773292447,Crypto,Crypto
2021-03-12,XLM-USD,-0.044417354687430244,Crypto,Crypto
2021-03-12,XRP-USD,-0.02611492895236045,Crypto,Crypto
2021-03-15,ADA-USD,-0.02418437363109338,Crypto,Crypto
2021-03-15,BCH-USD,-0.06063988762889172,Crypto,Crypto
2021-03-15,BTC-USD,-0.05725100456855314,Crypto,Crypto
2021-03-15,EOS-USD,-0.038446257234202696,Crypto,Crypto
2021-03-15,ETC-USD,-0.04808234434923242,Crypto,Crypto
2021-03-15,ETH-USD,-0.03389586410902523,Crypto,Crypto
2021-03-15,LTC-USD,-0.06517293666849877,Crypto,Crypto
2021-03-15,TRX-USD,-0.008986125705985004,Crypto,Crypto
2021-03-15,XLM-USD,-0.015411183736046885,Crypto,Crypto
2021-03-15,XRP-USD,-0.010307373525403118,Crypto,Crypto
2021-03-16,ADA-USD,0.20261826071972244,Crypto,Crypto
2021-03-16,BCH-USD,0.008072089166226926,Crypto,Crypto
2021-03-16,BTC-USD,0.01605702194966918,Crypto,Crypto
2021-03-16,EOS-USD,0.06409508117384122,Crypto,Crypto
2021-03-16,ETC-USD,0.020592654681771627,Crypto,Crypto
2021-03-16,ETH-USD,0.008522359714190797,Crypto,Crypto
2021-03-16,LTC-USD,-0.0011128819708268178,Crypto,Crypto
2021-03-16,TRX-USD,0.02865850204792042,Crypto,Crypto
2021-03-16,XLM-USD,0.026583740491063157,Crypto,Crypto
2021-03-16,XRP-USD,0.05723853757709563,Crypto,Crypto
2021-03-17,ADA-USD,0.10919159518713828,Crypto,Crypto
2021-03-17,BCH-USD,0.024010569670624538,Crypto,Crypto
2021-03-17,BTC-USD,0.036369962842253134,Crypto,Crypto
2021-03-17,EOS-USD,0.00266703038639049,Crypto,Crypto
2021-03-17,ETC-USD,0.005080626838182667,Crypto,Crypto
2021-03-17,ETH-USD,0.009118868953279069,Crypto,Crypto
2021-03-17,LTC-USD,0.02500637741597056,Crypto,Crypto
2021-03-17,TRX-USD,0.051207515630911304,Crypto,Crypto
2021-03-17,XLM-USD,0.022734204348408227,Crypto,Crypto
2021-03-17,XRP-USD,0.02122136696413146,Crypto,Crypto
2021-03-18,ADA-USD,-0.10130532711776163,Crypto,Crypto
2021-03-18,BCH-USD,-0.02050148213342806,Crypto,Crypto
2021-03-18,BTC-USD,-0.017189693893861602,Crypto,Crypto
2021-03-18,EOS-USD,0.02243558739956808,Crypto,Crypto
2021-03-18,ETC-USD,-0.02151034870538049,Crypto,Crypto
2021-03-18,ETH-USD,-0.022262334013067764,Crypto,Crypto
2021-03-18,LTC-USD,-0.02683884063139308,Crypto,Crypto
2021-03-18,TRX-USD,-0.02541152853863793,Crypto,Crypto
2021-03-18,XLM-USD,-0.0176284362918514,Crypto,Crypto
2021-03-18,XRP-USD,0.001062600036690009,Crypto,Crypto
2021-03-19,ADA-USD,0.050979570379128036,Crypto,Crypto
2021-03-19,BCH-USD,0.010162859919500278,Crypto,Crypto
2021-03-19,BTC-USD,0.008429650137686817,Crypto,Crypto
2021-03-19,EOS-USD,-0.0012945494731025908,Crypto,Crypto
2021-03-19,ETC-USD,0.006092676927910379,Crypto,Crypto
2021-03-19,ETH-USD,0.019501889367920855,Crypto,Crypto
2021-03-19,LTC-USD,0.0026250126213505087,Crypto,Crypto
2021-03-19,TRX-USD,0.09733473274494542,Crypto,Crypto
2021-03-19,XLM-USD,0.001808336426428525,Crypto,Crypto
2021-03-19,XRP-USD,-0.0036961840442919502,Crypto,Crypto
2021-03-22,ADA-USD,-0.06665821907446934,Crypto,Crypto
2021-03-22,BCH-USD,-0.0251098360448615,Crypto,Crypto
2021-03-22,BTC-USD,-0.05205318540083803,Crypto,Crypto
2021-03-22,EOS-USD,-0.015260067992768023,Crypto,Crypto
2021-03-22,ETC-USD,-0.020811306681332797,Crypto,Crypto
2021-03-22,ETH-USD,-0.0541785781135381,Crypto,Crypto
2021-03-22,LTC-USD,-0.047599764128096966,Crypto,Crypto
2021-03-22,TRX-USD,-0.055801255849458165,Crypto,Crypto
2021-03-22,XLM-USD,-0.020392639587988093,Crypto,Crypto
2021-03-22,XRP-USD,0.05791649582222269,Crypto,Crypto
2021-03-23,ADA-USD,0.01052189736569109,Crypto,Crypto
2021-03-23,BCH-USD,0.005676442087616085,Crypto,Crypto
2021-03-23,BTC-USD,0.0038474981233158623,Crypto,Crypto
2021-03-23,EOS-USD,0.00297032910494055,Crypto,Crypto
2021-03-23,ETC-USD,0.049032335774344515,Crypto,Crypto
2021-03-23,ETH-USD,-0.0074993100167096705,Crypto,Crypto
2021-03-23,LTC-USD,0.0016898399089160243,Crypto,Crypto
2021-03-23,TRX-USD,-0.015628154651778803,Crypto,Crypto
2021-03-23,XLM-USD,0.008433725436876927,Crypto,Crypto
2021-03-23,XRP-USD,0.01209765874282076,Crypto,Crypto
2021-03-24,ADA-USD,-0.0415050179310521,Crypto,Crypto
2021-03-24,BCH-USD,-0.06998475578757513,Crypto,Crypto
2021-03-24,BTC-USD,-0.035891807492523076,Crypto,Crypto
2021-03-24,EOS-USD,-0.09621750227315928,Crypto,Crypto
2021-03-24,ETC-USD,-0.07431691384630212,Crypto,Crypto
2021-03-24,ETH-USD,-0.050776926040515424,Crypto,Crypto
2021-03-24,LTC-USD,-0.05197079631051116,Crypto,Crypto
2021-03-24,TRX-USD,-0.04676185966388924,Crypto,Crypto
2021-03-24,XLM-USD,-0.07860058706895923,Crypto,Crypto
2021-03-24,XRP-USD,-0.12173666741092826,Crypto,Crypto
2021-03-25,ADA-USD,0.024718084404459217,Crypto,Crypto
2021-03-25,BCH-USD,-0.003813844569784397,Crypto,Crypto
2021-03-25,BTC-USD,-0.020277031922222966,Crypto,Crypto
2021-03-25,EOS-USD,-0.0064870297513486275,Crypto,Crypto
2021-03-25,ETC-USD,-0.023478879899070826,Crypto,Crypto
2021-03-25,ETH-USD,0.0012211524752892,Crypto,Crypto
2021-03-25,LTC-USD,-0.02585779445571279,Crypto,Crypto
2021-03-25,TRX-USD,-0.008149217807949083,Crypto,Crypto
2021-03-25,XLM-USD,-0.0074299856938113695,Crypto,Crypto
2021-03-25,XRP-USD,0.058631021040017384,Crypto,Crypto
2021-03-26,ADA-USD,0.102031324128808,Crypto,Crypto
2021-03-26,BCH-USD,0.06423496582811405,Crypto,Crypto
2021-03-26,BTC-USD,0.06639992475218648,Crypto,Crypto
2021-03-26,EOS-USD,0.13217262091828763,Crypto,Crypto
2021-03-26,ETC-USD,0.05628638634160188,Crypto,Crypto
2021-03-26,ETH-USD,0.06737215325548651,Crypto,Crypto
2021-03-26,LTC-USD,0.06481801995426095,Crypto,Crypto
2021-03-26,TRX-USD,0.1668045572820478,Crypto,Crypto
2021-03-26,XLM-USD,0.05904614489173632,Crypto,Crypto
2021-03-26,XRP-USD,0.09576262909206168,Crypto,Crypto
2021-03-29,ADA-USD,0.009585090761771164,Crypto,Crypto
2021-03-29,BCH-USD,0.039185750574134426,Crypto,Crypto
2021-03-29,BTC-USD,0.03216137854506651,Crypto,Crypto
2021-03-29,EOS-USD,0.039330467297111316,Crypto,Crypto
2021-03-29,ETC-USD,0.05842210312667939,Crypto,Crypto
2021-03-29,ETH-USD,0.07587343099405097,Crypto,Crypto
2021-03-29,LTC-USD,0.05105316028077467,Crypto,Crypto
2021-03-29,TRX-USD,0.01931949023833579,Crypto,Crypto
2021-03-29,XLM-USD,0.021390244230077515,Crypto,Crypto
2021-03-29,XRP-USD,0.031075462827884204,Crypto,Crypto
2021-03-30,ADA-USD,0.008961060782769481,Crypto,Crypto
2021-03-30,BCH-USD,0.0135650274551391,Crypto,Crypto
2021-03-30,BTC-USD,0.020216245195582738,Crypto,Crypto
2021-03-30,EOS-USD,0.016923411031964042,Crypto,Crypto
2021-03-30,ETC-USD,0.034897552973529145,Crypto,Crypto
2021-03-30,ETH-USD,0.014479844479645232,Crypto,Crypto
2021-03-30,LTC-USD,0.011350166836679776,Crypto,Crypto
2021-03-30,TRX-USD,0.019987348353014855,Crypto,Crypto
2021-03-30,XLM-USD,-0.0047611177381848835,Crypto,Crypto
2021-03-30,XRP-USD,-0.0017820380057548268,Crypto,Crypto
2021-03-31,ADA-USD,-0.016527443738927783,Crypto,Crypto
2021-03-31,BCH-USD,0.029447912791956465,Crypto,Crypto
2021-03-31,BTC-USD,1.9359634988669328e-05,Crypto,Crypto
2021-03-31,EOS-USD,0.10434967453941724,Crypto,Crypto
2021-03-31,ETC-USD,0.08192681378950506,Crypto,Crypto
2021-03-31,ETH-USD,0.039180416629085224,Crypto,Crypto
2021-03-31,LTC-USD,0.004153918172862481,Crypto,Crypto
2021-03-31,TRX-USD,0.3968465079646215,Crypto,Crypto
2021-03-31,XLM-USD,0.012211110393271607,Crypto,Crypto
2021-03-31,XRP-USD,0.012366360907460905,Crypto,Crypto
2021-04-01,ADA-USD,-0.0033688904020690025,Crypto,Crypto
2021-04-01,BCH-USD,0.03390855409004234,Crypto,Crypto
2021-04-01,BTC-USD,0.0030037350775407035,Crypto,Crypto
2021-04-01,EOS-USD,0.16815949940520492,Crypto,Crypto
2021-04-01,ETC-USD,0.02351837196278539,Crypto,Crypto
2021-04-01,ETH-USD,0.03071098836529318,Crypto,Crypto
2021-04-01,LTC-USD,0.03348581633077985,Crypto,Crypto
2021-04-01,TRX-USD,-0.06707685537914043,Crypto,Crypto
2021-04-01,XLM-USD,0.05260182648726386,Crypto,Crypto
2021-04-01,XRP-USD,0.00944990841223925,Crypto,Crypto
2021-04-05,ADA-USD,0.019204040680964374,Crypto,Crypto
2021-04-05,BCH-USD,0.1448296926764887,Crypto,Crypto
2021-04-05,BTC-USD,0.005094138552963257,Crypto,Crypto
2021-04-05,EOS-USD,0.05652049849767349,Crypto,Crypto
2021-04-05,ETC-USD,0.10335266077254901,Crypto,Crypto
2021-04-05,ETH-USD,0.007053768788714887,Crypto,Crypto
2021-04-05,LTC-USD,0.08344391136328344,Crypto,Crypto
2021-04-05,TRX-USD,0.05682788964619623,Crypto,Crypto
2021-04-05,XLM-USD,0.22512204427868188,Crypto,Crypto
2021-04-05,XRP-USD,0.4232746486921297,Crypto,Crypto
2021-04-06,ADA-USD,0.03380878626333628,Crypto,Crypto
2021-04-06,BCH-USD,0.029584916200539046,Crypto,Crypto
2021-04-06,BTC-USD,-0.014655445594718208,Crypto,Crypto
2021-04-06,EOS-USD,-0.006416170304671898,Crypto,Crypto
2021-04-06,ETC-USD,0.107491101254233,Crypto,Crypto
2021-04-06,ETH-USD,0.004977353239657756,Crypto,Crypto
2021-04-06,LTC-USD,0.07507091567831292,Crypto,Crypto
2021-04-06,TRX-USD,-0.09033455438033122,Crypto,Crypto
2021-04-06,XLM-USD,0.011889213440318569,Crypto,Crypto
2021-04-06,XRP-USD,0.1909812190320337,Crypto,Crypto
2021-04-07,ADA-USD,-0.06389040852374772,Crypto,Crypto
2021-04-07,BCH-USD,-0.07360713641639749,Crypto,Crypto
2021-04-07,BTC-USD,-0.036833390122360865,Crypto,Crypto
2021-04-07,EOS-USD,-0.11790988047448436,Crypto,Crypto
2021-04-07,ETC-USD,0.07447827172915189,Crypto,Crypto
2021-04-07,ETH-USD,-0.06953507481952037,Crypto,Crypto
2021-04-07,LTC-USD,-0.07675187233473468,Crypto,Crypto
2021-04-07,TRX-USD,-0.11330346807166225,Crypto,Crypto
2021-04-07,XLM-USD,-0.12798662117591197,Crypto,Crypto
2021-04-07,XRP-USD,-0.1629987714418627,Crypto,Crypto
2021-04-08,ADA-USD,0.03768635882986415,Crypto,Crypto
2021-04-08,BCH-USD,0.04682616909035553,Crypto,Crypto
2021-04-08,BTC-USD,0.04058980823677527,Crypto,Crypto
2021-04-08,EOS-USD,0.09543805383959225,Crypto,Crypto
2021-04-08,ETC-USD,0.01624836912058525,Crypto,Crypto
2021-04-08,ETH-USD,0.059610275923209555,Crypto,Crypto
2021-04-08,LTC-USD,0.034542059714258944,Crypto,Crypto
2021-04-08,TRX-USD,0.11595732383610935,Crypto,Crypto
2021-04-08,XLM-USD,0.07085872221034895,Crypto,Crypto
2021-04-08,XRP-USD,0.1473228753548943,Crypto,Crypto
2021-04-09,ADA-USD,-0.013035601113695061,Crypto,Crypto
2021-04-09,BCH-USD,-0.01831071407364404,Crypto,Crypto
2021-04-09,BTC-USD,-0.0013536328475677317,Crypto,Crypto
2021-04-09,EOS-USD,-0.0349261965801112,Crypto,Crypto
2021-04-09,ETC-USD,-0.0376243894214765,Crypto,Crypto
2021-04-09,ETH-USD,-0.007883295432574822,Crypto,Crypto
2021-04-09,LTC-USD,-0.022645758146706885,Crypto,Crypto
2021-04-09,TRX-USD,-0.057983278541165806,Crypto,Crypto
2021-04-09,XLM-USD,-0.04030854189398936,Crypto,Crypto
2021-04-09,XRP-USD,-0.030319470030937046,Crypto,Crypto
2021-04-12,ADA-USD,0.03899157013038512,Crypto,Crypto
2021-04-12,BCH-USD,-0.03132635599395894,Crypto,Crypto
2021-04-12,BTC-USD,-0.005174186540237491,Crypto,Crypto
2021-04-12,EOS-USD,-0.038790231069361414,Crypto,Crypto
2021-04-12,ETC-USD,-0.04409624671921397,Crypto,Crypto
2021-04-12,ETH-USD,-0.008483142170705449,Crypto,Crypto
2021-04-12,LTC-USD,-0.03603647125155851,Crypto,Crypto
2021-04-12,TRX-USD,0.05471874154713241,Crypto,Crypto
2021-04-12,XLM-USD,0.0030264431382081014,Crypto,Crypto
2021-04-12,XRP-USD,0.07879652181166441,Crypto,Crypto
2021-04-13,ADA-USD,0.07268221207551528,Crypto,Crypto
2021-04-13,BCH-USD,0.10681767899231698,Crypto,Crypto
2021-04-13,BTC-USD,0.06027376479221824,Crypto,Crypto
2021-04-13,EOS-USD,0.13837246645863477,Crypto,Crypto
2021-04-13,ETC-USD,0.08654377497686938,Crypto,Crypto
2021-04-13,ETH-USD,0.07471158447120319,Crypto,Crypto
2021-04-13,LTC-USD,0.09197392303389407,Crypto,Crypto
2021-04-13,TRX-USD,0.13367119828319352,Crypto,Crypto
2021-04-13,XLM-USD,0.1096593931063159,Crypto,Crypto
2021-04-13,XRP-USD,0.22229211645568725,Crypto,Crypto
2021-04-14,ADA-USD,0.030906991764446,Crypto,Crypto
2021-04-14,BCH-USD,0.09618611053588078,Crypto,Crypto
2021-04-14,BTC-USD,-0.00620063437737306,Crypto,Crypto
2021-04-14,EOS-USD,0.04099816494601671,Crypto,Crypto
2021-04-14,ETC-USD,0.0355646753175789,Crypto,Crypto
2021-04-14,ETH-USD,0.05911532743444026,Crypto,Crypto
2021-04-14,LTC-USD,0.04781956207323157,Crypto,Crypto
2021-04-14,TRX-USD,-0.03830536755696967,Crypto,Crypto
2021-04-14,XLM-USD,-0.028413515937946277,Crypto,Crypto
2021-04-14,XRP-USD,0.025214611489230876,Crypto,Crypto
2021-04-15,ADA-USD,0.017979681787488877,Crypto,Crypto
2021-04-15,BCH-USD,0.06040293173283273,Crypto,Crypto
2021-04-15,BTC-USD,0.003237480473297971,Crypto,Crypto
2021-04-15,EOS-USD,0.027602431236623426,Crypto,Crypto
2021-04-15,ETC-USD,0.3036850487783964,Crypto,Crypto
2021-04-15,ETH-USD,0.03450004461515177,Crypto,Crypto
2021-04-15,LTC-USD,0.024458382187189542,Crypto,Crypto
2021-04-15,TRX-USD,0.1702701228524388,Crypto,Crypto
2021-04-15,XLM-USD,0.006761062175542509,Crypto,Crypto
2021-04-15,XRP-USD,-0.03978227490062303,Crypto,Crypto
2021-04-16,ADA-USD,-0.043628169247986515,Crypto,Crypto
2021-04-16,BCH-USD,0.2793264275660756,Crypto,Crypto
2021-04-16,BTC-USD,-0.027501379378466195,Crypto,Crypto
2021-04-16,EOS-USD,0.08111191033236831,Crypto,Crypto
2021-04-16,ETC-USD,0.34500732026215153,Crypto,Crypto
2021-04-16,ETH-USD,-0.034603277671709454,Crypto,Crypto
2021-04-16,LTC-USD,0.08382035099346696,Crypto,Crypto
2021-04-16,TRX-USD,-0.015554134070092429,Crypto,Crypto
2021-04-16,XLM-USD,-0.043331172761132186,Crypto,Crypto
2021-04-16,XRP-USD,-0.11808163487917933,Crypto,Crypto
2021-04-19,ADA-USD,-0.06079341826922269,Crypto,Crypto
2021-04-19,BCH-USD,-0.0740966988215711,Crypto,Crypto
2021-04-19,BTC-USD,-0.008750468945115109,Crypto,Crypto
2021-04-19,EOS-USD,-0.0851435279454249,Crypto,Crypto
2021-04-19,ETC-USD,-0.0948751501707733,Crypto,Crypto
2021-04-19,ETH-USD,-0.03171385720426667,Crypto,Crypto
2021-04-19,LTC-USD,-0.04093608355527867,Crypto,Crypto
2021-04-19,TRX-USD,-0.0884664638601016,Crypto,Crypto
2021-04-19,XLM-USD,-0.07985550031075206,Crypto,Crypto
2021-04-19,XRP-USD,-0.06468995450878834,Crypto,Crypto
2021-04-20,ADA-USD,0.05674238208623006,Crypto,Crypto
2021-04-20,BCH-USD,0.05240656531784049,Crypto,Crypto
2021-04-20,BTC-USD,0.013436976092944253,Crypto,Crypto
2021-04-20,EOS-USD,0.008865664305948595,Crypto,Crypto
2021-04-20,ETC-USD,0.0040859680666089915,Crypto,Crypto
2021-04-20,ETH-USD,0.07571926454479683,Crypto,Crypto
2021-04-20,LTC-USD,-0.003733497511059891,Crypto,Crypto
2021-04-20,TRX-USD,0.02146829514366444,Crypto,Crypto
2021-04-20,XLM-USD,0.05330044280678892,Crypto,Crypto
2021-04-20,XRP-USD,0.05190316468760181,Crypto,Crypto
2021-04-21,ADA-USD,-0.04676308244213623,Crypto,Crypto
2021-04-21,BCH-USD,-0.028779545868783618,Crypto,Crypto
2021-04-21,BTC-USD,-0.045454287638402646,Crypto,Crypto
2021-04-21,EOS-USD,-0.05044269388534195,Crypto,Crypto
2021-04-21,ETC-USD,-0.043932413033277995,Crypto,Crypto
2021-04-21,ETH-USD,0.014823023499079602,Crypto,Crypto
2021-04-21,LTC-USD,-0.008184759627653304,Crypto,Crypto
2021-04-21,TRX-USD,-0.0748299586416763,Crypto,Crypto
2021-04-21,XLM-USD,-0.06792688617177856,Crypto,Crypto
2021-04-21,XRP-USD,-0.06274930620625574,Crypto,Crypto
2021-04-22,ADA-USD,-0.04948726279724036,Crypto,Crypto
2021-04-22,BCH-USD,-0.06546388296283712,Crypto,Crypto
2021-04-22,BTC-USD,-0.0397694659817468,Crypto,Crypto
2021-04-22,EOS-USD,-0.07664703207234136,Crypto,Crypto
2021-04-22,ETC-USD,0.04216697457126761,Crypto,Crypto
2021-04-22,ETH-USD,0.016400642451499525,Crypto,Crypto
2021-04-22,LTC-USD,-0.022129540776992807,Crypto,Crypto
2021-04-22,TRX-USD,-0.10521614492626241,Crypto,Crypto
2021-04-22,XLM-USD,-0.0848262868591686,Crypto,Crypto
2021-04-22,XRP-USD,-0.10552728333964545,Crypto,Crypto
2021-04-23,ADA-USD,0.0075718082419686805,Crypto,Crypto
2021-04-23,BCH-USD,-0.01783293086441262,Crypto,Crypto
2021-04-23,BTC-USD,-0.012917150838772984,Crypto,Crypto
2021-04-23,EOS-USD,-0.04937025072495038,Crypto,Crypto
2021-04-23,ETC-USD,-0.02846030419095802,Crypto,Crypto
2021-04-23,ETH-USD,-0.01662092376951263,Crypto,Crypto
2021-04-23,LTC-USD,-0.046308085203056626,Crypto,Crypto
2021-04-23,TRX-USD,-0.010033557042439467,Crypto,Crypto
2021-04-23,XLM-USD,0.001212419688197519,Crypto,Crypto
2021-04-23,XRP-USD,0.008604028035021694,Crypto,Crypto
2021-04-26,ADA-USD,0.13394807678425336,Crypto,Crypto
2021-04-26,BCH-USD,0.12110372715336348,Crypto,Crypto
2021-04-26,BTC-USD,0.10238907033660749,Crypto,Crypto
2021-04-26,EOS-USD,0.17574950949221368,Crypto,Crypto
2021-04-26,ETC-USD,0.1270902431536023,Crypto,Crypto
2021-04-26,ETH-USD,0.09430764300727978,Crypto,Crypto
2021-04-26,LTC-USD,0.10630401754148111,Crypto,Crypto
2021-04-26,TRX-USD,0.1559460106597983,Crypto,Crypto
2021-04-26,XLM-USD,0.1661039403532769,Crypto,Crypto
2021-04-26,XRP-USD,0.3257427859022859,Crypto,Crypto
2021-04-27,ADA-USD,0.059081685311265675,Crypto,Crypto
2021-04-27,BCH-USD,0.045195771318257805,Crypto,Crypto
2021-04-27,BTC-USD,0.018721407731506323,Crypto,Crypto
2021-04-27,EOS-USD,0.03244591221567794,Crypto,Crypto
2021-04-27,ETC-USD,0.027463316536876947,Crypto,Crypto
2021-04-27,ETH-USD,0.050654753378619466,Crypto,Crypto
2021-04-27,LTC-USD,0.049499028462757,Crypto,Crypto
2021-04-27,TRX-USD,0.0724583035530304,Crypto,Crypto
2021-04-27,XLM-USD,0.0491525660890928,Crypto,Crypto
2021-04-27,XRP-USD,0.023711264771521634,Crypto,Crypto
2021-04-28,ADA-USD,0.021989733381323706,Crypto,Crypto
2021-04-28,BCH-USD,0.024759774354941477,Crypto,Crypto
2021-04-28,BTC-USD,-0.003787066282106566,Crypto,Crypto
2021-04-28,EOS-USD,-0.014087673953691038,Crypto,Crypto
2021-04-28,ETC-USD,0.03864751737409833,Crypto,Crypto
2021-04-28,ETH-USD,0.03136279354284577,Crypto,Crypto
2021-04-28,LTC-USD,-0.004417928593373532,Crypto,Crypto
2021-04-28,TRX-USD,-0.024722893872605844,Crypto,Crypto
2021-04-28,XLM-USD,-0.023808621304666655,Crypto,Crypto
2021-04-28,XRP-USD,-0.030232226480765623,Crypto,Crypto
2021-04-29,ADA-USD,-0.02070271102956367,Crypto,Crypto
2021-04-29,BCH-USD,-0.03207189630261498,Crypto,Crypto
2021-04-29,BTC-USD,-0.02315733013830157,Crypto,Crypto
2021-04-29,EOS-USD,-0.012272877334662091,Crypto,Crypto
2021-04-29,ETC-USD,-0.015908300070748616,Crypto,Crypto
2021-04-29,ETH-USD,0.003822058741562495,Crypto,Crypto
2021-04-29,LTC-USD,-0.011295292465307138,Crypto,Crypto
2021-04-29,TRX-USD,-0.011566302902983883,Crypto,Crypto
2021-04-29,XLM-USD,-0.011163174981122959,Crypto,Crypto
2021-04-29,XRP-USD,0.030000690546471365,Crypto,Crypto
2021-04-30,ADA-USD,0.03397136656399402,Crypto,Crypto
2021-04-30,BCH-USD,0.12803991400267556,Crypto,Crypto
2021-04-30,BTC-USD,0.07833176806484676,Crypto,Crypto
2021-04-30,EOS-USD,0.09434712856723682,Crypto,Crypto
2021-04-30,ETC-USD,0.05544206993056533,Crypto,Crypto
2021-04-30,ETH-USD,0.005923397526498064,Crypto,Crypto
2021-04-30,LTC-USD,0.06096524210455434,Crypto,Crypto
2021-04-30,TRX-USD,0.09041354546439262,Crypto,Crypto
2021-04-30,XLM-USD,0.0767166027278321,Crypto,Crypto
2021-04-30,XRP-USD,0.1374299942702255,Crypto,Crypto
2021-05-03,ADA-USD,0.026543323127380836,Crypto,Crypto
2021-05-03,BCH-USD,0.043753442268980924,Crypto,Crypto
2021-05-03,BTC-USD,0.010051280367532334,Crypto,Crypto
2021-05-03,EOS-USD,0.04400842035757302,Crypto,Crypto
2021-05-03,ETC-USD,0.15936609615513198,Crypto,Crypto
2021-05-03,ETH-USD,0.16226995848861292,Crypto,Crypto
2021-05-03,LTC-USD,0.09512903815508533,Crypto,Crypto
2021-05-03,TRX-USD,0.031029406134114534,Crypto,Crypto
2021-05-03,XLM-USD,-0.013136859975978799,Crypto,Crypto
2021-05-03,XRP-USD,-0.004253079880256805,Crypto,Crypto
2021-05-04,ADA-USD,-0.06454996947189173,Crypto,Crypto
2021-05-04,BCH-USD,-0.061061195769501087,Crypto,Crypto
2021-05-04,BTC-USD,-0.06760024652955021,Crypto,Crypto
2021-05-04,EOS-USD,-0.06579956962549782,Crypto,Crypto
2021-05-04,ETC-USD,0.3348262905754864,Crypto,Crypto
2021-05-04,ETH-USD,-0.051720294307653125,Crypto,Crypto
2021-05-04,LTC-USD,0.03912565377093036,Crypto,Crypto
2021-05-04,TRX-USD,-0.09284728636374029,Crypto,Crypto
2021-05-04,XLM-USD,-0.08841747840912939,Crypto,Crypto
2021-05-04,XRP-USD,-0.10515396434987212,Crypto,Crypto
2021-05-05,ADA-USD,0.1580850631052455,Crypto,Crypto
2021-05-05,BCH-USD,0.5232012301314997,Crypto,Crypto
2021-05-05,BTC-USD,0.07669599321369813,Crypto,Crypto
2021-05-05,EOS-USD,0.37969096923150314,Crypto,Crypto
2021-05-05,ETC-USD,0.35652917906193804,Crypto,Crypto
2021-05-05,ETH-USD,0.08272417536125909,Crypto,Crypto
2021-05-05,LTC-USD,0.16262890779308425,Crypto,Crypto
2021-05-05,TRX-USD,0.22579870152440673,Crypto,Crypto
2021-05-05,XLM-USD,0.19889017034922363,Crypto,Crypto
2021-05-05,XRP-USD,0.1595373873639394,Crypto,Crypto
2021-05-06,ADA-USD,0.11832705668950938,Crypto,Crypto
2021-05-06,BCH-USD,0.03493674042447803,Crypto,Crypto
2021-05-06,BTC-USD,-0.01789307689659958,Crypto,Crypto
2021-05-06,EOS-USD,0.30140536599420753,Crypto,Crypto
2021-05-06,ETC-USD,0.42258251683374093,Crypto,Crypto
2021-05-06,ETH-USD,-0.00905614401787469,Crypto,Crypto
2021-05-06,LTC-USD,-0.007096826562407954,Crypto,Crypto
2021-05-06,TRX-USD,0.03703374119693925,Crypto,Crypto
2021-05-06,XLM-USD,0.07888740844770759,Crypto,Crypto
2021-05-06,XRP-USD,-0.008628562112563465,Crypto,Crypto
2021-05-07,ADA-USD,0.0020174476058540947,Crypto,Crypto
2021-05-07,BCH-USD,-0.10793067305660131,Crypto,Crypto
2021-05-07,BTC-USD,0.017020319573156195,Crypto,Crypto
2021-05-07,EOS-USD,-0.08800366979487373,Crypto,Crypto
2021-05-07,ETC-USD,-0.10418996654148405,Crypto,Crypto
2021-05-07,ETH-USD,-0.0017621248893077146,Crypto,Crypto
2021-05-07,LTC-USD,-0.020527758227052217,Crypto,Crypto
2021-05-07,TRX-USD,-0.0269679462017568,Crypto,Crypto
2021-05-07,XLM-USD,-0.03172651619079292,Crypto,Crypto
2021-05-07,XRP-USD,-0.011761983464672943,Crypto,Crypto
2021-05-10,ADA-USD,-0.07108819219001505,Crypto,Crypto
2021-05-10,BCH-USD,-0.07499161718154779,Crypto,Crypto
2021-05-10,BTC-USD,-0.04074231762821234,Crypto,Crypto
2021-05-10,EOS-USD,-0.1211164211986292,Crypto,Crypto
2021-05-10,ETC-USD,-0.10522621427062517,Crypto,Crypto
2021-05-10,ETH-USD,0.005968476837850734,Crypto,Crypto
2021-05-10,LTC-USD,-0.07018089160425955,Crypto,Crypto
2021-05-10,TRX-USD,-0.10999825931493357,Crypto,Crypto
2021-05-10,XLM-USD,0.04930090376677421,Crypto,Crypto
2021-05-10,XRP-USD,-0.09528276754408405,Crypto,Crypto
2021-05-11,ADA-USD,0.07258542072711527,Crypto,Crypto
2021-05-11,BCH-USD,0.16726482362268236,Crypto,Crypto
2021-05-11,BTC-USD,0.01512317249631967,Crypto,Crypto
2021-05-11,EOS-USD,0.5520823759487123,Crypto,Crypto
2021-05-11,ETC-USD,0.05822428526317003,Crypto,Crypto
2021-05-11,ETH-USD,0.05475484100041772,Crypto,Crypto
2021-05-11,LTC-USD,0.050258851689960915,Crypto,Crypto
2021-05-11,TRX-USD,0.09175125880412915,Crypto,Crypto
2021-05-11,XLM-USD,0.10676059848368391,Crypto,Crypto
2021-05-11,XRP-USD,0.06384131861895992,Crypto,Crypto
2021-05-12,ADA-USD,-0.11978044552866407,Crypto,Crypto
2021-05-12,BCH-USD,-0.21564624116757602,Crypto,Crypto
2021-05-12,BTC-USD,-0.1332174549686006,Crypto,Crypto
2021-05-12,EOS-USD,-0.2840783960394502,Crypto,Crypto
2021-05-12,ETC-USD,-0.2553630272130628,Crypto,Crypto
2021-05-12,ETH-USD,-0.09183976573938502,Crypto,Crypto
2021-05-12,LTC-USD,-0.19688958907273302,Crypto,Crypto
2021-05-12,TRX-USD,-0.14498003800801917,Crypto,Crypto
2021-05-12,XLM-USD,-0.19355039939003704,Crypto,Crypto
2021-05-12,XRP-USD,-0.15552601124825993,Crypto,Crypto
2021-05-13,ADA-USD,0.24529824720065174,Crypto,Crypto
2021-05-13,BCH-USD,0.03462143787879368,Crypto,Crypto
2021-05-13,BTC-USD,0.011508648851976444,Crypto,Crypto
2021-05-13,EOS-USD,0.035516910083254416,Crypto,Crypto
2021-05-13,ETC-USD,0.06059364037992854,Crypto,Crypto
2021-05-13,ETH-USD,-0.0186748605582725,Crypto,Crypto
2021-05-13,LTC-USD,0.0456125141406345,Crypto,Crypto
2021-05-13,TRX-USD,0.02337003837049978,Crypto,Crypto
2021-05-13,XLM-USD,0.09418294187680232,Crypto,Crypto
2021-05-13,XRP-USD,0.08898882883406145,Crypto,Crypto
2021-05-14,ADA-USD,0.03678398262278715,Crypto,Crypto
2021-05-14,BCH-USD,0.03752732385124746,Crypto,Crypto
2021-05-14,BTC-USD,0.00330563837155351,Crypto,Crypto
2021-05-14,EOS-USD,0.04963989208403752,Crypto,Crypto
2021-05-14,ETC-USD,0.18626659572750004,Crypto,Crypto
2021-05-14,ETH-USD,0.09795273100628976,Crypto,Crypto
2021-05-14,LTC-USD,0.029423317574246655,Crypto,Crypto
2021-05-14,TRX-USD,0.027191218259758676,Crypto,Crypto
2021-05-14,XLM-USD,0.03708918059120614,Crypto,Crypto
2021-05-14,XRP-USD,0.032384090233813945,Crypto,Crypto
2021-05-17,ADA-USD,-0.1199105184219672,Crypto,Crypto
2021-05-17,BCH-USD,-0.08562476264404817,Crypto,Crypto
2021-05-17,BTC-USD,-0.06282381595309616,Crypto,Crypto
2021-05-17,EOS-USD,-0.0958666476830663,Crypto,Crypto
2021-05-17,ETC-USD,-0.041068874755180285,Crypto,Crypto
2021-05-17,ETH-USD,-0.08504749250140786,Crypto,Crypto
2021-05-17,LTC-USD,-0.05008891575251739,Crypto,Crypto
2021-05-17,TRX-USD,-0.05552860181009467,Crypto,Crypto
2021-05-17,XLM-USD,-0.09617924701095182,Crypto,Crypto
2021-05-17,XRP-USD,0.030079746633290938,Crypto,Crypto
2021-05-18,ADA-USD,-0.014055511091683126,Crypto,Crypto
2021-05-18,BCH-USD,0.02142250838060744,Crypto,Crypto
2021-05-18,BTC-USD,-0.014426855146374762,Crypto,Crypto
2021-05-18,EOS-USD,0.019912106675915586,Crypto,Crypto
2021-05-18,ETC-USD,-0.014020188392649735,Crypto,Crypto
2021-05-18,ETH-USD,0.029756407375664207,Crypto,Crypto
2021-05-18,LTC-USD,0.04560470320806287,Crypto,Crypto
2021-05-18,TRX-USD,0.03115084636733867,Crypto,Crypto
2021-05-18,XLM-USD,0.0023451290217957332,Crypto,Crypto
2021-05-18,XRP-USD,0.06311169152908969,Crypto,Crypto
2021-05-19,ADA-USD,-0.2600942792737907,Crypto,Crypto
2021-05-19,BCH-USD,-0.3524843326069095,Crypto,Crypto
2021-05-19,BTC-USD,-0.13766122609163733,Crypto,Crypto
2021-05-19,EOS-USD,-0.3832731473391966,Crypto,Crypto
2021-05-19,ETC-USD,-0.32201439153450073,Crypto,Crypto
2021-05-19,ETH-USD,-0.2720034941722024,Crypto,Crypto
2021-05-19,LTC-USD,-0.3567286431879725,Crypto,Crypto
2021-05-19,TRX-USD,-0.31837159107727875,Crypto,Crypto
2021-05-19,XLM-USD,-0.30394597370787746,Crypto,Crypto
2021-05-19,XRP-USD,-0.3271577941439642,Crypto,Crypto
2021-05-20,ADA-USD,0.22120965677218152,Crypto,Crypto
2021-05-20,BCH-USD,0.16242977310383822,Crypto,Crypto
2021-05-20,BTC-USD,0.10216344466291027,Crypto,Crypto
2021-05-20,EOS-USD,0.1591146041520224,Crypto,Crypto
2021-05-20,ETC-USD,0.23176248873295546,Crypto,Crypto
2021-05-20,ETH-USD,0.13151449824793127,Crypto,Crypto
2021-05-20,LTC-USD,0.12007147277292485,Crypto,Crypto
2021-05-20,TRX-USD,0.12939293058888146,Crypto,Crypto
2021-05-20,XLM-USD,0.10470733345939887,Crypto,Crypto
2021-05-20,XRP-USD,0.10765449572731822,Crypto,Crypto
2021-05-21,ADA-USD,-0.14261059311668978,Crypto,Crypto
2021-05-21,BCH-USD,-0.16266222760497417,Crypto,Crypto
2021-05-21,BTC-USD,-0.08528232829817228,Crypto,Crypto
2021-05-21,EOS-USD,-0.16657043073174693,Crypto,Crypto
2021-05-21,ETC-USD,-0.13517318098946118,Crypto,Crypto
2021-05-21,ETH-USD,-0.12702423935739582,Crypto,Crypto
2021-05-21,LTC-USD,-0.1511196775037812,Crypto,Crypto
2021-05-21,TRX-USD,-0.13031684487954187,Crypto,Crypto
2021-05-21,XLM-USD,-0.1572278372219078,Crypto,Crypto
2021-05-21,XRP-USD,-0.15061611331517677,Crypto,Crypto
2021-05-24,ADA-USD,0.16903794132389227,Crypto,Crypto
2021-05-24,BCH-USD,0.34574387875757506,Crypto,Crypto
2021-05-24,BTC-USD,0.11318183957815453,Crypto,Crypto
2021-05-24,EOS-USD,0.29771353066962236,Crypto,Crypto
2021-05-24,ETC-USD,0.41290192764650846,Crypto,Crypto
2021-05-24,ETH-USD,0.2531362984543515,Crypto,Crypto
2021-05-24,LTC-USD,0.28201603604628467,Crypto,Crypto
2021-05-24,TRX-USD,0.21433665762186593,Crypto,Crypto
2021-05-24,XLM-USD,0.19547586158168295,Crypto,Crypto
2021-05-24,XRP-USD,0.24569170111817562,Crypto,Crypto
2021-05-25,ADA-USD,0.003797423946505063,Crypto,Crypto
2021-05-25,BCH-USD,-0.038045232068363966,Crypto,Crypto
2021-05-25,BTC-USD,-0.007847826326095597,Crypto,Crypto
2021-05-25,EOS-USD,0.01781292214065955,Crypto,Crypto
2021-05-25,ETC-USD,0.06568086024794839,Crypto,Crypto
2021-05-25,ETH-USD,0.023845534449147276,Crypto,Crypto
2021-05-25,LTC-USD,-0.0026969941464918268,Crypto,Crypto
2021-05-25,TRX-USD,0.007272868876951444,Crypto,Crypto
2021-05-25,XLM-USD,-0.024764485119951885,Crypto,Crypto
2021-05-25,XRP-USD,-0.01676813847769887,Crypto,Crypto
2021-05-26,ADA-USD,0.146160137425281,Crypto,Crypto
2021-05-26,BCH-USD,0.06264483653897113,Crypto,Crypto
2021-05-26,BTC-USD,0.023227211885217036,Crypto,Crypto
2021-05-26,EOS-USD,0.12708118864291706,Crypto,Crypto
2021-05-26,ETC-USD,0.021551191624815225,Crypto,Crypto
2021-05-26,ETH-USD,0.06726811488576234,Crypto,Crypto
2021-05-26,LTC-USD,0.08570365611433761,Crypto,Crypto
2021-05-26,TRX-USD,0.0771211899179367,Crypto,Crypto
2021-05-26,XLM-USD,0.03698809131716074,Crypto,Crypto
2021-05-26,XRP-USD,0.058941609627725544,Crypto,Crypto
2021-05-27,ADA-USD,-0.07670491095991361,Crypto,Crypto
2021-05-27,BCH-USD,-0.024957557345451242,Crypto,Crypto
2021-05-27,BTC-USD,-0.021815700174415475,Crypto,Crypto
2021-05-27,EOS-USD,0.08410321633365148,Crypto,Crypto
2021-05-27,ETC-USD,-0.07033410031581,Crypto,Crypto
2021-05-27,ETH-USD,-0.052691616288219056,Crypto,Crypto
2021-05-27,LTC-USD,-0.030635017431343448,Crypto,Crypto
2021-05-27,TRX-USD,-0.04913448458516323,Crypto,Crypto
2021-05-27,XLM-USD,-0.05865643914263752,Crypto,Crypto
2021-05-27,XRP-USD,-0.06141868651771765,Crypto,Crypto
2021-05-28,ADA-USD,-0.0813950549248793,Crypto,Crypto
2021-05-28,BCH-USD,-0.07508119964705484,Crypto,Crypto
2021-05-28,BTC-USD,-0.07126897282320166,Crypto,Crypto
2021-05-28,EOS-USD,-0.12230120397158895,Crypto,Crypto
2021-05-28,ETC-USD,-0.08008084442069285,Crypto,Crypto
2021-05-28,ETH-USD,-0.115689239130076,Crypto,Crypto
2021-05-28,LTC-USD,-0.08181618067214147,Crypto,Crypto
2021-05-28,TRX-USD,-0.08924713561024855,Crypto,Crypto
2021-05-28,XLM-USD,-0.047299140235047554,Crypto,Crypto
2021-05-28,XRP-USD,-0.07223715526910757,Crypto,Crypto
2021-06-01,ADA-USD,-0.004604677826798409,Crypto,Crypto
2021-06-01,BCH-USD,-0.017728381538918314,Crypto,Crypto
2021-06-01,BTC-USD,-0.017355481635803582,Crypto,Crypto
2021-06-01,EOS-USD,-0.051981386144949626,Crypto,Crypto
2021-06-01,ETC-USD,-0.03459652544031211,Crypto,Crypto
2021-06-01,ETH-USD,-0.0299921333878157,Crypto,Crypto
2021-06-01,LTC-USD,-0.026872731625277146,Crypto,Crypto
2021-06-01,TRX-USD,-0.01019243651799473,Crypto,Crypto
2021-06-01,XLM-USD,0.03545550403650455,Crypto,Crypto
2021-06-01,XRP-USD,-0.033999200171583865,Crypto,Crypto
2021-06-02,ADA-USD,0.010417008110753079,Crypto,Crypto
2021-06-02,BCH-USD,0.009414315603664347,Crypto,Crypto
2021-06-02,BTC-USD,0.02426756732611457,Crypto,Crypto
2021-06-02,EOS-USD,0.011478773149791177,Crypto,Crypto
2021-06-02,ETC-USD,0.0089203123341699,Crypto,Crypto
2021-06-02,ETH-USD,0.027570223894910928,Crypto,Crypto
2021-06-02,LTC-USD,0.023408367518433115,Crypto,Crypto
2021-06-02,TRX-USD,0.025021037203875496,Crypto,Crypto
2021-06-02,XLM-USD,0.003112223996223795,Crypto,Crypto
2021-06-02,XRP-USD,0.013253206532191086,Crypto,Crypto
2021-06-03,ADA-USD,0.05000335628597674,Crypto,Crypto
2021-06-03,BCH-USD,0.02942375102386552,Crypto,Crypto
2021-06-03,BTC-USD,0.043475133082156336,Crypto,Crypto
2021-06-03,EOS-USD,0.024330336686091858,Crypto,Crypto
2021-06-03,ETC-USD,0.020584225353244,Crypto,Crypto
2021-06-03,ETH-USD,0.05506082122730849,Crypto,Crypto
2021-06-03,LTC-USD,0.03109089469068005,Crypto,Crypto
2021-06-03,TRX-USD,0.052254592731328264,Crypto,Crypto
2021-06-03,XLM-USD,0.01511418177545476,Crypto,Crypto
2021-06-03,XRP-USD,0.020422678624834045,Crypto,Crypto
2021-06-04,ADA-USD,-0.07039663864022194,Crypto,Crypto
2021-06-04,BCH-USD,-0.06584889799597404,Crypto,Crypto
2021-06-04,BTC-USD,-0.05902658087058821,Crypto,Crypto
2021-06-04,EOS-USD,-0.0776137195503388,Crypto,Crypto
2021-06-04,ETC-USD,-0.07049055455490116,Crypto,Crypto
2021-06-04,ETH-USD,-0.05846725128986907,Crypto,Crypto
2021-06-04,LTC-USD,-0.07361568933885121,Crypto,Crypto
2021-06-04,TRX-USD,-0.05926767488436124,Crypto,Crypto
2021-06-04,XLM-USD,-0.09475647770625617,Crypto,Crypto
2021-06-04,XRP-USD,-0.0718678567665223,Crypto,Crypto
2021-06-07,ADA-USD,-0.06801262806622876,Crypto,Crypto
2021-06-07,BCH-USD,-0.09341178065075506,Crypto,Crypto
2021-06-07,BTC-USD,-0.06418068028941804,Crypto,Crypto
2021-06-07,EOS-USD,-0.11595916364930436,Crypto,Crypto
2021-06-07,ETC-USD,-0.09741427437934935,Crypto,Crypto
2021-06-07,ETH-USD,-0.04597617844406354,Crypto,Crypto
2021-06-07,LTC-USD,-0.08439016737901639,Crypto,Crypto
2021-06-07,TRX-USD,-0.07594147852124233,Crypto,Crypto
2021-06-07,XLM-USD,-0.09186241161528819,Crypto,Crypto
2021-06-07,XRP-USD,-0.08900058243549336,Crypto,Crypto
2021-06-08,ADA-USD,0.015295634248001955,Crypto,Crypto
2021-06-08,BCH-USD,0.0017017982539673238,Crypto,Crypto
2021-06-08,BTC-USD,-0.0026243254847995168,Crypto,Crypto
2021-06-08,EOS-USD,-0.020856006778354197,Crypto,Crypto
2021-06-08,ETC-USD,-0.016496769771285447,Crypto,Crypto
2021-06-08,ETH-USD,-0.028114696356679736,Crypto,Crypto
2021-06-08,LTC-USD,-0.003535037763268023,Crypto,Crypto
2021-06-08,TRX-USD,0.014129898360603965,Crypto,Crypto
2021-06-08,XLM-USD,0.012520552836218224,Crypto,Crypto
2021-06-08,XRP-USD,0.01699229563456206,Crypto,Crypto
2021-06-09,ADA-USD,0.02317083066812775,Crypto,Crypto
2021-06-09,BCH-USD,0.06037795059880846,Crypto,Crypto
2021-06-09,BTC-USD,0.11569117681725527,Crypto,Crypto
2021-06-09,EOS-USD,0.049210060323624294,Crypto,Crypto
2021-06-09,ETC-USD,0.0891710198274609,Crypto,Crypto
2021-06-09,ETH-USD,0.03607967431090309,Crypto,Crypto
2021-06-09,LTC-USD,0.06811561078492678,Crypto,Crypto
2021-06-09,TRX-USD,0.03775143517513624,Crypto,Crypto
2021-06-09,XLM-USD,0.03914800523706519,Crypto,Crypto
2021-06-09,XRP-USD,0.05052138106089821,Crypto,Crypto
2021-06-10,ADA-USD,-0.05721778414541778,Crypto,Crypto
2021-06-10,BCH-USD,-0.04785228559560328,Crypto,Crypto
2021-06-10,BTC-USD,-0.01720501684509279,Crypto,Crypto
2021-06-10,EOS-USD,-0.04435724939170238,Crypto,Crypto
2021-06-10,ETC-USD,-0.0651608737984779,Crypto,Crypto
2021-06-10,ETH-USD,-0.05242888494385056,Crypto,Crypto
2021-06-10,LTC-USD,-0.02286292183714278,Crypto,Crypto
2021-06-10,TRX-USD,-0.0366964950194536,Crypto,Crypto
2021-06-10,XLM-USD,-0.06884882642381795,Crypto,Crypto
2021-06-10,XRP-USD,-0.055271871683196916,Crypto,Crypto
2021-06-11,ADA-USD,-0.06232893193136768,Crypto,Crypto
2021-06-11,BCH-USD,-0.04076427420345241,Crypto,Crypto
2021-06-11,BTC-USD,0.01721406171757467,Crypto,Crypto
2021-06-11,EOS-USD,-0.03175961307087083,Crypto,Crypto
2021-06-11,ETC-USD,-0.017030234972461367,Crypto,Crypto
2021-06-11,ETH-USD,-0.04764267524354615,Crypto,Crypto
2021-06-11,LTC-USD,-0.03164353940850684,Crypto,Crypto
2021-06-11,TRX-USD,-0.04773516571639069,Crypto,Crypto
2021-06-11,XLM-USD,-0.06057898968362241,Crypto,Crypto
2021-06-11,XRP-USD,-0.023852295368118392,Crypto,Crypto
2021-06-14,ADA-USD,0.01074908378015671,Crypto,Crypto
2021-06-14,BCH-USD,0.01792870383865197,Crypto,Crypto
2021-06-14,BTC-USD,0.028661855288592664,Crypto,Crypto
2021-06-14,EOS-USD,0.00732938887942769,Crypto,Crypto
2021-06-14,ETC-USD,0.0016952666888008228,Crypto,Crypto
2021-06-14,ETH-USD,0.011760329487777943,Crypto,Crypto
2021-06-14,LTC-USD,0.011807223021772728,Crypto,Crypto
2021-06-14,TRX-USD,0.009726591312612332,Crypto,Crypto
2021-06-14,XLM-USD,0.01036178185958092,Crypto,Crypto
2021-06-14,XRP-USD,0.011025199085966664,Crypto,Crypto
2021-06-15,ADA-USD,0.014377453080228753,Crypto,Crypto
2021-06-15,BCH-USD,0.02212305342134635,Crypto,Crypto
2021-06-15,BTC-USD,0.004669320789865594,Crypto,Crypto
2021-06-15,EOS-USD,0.03055074703689087,Crypto,Crypto
2021-06-15,ETC-USD,0.003726950392340278,Crypto,Crypto
2021-06-15,ETH-USD,0.028782028478138377,Crypto,Crypto
2021-06-15,LTC-USD,0.03301738637590801,Crypto,Crypto
2021-06-15,TRX-USD,0.004138283489382166,Crypto,Crypto
2021-06-15,XLM-USD,-0.01288543002544007,Crypto,Crypto
2021-06-15,XRP-USD,-0.003468482595105127,Crypto,Crypto
2021-06-16,ADA-USD,-0.07209047799853596,Crypto,Crypto
2021-06-16,BCH-USD,-0.0722115574853085,Crypto,Crypto
2021-06-16,BTC-USD,-0.05096256237308472,Crypto,Crypto
2021-06-16,EOS-USD,-0.07960278332129578,Crypto,Crypto
2021-06-16,ETC-USD,-0.06913393253913924,Crypto,Crypto
2021-06-16,ETH-USD,-0.09317467829181958,Crypto,Crypto
2021-06-16,LTC-USD,-0.06828906624723796,Crypto,Crypto
2021-06-16,TRX-USD,-0.05008888199695405,Crypto,Crypto
2021-06-16,XLM-USD,-0.07690489380515708,Crypto,Crypto
2021-06-16,XRP-USD,-0.06506183831091505,Crypto,Crypto
2021-06-17,ADA-USD,-0.00025569434523109447,Crypto,Crypto
2021-06-17,BCH-USD,0.010642129924470556,Crypto,Crypto
2021-06-17,BTC-USD,-0.007655308506355651,Crypto,Crypto
2021-06-17,EOS-USD,0.0010792312399012793,Crypto,Crypto
2021-06-17,ETC-USD,0.004759379085993443,Crypto,Crypto
2021-06-17,ETH-USD,0.0018323460112703582,Crypto,Crypto
2021-06-17,LTC-USD,0.0035850041245559794,Crypto,Crypto
2021-06-17,TRX-USD,0.07117257591258186,Crypto,Crypto
2021-06-17,XLM-USD,0.0005923410156432052,Crypto,Crypto
2021-06-17,XRP-USD,0.011455603241361079,Crypto,Crypto
2021-06-18,ADA-USD,-0.045066957578627664,Crypto,Crypto
2021-06-18,BCH-USD,-0.06018291465883496,Crypto,Crypto
2021-06-18,BTC-USD,-0.0595545108824469,Crypto,Crypto
2021-06-18,EOS-USD,-0.06324873093463912,Crypto,Crypto
2021-06-18,ETC-USD,-0.053835953440816486,Crypto,Crypto
2021-06-18,ETH-USD,-0.05913519533292433,Crypto,Crypto
2021-06-18,LTC-USD,-0.06405084250671478,Crypto,Crypto
2021-06-18,TRX-USD,-0.057408388448340064,Crypto,Crypto
2021-06-18,XLM-USD,-0.06268087355928753,Crypto,Crypto
2021-06-18,XRP-USD,-0.052041841506264785,Crypto,Crypto
2021-06-21,ADA-USD,-0.17611960665609128,Crypto,Crypto
2021-06-21,BCH-USD,-0.18157985629310203,Crypto,Crypto
2021-06-21,BTC-USD,-0.11265533282181261,Crypto,Crypto
2021-06-21,EOS-USD,-0.21956316962874234,Crypto,Crypto
2021-06-21,ETC-USD,-0.22859650550013177,Crypto,Crypto
2021-06-21,ETH-USD,-0.1593316631723415,Crypto,Crypto
2021-06-21,LTC-USD,-0.1954066882930079,Crypto,Crypto
2021-06-21,TRX-USD,-0.21006001389878792,Crypto,Crypto
2021-06-21,XLM-USD,-0.20482815026145496,Crypto,Crypto
2021-06-21,XRP-USD,-0.21379952853818052,Crypto,Crypto
2021-06-22,ADA-USD,-0.020574405173497734,Crypto,Crypto
2021-06-22,BCH-USD,-0.027416989392063496,Crypto,Crypto
2021-06-22,BTC-USD,0.02616961270137308,Crypto,Crypto
2021-06-22,EOS-USD,-0.039305538731841616,Crypto,Crypto
2021-06-22,ETC-USD,-0.07359205205799069,Crypto,Crypto
2021-06-22,ETH-USD,-0.0071473718245484985,Crypto,Crypto
2021-06-22,LTC-USD,-0.041541180181402404,Crypto,Crypto
2021-06-22,TRX-USD,-0.049343065084474946,Crypto,Crypto
2021-06-22,XLM-USD,-0.008607045233689936,Crypto,Crypto
2021-06-22,XRP-USD,-0.10701548960311058,Crypto,Crypto
2021-06-23,ADA-USD,0.0864006683346088,Crypto,Crypto
2021-06-23,BCH-USD,0.05766863867076433,Crypto,Crypto
2021-06-23,BTC-USD,0.0374509295196066,Crypto,Crypto
2021-06-23,EOS-USD,0.08735903604754491,Crypto,Crypto
2021-06-23,ETC-USD,0.11058940571711084,Crypto,Crypto
2021-06-23,ETH-USD,0.06122096610515215,Crypto,Crypto
2021-06-23,LTC-USD,0.07585368042727225,Crypto,Crypto
2021-06-23,TRX-USD,0.0938751224760499,Crypto,Crypto
2021-06-23,XLM-USD,0.09608743386232454,Crypto,Crypto
2021-06-23,XRP-USD,0.14946416544565078,Crypto,Crypto
2021-06-24,ADA-USD,0.08236200140950767,Crypto,Crypto
2021-06-24,BCH-USD,0.035860925466602245,Crypto,Crypto
2021-06-24,BTC-USD,0.027856637741157764,Crypto,Crypto
2021-06-24,EOS-USD,0.062033571006948174,Crypto,Crypto
2021-06-24,ETC-USD,0.06229051548037878,Crypto,Crypto
2021-06-24,ETH-USD,-0.0006433160408149119,Crypto,Crypto
2021-06-24,LTC-USD,0.045149536739918394,Crypto,Crypto
2021-06-24,TRX-USD,0.18490001176646764,Crypto,Crypto
2021-06-24,XLM-USD,0.04119378016518249,Crypto,Crypto
2021-06-24,XRP-USD,0.07256576669790538,Crypto,Crypto
2021-06-25,ADA-USD,-0.07345326636240357,Crypto,Crypto
2021-06-25,BCH-USD,-0.07052484110654866,Crypto,Crypto
2021-06-25,BTC-USD,-0.0872604012088013,Crypto,Crypto
2021-06-25,EOS-USD,-0.09217263707326684,Crypto,Crypto
2021-06-25,ETC-USD,-0.08045831712262463,Crypto,Crypto
2021-06-25,ETH-USD,-0.08812816946248714,Crypto,Crypto
2021-06-25,LTC-USD,-0.06541164926908838,Crypto,Crypto
2021-06-25,TRX-USD,-0.0670048438650489,Crypto,Crypto
2021-06-25,XLM-USD,-0.09401762102083766,Crypto,Crypto
2021-06-25,XRP-USD,-0.0873169917854687,Crypto,Crypto
2021-06-28,ADA-USD,-0.00782653538426814,Crypto,Crypto
2021-06-28,BCH-USD,0.0498718758725083,Crypto,Crypto
2021-06-28,BTC-USD,-0.006213875976586625,Crypto,Crypto
2021-06-28,EOS-USD,0.01978056939686046,Crypto,Crypto
2021-06-28,ETC-USD,0.023589328133054144,Crypto,Crypto
2021-06-28,ETH-USD,0.05091873749506903,Crypto,Crypto
2021-06-28,LTC-USD,0.03795273700471702,Crypto,Crypto
2021-06-28,TRX-USD,0.006962118200856127,Crypto,Crypto
2021-06-28,XLM-USD,0.01878995301993247,Crypto,Crypto
2021-06-28,XRP-USD,-0.004910920068950553,Crypto,Crypto
2021-06-29,ADA-USD,0.032976043445298586,Crypto,Crypto
2021-06-29,BCH-USD,0.043143737954463246,Crypto,Crypto
2021-06-29,BTC-USD,0.04162825758718758,Crypto,Crypto
2021-06-29,EOS-USD,0.06993336501964276,Crypto,Crypto
2021-06-29,ETC-USD,0.2993794045343765,Crypto,Crypto
2021-06-29,ETH-USD,0.03900201883549914,Crypto,Crypto
2021-06-29,LTC-USD,0.04609465389188361,Crypto,Crypto
2021-06-29,TRX-USD,0.03771205930401944,Crypto,Crypto
2021-06-29,XLM-USD,0.06569058255948601,Crypto,Crypto
2021-06-29,XRP-USD,0.09006500395453232,Crypto,Crypto
2021-06-30,ADA-USD,0.010986924095078399,Crypto,Crypto
2021-06-30,BCH-USD,0.007705716583610744,Crypto,Crypto
2021-06-30,BTC-USD,-0.02305527321430456,Crypto,Crypto
2021-06-30,EOS-USD,0.006401713930921815,Crypto,Crypto
2021-06-30,ETC-USD,0.023545613091277673,Crypto,Crypto
2021-06-30,ETH-USD,0.052656870391718735,Crypto,Crypto
2021-06-30,LTC-USD,0.0030126206848073434,Crypto,Crypto
2021-06-30,TRX-USD,0.00672171363688201,Crypto,Crypto
2021-06-30,XLM-USD,0.007691860326904498,Crypto,Crypto
2021-06-30,XRP-USD,0.006625078824482378,Crypto,Crypto
2021-07-01,ADA-USD,-0.03459483185591816,Crypto,Crypto
2021-07-01,BCH-USD,-0.0533963265660663,Crypto,Crypto
2021-07-01,BTC-USD,-0.04191448950075438,Crypto,Crypto
2021-07-01,EOS-USD,-0.04778175195702672,Crypto,Crypto
2021-07-01,ETC-USD,-0.0761716046565708,Crypto,Crypto
2021-07-01,ETH-USD,-0.07075786769497328,Crypto,Crypto
2021-07-01,LTC-USD,-0.04550085612178423,Crypto,Crypto
2021-07-01,TRX-USD,-0.047721065367678506,Crypto,Crypto
2021-07-01,XLM-USD,-0.04675979335169078,Crypto,Crypto
2021-07-01,XRP-USD,-0.06398022983567031,Crypto,Crypto
2021-07-02,ADA-USD,0.04401433891379236,Crypto,Crypto
2021-07-02,BCH-USD,-0.003700993218480275,Crypto,Crypto
2021-07-02,BTC-USD,0.00967855812266083,Crypto,Crypto
2021-07-02,EOS-USD,-0.0009900649039185083,Crypto,Crypto
2021-07-02,ETC-USD,0.009988495950295162,Crypto,Crypto
2021-07-02,ETH-USD,0.017238228700587443,Crypto,Crypto
2021-07-02,LTC-USD,-0.004607110182125007,Crypto,Crypto
2021-07-02,TRX-USD,0.02493305051421224,Crypto,Crypto
2021-07-02,XLM-USD,-0.023425800896104798,Crypto,Crypto
2021-07-02,XRP-USD,-0.00668048348652639,Crypto,Crypto
2021-07-06,ADA-USD,0.009363657059963337,Crypto,Crypto
2021-07-06,BCH-USD,0.013090966175311136,Crypto,Crypto
2021-07-06,BTC-USD,0.014496276584600176,Crypto,Crypto
2021-07-06,EOS-USD,0.01651072531067954,Crypto,Crypto
2021-07-06,ETC-USD,0.019222630107627703,Crypto,Crypto
2021-07-06,ETH-USD,0.057353737104673064,Crypto,Crypto
2021-07-06,LTC-USD,0.0066080818957896525,Crypto,Crypto
2021-07-06,TRX-USD,0.005590415849772823,Crypto,Crypto
2021-07-06,XLM-USD,0.022534333349691238,Crypto,Crypto
2021-07-06,XRP-USD,0.016967784157388976,Crypto,Crypto
2021-07-07,ADA-USD,-0.010532057903284486,Crypto,Crypto
2021-07-07,BCH-USD,-0.005477353750151792,Crypto,Crypto
2021-07-07,BTC-USD,-0.011095808977648836,Crypto,Crypto
2021-07-07,EOS-USD,-0.014935102699019986,Crypto,Crypto
2021-07-07,ETC-USD,-0.034801073576046226,Crypto,Crypto
2021-07-07,ETH-USD,-0.004094146464876158,Crypto,Crypto
2021-07-07,LTC-USD,-0.011615772981973138,Crypto,Crypto
2021-07-07,TRX-USD,-0.009855970355098997,Crypto,Crypto
2021-07-07,XLM-USD,-0.012490882567468997,Crypto,Crypto
2021-07-07,XRP-USD,-0.020779868990207673,Crypto,Crypto
2021-07-08,ADA-USD,-0.05200707175328356,Crypto,Crypto
2021-07-08,BCH-USD,-0.035124228513848665,Crypto,Crypto
2021-07-08,BTC-USD,-0.028886355129662422,Crypto,Crypto
2021-07-08,EOS-USD,-0.05670806179850407,Crypto,Crypto
2021-07-08,ETC-USD,-0.060331537192057416,Crypto,Crypto
2021-07-08,ETH-USD,-0.08428589852706492,Crypto,Crypto
2021-07-08,LTC-USD,-0.036854253584456376,Crypto,Crypto
2021-07-08,TRX-USD,-0.0493506656041135,Crypto,Crypto
2021-07-08,XLM-USD,-0.052615410632703696,Crypto,Crypto
2021-07-08,XRP-USD,-0.04376626875351908,Crypto,Crypto
2021-07-09,ADA-USD,0.014530734832080672,Crypto,Crypto
2021-07-09,BCH-USD,0.026623560061521,Crypto,Crypto
2021-07-09,BTC-USD,0.02800225791699673,Crypto,Crypto
2021-07-09,EOS-USD,0.16776383053672528,Crypto,Crypto
2021-07-09,ETC-USD,0.009956405365604715,Crypto,Crypto
2021-07-09,ETH-USD,0.012578152818153887,Crypto,Crypto
2021-07-09,LTC-USD,0.017104660724232668,Crypto,Crypto
2021-07-09,TRX-USD,0.017276931163374032,Crypto,Crypto
2021-07-09,XLM-USD,0.009781394830355339,Crypto,Crypto
2021-07-09,XRP-USD,0.022062092307038927,Crypto,Crypto
2021-07-12,ADA-USD,-0.02451220525843878,Crypto,Crypto
2021-07-12,BCH-USD,-0.0348624636587731,Crypto,Crypto
2021-07-12,BTC-USD,-0.031668630428790756,Crypto,Crypto
2021-07-12,EOS-USD,0.03054885749432068,Crypto,Crypto
2021-07-12,ETC-USD,-0.037746063713726796,Crypto,Crypto
2021-07-12,ETH-USD,-0.04811208084100682,Crypto,Crypto
2021-07-12,LTC-USD,-0.005271691595811978,Crypto,Crypto
2021-07-12,TRX-USD,-0.025864143169060716,Crypto,Crypto
2021-07-12,XLM-USD,-0.028043108561933927,Crypto,Crypto
2021-07-12,XRP-USD,-0.009052865069130167,Crypto,Crypto
2021-07-13,ADA-USD,-0.03803215235885182,Crypto,Crypto
2021-07-13,BCH-USD,-0.03208902636598987,Crypto,Crypto
2021-07-13,BTC-USD,-0.013687548281983153,Crypto,Crypto
2021-07-13,EOS-USD,-0.07360677473890875,Crypto,Crypto
2021-07-13,ETC-USD,-0.047010039998037434,Crypto,Crypto
2021-07-13,ETH-USD,-0.04744738315710828,Crypto,Crypto
2021-07-13,LTC-USD,-0.016596936201623613,Crypto,Crypto
2021-07-13,TRX-USD,-0.014695114645276286,Crypto,Crypto
2021-07-13,XLM-USD,-0.02722628659178239,Crypto,Crypto
2021-07-13,XRP-USD,-0.016907899565595352,Crypto,Crypto
2021-07-14,ADA-USD,-0.0022329781003808113,Crypto,Crypto
2021-07-14,BCH-USD,0.004967438905819188,Crypto,Crypto
2021-07-14,BTC-USD,0.003679352094793975,Crypto,Crypto
2021-07-14,EOS-USD,-0.02294359894567699,Crypto,Crypto
2021-07-14,ETC-USD,0.0020620966345765712,Crypto,Crypto
2021-07-14,ETH-USD,0.02796132275201524,Crypto,Crypto
2021-07-14,LTC-USD,-0.001973785268615802,Crypto,Crypto
2021-07-14,TRX-USD,0.008931681270502256,Crypto,Crypto
2021-07-14,XLM-USD,0.03169201808294386,Crypto,Crypto
2021-07-14,XRP-USD,0.0012929735225692962,Crypto,Crypto
2021-07-15,ADA-USD,-0.030949357931387977,Crypto,Crypto
2021-07-15,BCH-USD,-0.02799332892831896,Crypto,Crypto
2021-07-15,BTC-USD,-0.031734999531688124,Crypto,Crypto
2021-07-15,EOS-USD,-0.036959332934501266,Crypto,Crypto
2021-07-15,ETC-USD,-0.05468992016211527,Crypto,Crypto
2021-07-15,ETH-USD,-0.04169600090882597,Crypto,Crypto
2021-07-15,LTC-USD,-0.042506745878223895,Crypto,Crypto
2021-07-15,TRX-USD,-0.03596181734484838,Crypto,Crypto
2021-07-15,XLM-USD,0.0036107309013477806,Crypto,Crypto
2021-07-15,XRP-USD,-0.03769485102298287,Crypto,Crypto
2021-07-16,ADA-USD,-0.04044907268169451,Crypto,Crypto
2021-07-16,BCH-USD,-0.03266549125171492,Crypto,Crypto
2021-07-16,BTC-USD,-0.011302175908234458,Crypto,Crypto
2021-07-16,EOS-USD,-0.0006035462791805779,Crypto,Crypto
2021-07-16,ETC-USD,-0.04403581363750897,Crypto,Crypto
2021-07-16,ETH-USD,-0.016111927996504405,Crypto,Crypto
2021-07-16,LTC-USD,-0.03546460057282064,Crypto,Crypto
2021-07-16,TRX-USD,-0.03522424709809657,Crypto,Crypto
2021-07-16,XLM-USD,-0.018922471083678394,Crypto,Crypto
2021-07-16,XRP-USD,-0.010330995242340268,Crypto,Crypto
2021-07-19,ADA-USD,-0.052869915230041475,Crypto,Crypto
2021-07-19,BCH-USD,-0.05449599697247165,Crypto,Crypto
2021-07-19,BTC-USD,-0.030788575922789052,Crypto,Crypto
2021-07-19,EOS-USD,-0.05894548121267895,Crypto,Crypto
2021-07-19,ETC-USD,-0.011469125129324409,Crypto,Crypto
2021-07-19,ETH-USD,-0.04128374639361532,Crypto,Crypto
2021-07-19,LTC-USD,-0.05310941896734689,Crypto,Crypto
2021-07-19,TRX-USD,-0.046422003982965365,Crypto,Crypto
2021-07-19,XLM-USD,-0.08327628189748948,Crypto,Crypto
2021-07-19,XRP-USD,-0.051649716627462317,Crypto,Crypto
2021-07-20,ADA-USD,-0.05782189848949504,Crypto,Crypto
2021-07-20,BCH-USD,-0.03877978260052439,Crypto,Crypto
2021-07-20,BTC-USD,-0.03278895069501786,Crypto,Crypto
2021-07-20,EOS-USD,-0.0485228575716915,Crypto,Crypto
2021-07-20,ETC-USD,-0.05092289182913168,Crypto,Crypto
2021-07-20,ETH-USD,-0.01639021839697663,Crypto,Crypto
2021-07-20,LTC-USD,-0.05094622792812953,Crypto,Crypto
2021-07-20,TRX-USD,-0.05408895016430271,Crypto,Crypto
2021-07-20,XLM-USD,0.004117768227668961,Crypto,Crypto
2021-07-20,XRP-USD,-0.050613748614665166,Crypto,Crypto
2021-07-21,ADA-USD,0.10584866328827003,Crypto,Crypto
2021-07-21,BCH-USD,0.07724417867002442,Crypto,Crypto
2021-07-21,BTC-USD,0.07727442675168827,Crypto,Crypto
2021-07-21,EOS-USD,0.07055443858108879,Crypto,Crypto
2021-07-21,ETC-USD,0.08794570978953842,Crypto,Crypto
2021-07-21,ETH-USD,0.1138231386284283,Crypto,Crypto
2021-07-21,LTC-USD,0.09367279329888722,Crypto,Crypto
2021-07-21,TRX-USD,0.06457931144245754,Crypto,Crypto
2021-07-21,XLM-USD,0.0727044968541104,Crypto,Crypto
2021-07-21,XRP-USD,0.07681709182432539,Crypto,Crypto
2021-07-22,ADA-USD,0.015463658707936867,Crypto,Crypto
2021-07-22,BCH-USD,0.028777956215568112,Crypto,Crypto
2021-07-22,BTC-USD,0.006303573302191001,Crypto,Crypto
2021-07-22,EOS-USD,0.01961543184736092,Crypto,Crypto
2021-07-22,ETC-USD,0.012770275231807515,Crypto,Crypto
2021-07-22,ETH-USD,0.01719358875607435,Crypto,Crypto
2021-07-22,LTC-USD,0.027889535151464084,Crypto,Crypto
2021-07-22,TRX-USD,0.02710734674593751,Crypto,Crypto
2021-07-22,XLM-USD,0.15697253367682995,Crypto,Crypto
2021-07-22,XRP-USD,0.03896149526611992,Crypto,Crypto
2021-07-23,ADA-USD,0.016984213446107788,Crypto,Crypto
2021-07-23,BCH-USD,0.029268159893483414,Crypto,Crypto
2021-07-23,BTC-USD,0.03925482537500802,Crypto,Crypto
2021-07-23,EOS-USD,0.019225697071118875,Crypto,Crypto
2021-07-23,ETC-USD,0.05486595392207261,Crypto,Crypto
2021-07-23,ETH-USD,0.04916734984036908,Crypto,Crypto
2021-07-23,LTC-USD,0.029101713343412605,Crypto,Crypto
2021-07-23,TRX-USD,0.01347632952774025,Crypto,Crypto
2021-07-23,XLM-USD,0.0222269254720322,Crypto,Crypto
2021-07-23,XRP-USD,0.02873665602208142,Crypto,Crypto
2021-07-26,ADA-USD,0.02441348056598991,Crypto,Crypto
2021-07-26,BCH-USD,0.05889734709512462,Crypto,Crypto
2021-07-26,BTC-USD,0.05621887171744144,Crypto,Crypto
2021-07-26,EOS-USD,0.008519305967456647,Crypto,Crypto
2021-07-26,ETC-USD,0.0013165831463661792,Crypto,Crypto
2021-07-26,ETH-USD,0.01916282850447759,Crypto,Crypto
2021-07-26,LTC-USD,0.029502905972439653,Crypto,Crypto
2021-07-26,TRX-USD,0.0116448148051842,Crypto,Crypto
2021-07-26,XLM-USD,-0.0010048272699076932,Crypto,Crypto
2021-07-26,XRP-USD,0.03176512059099279,Crypto,Crypto
2021-07-27,ADA-USD,0.01585468756097841,Crypto,Crypto
2021-07-27,BCH-USD,0.040199910005106476,Crypto,Crypto
2021-07-27,BTC-USD,0.055424286615063156,Crypto,Crypto
2021-07-27,EOS-USD,0.017571509790886175,Crypto,Crypto
2021-07-27,ETC-USD,0.01913060184863835,Crypto,Crypto
2021-07-27,ETH-USD,0.029089175950248514,Crypto,Crypto
2021-07-27,LTC-USD,0.02478170448225403,Crypto,Crypto
2021-07-27,TRX-USD,0.027752120661892032,Crypto,Crypto
2021-07-27,XLM-USD,0.0062911317916716225,Crypto,Crypto
2021-07-27,XRP-USD,0.03034766725405791,Crypto,Crypto
2021-07-28,ADA-USD,0.003956405133647811,Crypto,Crypto
2021-07-28,BCH-USD,0.015626936605941166,Crypto,Crypto
2021-07-28,BTC-USD,0.014945713184850051,Crypto,Crypto
2021-07-28,EOS-USD,0.03881351749947015,Crypto,Crypto
2021-07-28,ETC-USD,-0.0057431322304997146,Crypto,Crypto
2021-07-28,ETH-USD,-0.0007779923760146135,Crypto,Crypto
2021-07-28,LTC-USD,0.03876702684793565,Crypto,Crypto
2021-07-28,TRX-USD,0.0056165659197617845,Crypto,Crypto
2021-07-28,XLM-USD,0.022080929883601552,Crypto,Crypto
2021-07-28,XRP-USD,0.12541179053139073,Crypto,Crypto
2021-07-29,ADA-USD,0.00045185148584381274,Crypto,Crypto
2021-07-29,BCH-USD,0.05519742121740823,Crypto,Crypto
2021-07-29,BTC-USD,0.00031292265067750513,Crypto,Crypto
2021-07-29,EOS-USD,0.0151207319898361,Crypto,Crypto
2021-07-29,ETC-USD,0.0015818025597909013,Crypto,Crypto
2021-07-29,ETH-USD,0.03675580573317805,Crypto,Crypto
2021-07-29,LTC-USD,0.010617249571490905,Crypto,Crypto
2021-07-29,TRX-USD,0.020738006026257638,Crypto,Crypto
2021-07-29,XLM-USD,0.012504864843779773,Crypto,Crypto
2021-07-29,XRP-USD,0.031114752204573826,Crypto,Crypto
2021-07-30,ADA-USD,0.01936634379215052,Crypto,Crypto
2021-07-30,BCH-USD,0.026816760339150703,Crypto,Crypto
2021-07-30,BTC-USD,0.055666404612466414,Crypto,Crypto
2021-07-30,EOS-USD,0.027994548376176542,Crypto,Crypto
2021-07-30,ETC-USD,0.03737527027259402,Crypto,Crypto
2021-07-30,ETH-USD,0.03612188139554173,Crypto,Crypto
2021-07-30,LTC-USD,0.03151496410135923,Crypto,Crypto
2021-07-30,TRX-USD,0.024282835483130816,Crypto,Crypto
2021-07-30,XLM-USD,0.026162634479949265,Crypto,Crypto
2021-07-30,XRP-USD,0.005483821332606942,Crypto,Crypto
2021-08-02,ADA-USD,-0.005814498386092937,Crypto,Crypto
2021-08-02,BCH-USD,0.030590332714820034,Crypto,Crypto
2021-08-02,BTC-USD,-0.019335866368471732,Crypto,Crypto
2021-08-02,EOS-USD,0.021789047580517806,Crypto,Crypto
2021-08-02,ETC-USD,0.018965586772974996,Crypto,Crypto
2021-08-02,ETH-USD,0.01885404331468732,Crypto,Crypto
2021-08-02,LTC-USD,0.005471068530768619,Crypto,Crypto
2021-08-02,TRX-USD,0.021699972159458847,Crypto,Crypto
2021-08-02,XLM-USD,-0.005677480926327361,Crypto,Crypto
2021-08-02,XRP-USD,0.01831882058798162,Crypto,Crypto
2021-08-03,ADA-USD,0.041950483031893526,Crypto,Crypto
2021-08-03,BCH-USD,-0.012858270781256453,Crypto,Crypto
2021-08-03,BTC-USD,-0.02675797936526192,Crypto,Crypto
2021-08-03,EOS-USD,-0.003877745913670738,Crypto,Crypto
2021-08-03,ETC-USD,-0.038981966226623865,Crypto,Crypto
2021-08-03,ETH-USD,-0.04130167760589376,Crypto,Crypto
2021-08-03,LTC-USD,-0.022717565417489594,Crypto,Crypto
2021-08-03,TRX-USD,-0.011902479069859084,Crypto,Crypto
2021-08-03,XLM-USD,-0.001605864939563273,Crypto,Crypto
2021-08-03,XRP-USD,-0.03583648321479649,Crypto,Crypto
2021-08-04,ADA-USD,0.008452607306403515,Crypto,Crypto
2021-08-04,BCH-USD,0.016708370723013566,Crypto,Crypto
2021-08-04,BTC-USD,0.041792893187100555,Crypto,Crypto
2021-08-04,EOS-USD,0.024276677777818723,Crypto,Crypto
2021-08-04,ETC-USD,0.0453954540491921,Crypto,Crypto
2021-08-04,ETH-USD,0.0888246242008488,Crypto,Crypto
2021-08-04,LTC-USD,0.03132672310769391,Crypto,Crypto
2021-08-04,TRX-USD,0.054316201031626044,Crypto,Crypto
2021-08-04,XLM-USD,0.022613818585948575,Crypto,Crypto
2021-08-04,XRP-USD,0.024916939909721103,Crypto,Crypto
2021-08-05,ADA-USD,0.006960061159791309,Crypto,Crypto
2021-08-05,BCH-USD,0.004821071452806525,Crypto,Crypto
2021-08-05,BTC-USD,0.02822946527400849,Crypto,Crypto
2021-08-05,EOS-USD,0.018494204483856524,Crypto,Crypto
2021-08-05,ETC-USD,0.016515793827453606,Crypto,Crypto
2021-08-05,ETH-USD,0.03769662894668069,Crypto,Crypto
2021-08-05,LTC-USD,0.005699830875203649,Crypto,Crypto
2021-08-05,TRX-USD,0.040671186792947234,Crypto,Crypto
2021-08-05,XLM-USD,0.00017836663570225397,Crypto,Crypto
2021-08-05,XRP-USD,0.0036455305369686997,Crypto,Crypto
2021-08-06,ADA-USD,0.011283793609932369,Crypto,Crypto
2021-08-06,BCH-USD,0.014299697649103882,Crypto,Crypto
2021-08-06,BTC-USD,0.04763803587748594,Crypto,Crypto
2021-08-06,EOS-USD,0.0292587146552854,Crypto,Crypto
2021-08-06,ETC-USD,0.01013511794008215,Crypto,Crypto
2021-08-06,ETH-USD,0.02249925501300054,Crypto,Crypto
2021-08-06,LTC-USD,0.03043152181544695,Crypto,Crypto
2021-08-06,TRX-USD,0.024923406732558773,Crypto,Crypto
2021-08-06,XLM-USD,0.015444773753364727,Crypto,Crypto
2021-08-06,XRP-USD,0.01822542711182784,Crypto,Crypto
2021-08-09,ADA-USD,0.034885142199052144,Crypto,Crypto
2021-08-09,BCH-USD,0.06544283104904558,Crypto,Crypto
2021-08-09,BTC-USD,0.058616336068955555,Crypto,Crypto
2021-08-09,EOS-USD,0.05751710977662006,Crypto,Crypto
2021-08-09,ETC-USD,0.03493911062917143,Crypto,Crypto
2021-08-09,ETH-USD,0.0511404136452529,Crypto,Crypto
2021-08-09,LTC-USD,0.11123708443864055,Crypto,Crypto
2021-08-09,TRX-USD,0.030209768923560976,Crypto,Crypto
2021-08-09,XLM-USD,0.04124786493574173,Crypto,Crypto
2021-08-09,XRP-USD,0.05112623948800277,Crypto,Crypto
2021-08-10,ADA-USD,0.13191712403601907,Crypto,Crypto
2021-08-10,BCH-USD,-0.00017718556592816181,Crypto,Crypto
2021-08-10,BTC-USD,-0.016830892309838696,Crypto,Crypto
2021-08-10,EOS-USD,0.012186407111839825,Crypto,Crypto
2021-08-10,ETC-USD,-0.0048271085712516815,Crypto,Crypto
2021-08-10,ETH-USD,-0.008259541279942217,Crypto,Crypto
2021-08-10,LTC-USD,-0.0063413513065738725,Crypto,Crypto
2021-08-10,TRX-USD,0.008428460283376626,Crypto,Crypto
2021-08-10,XLM-USD,0.03619464048658627,Crypto,Crypto
2021-08-10,XRP-USD,0.039941265735772946,Crypto,Crypto
2021-08-11,ADA-USD,0.07501763479436696,Crypto,Crypto
2021-08-11,BCH-USD,0.0486192686152771,Crypto,Crypto
2021-08-11,BTC-USD,0.00018877838873909702,Crypto,Crypto
2021-08-11,EOS-USD,0.03607671766503229,Crypto,Crypto
2021-08-11,ETC-USD,0.034420851907693395,Crypto,Crypto
2021-08-11,ETH-USD,0.007178921769949609,Crypto,Crypto
2021-08-11,LTC-USD,0.0330926571159762,Crypto,Crypto
2021-08-11,TRX-USD,0.11691830427458094,Crypto,Crypto
2021-08-11,XLM-USD,0.08980476126571801,Crypto,Crypto
2021-08-11,XRP-USD,0.18945969118908979,Crypto,Crypto
2021-08-12,ADA-USD,0.01437124462210404,Crypto,Crypto
2021-08-12,BCH-USD,-0.02604314204170244,Crypto,Crypto
2021-08-12,BTC-USD,-0.02555943636254754,Crypto,Crypto
2021-08-12,EOS-USD,-0.024290456573679564,Crypto,Crypto
2021-08-12,ETC-USD,-0.015089421882029552,Crypto,Crypto
2021-08-12,ETH-USD,-0.03818629912409377,Crypto,Crypto
2021-08-12,LTC-USD,-0.03395960065192838,Crypto,Crypto
2021-08-12,TRX-USD,0.009006046024409242,Crypto,Crypto
2021-08-12,XLM-USD,-0.031134376494325933,Crypto,Crypto
2021-08-12,XRP-USD,-0.047381596193964315,Crypto,Crypto
2021-08-13,ADA-USD,0.17117428609188168,Crypto,Crypto
2021-08-13,BCH-USD,0.08090972124631635,Crypto,Crypto
2021-08-13,BTC-USD,0.07574073458615982,Crypto,Crypto
2021-08-13,EOS-USD,0.11032966581715797,Crypto,Crypto
2021-08-13,ETC-USD,0.07100543017495142,Crypto,Crypto
2021-08-13,ETH-USD,0.09160677291715547,Crypto,Crypto
2021-08-13,LTC-USD,0.10994335903985464,Crypto,Crypto
2021-08-13,TRX-USD,0.06284844210256946,Crypto,Crypto
2021-08-13,XLM-USD,0.10003701857866498,Crypto,Crypto
2021-08-13,XRP-USD,0.13002032387314477,Crypto,Crypto
2021-08-16,ADA-USD,-0.04136913617115334,Crypto,Crypto
2021-08-16,BCH-USD,-0.038868484129639724,Crypto,Crypto
2021-08-16,BTC-USD,-0.02215910567498447,Crypto,Crypto
2021-08-16,EOS-USD,-0.026152357614909305,Crypto,Crypto
2021-08-16,ETC-USD,-0.07357480177001252,Crypto,Crypto
2021-08-16,ETH-USD,-0.04651697201106941,Crypto,Crypto
2021-08-16,LTC-USD,-0.03271857274138856,Crypto,Crypto
2021-08-16,TRX-USD,-0.036896612049776345,Crypto,Crypto
2021-08-16,XLM-USD,-0.04697037750819655,Crypto,Crypto
2021-08-16,XRP-USD,-0.07543086076649641,Crypto,Crypto
2021-08-17,ADA-USD,-0.0734897996458721,Crypto,Crypto
2021-08-17,BCH-USD,-0.05482434573345141,Crypto,Crypto
2021-08-17,BTC-USD,-0.028456465011732934,Crypto,Crypto
2021-08-17,EOS-USD,-0.08675924382998712,Crypto,Crypto
2021-08-17,ETC-USD,-0.09283278383173321,Crypto,Crypto
2021-08-17,ETH-USD,-0.04487981843695865,Crypto,Crypto
2021-08-17,LTC-USD,-0.05597766070424304,Crypto,Crypto
2021-08-17,TRX-USD,-0.050344081332424406,Crypto,Crypto
2021-08-17,XLM-USD,-0.08457586538451556,Crypto,Crypto
2021-08-17,XRP-USD,-0.0779130904085199,Crypto,Crypto
2021-08-18,ADA-USD,0.09444562110907895,Crypto,Crypto
2021-08-18,BCH-USD,-0.006838446339235582,Crypto,Crypto
2021-08-18,BTC-USD,0.002367765389513554,Crypto,Crypto
2021-08-18,EOS-USD,-0.012668909048205501,Crypto,Crypto
2021-08-18,ETC-USD,0.017602998184011565,Crypto,Crypto
2021-08-18,ETH-USD,0.0017393580222999638,Crypto,Crypto
2021-08-18,LTC-USD,-0.008564363222554605,Crypto,Crypto
2021-08-18,TRX-USD,-0.004533226349378139,Crypto,Crypto
2021-08-18,XLM-USD,0.0035357163792477664,Crypto,Crypto
2021-08-18,XRP-USD,0.04361498642964601,Crypto,Crypto
2021-08-19,ADA-USD,0.15156306995229052,Crypto,Crypto
2021-08-19,BCH-USD,0.03854693826032651,Crypto,Crypto
2021-08-19,BTC-USD,0.04277544261522093,Crypto,Crypto
2021-08-19,EOS-USD,0.05117581793114345,Crypto,Crypto
2021-08-19,ETC-USD,0.04593679181300403,Crypto,Crypto
2021-08-19,ETH-USD,0.05384353217968729,Crypto,Crypto
2021-08-19,LTC-USD,0.04836897192690515,Crypto,Crypto
2021-08-19,TRX-USD,0.04063094938715506,Crypto,Crypto
2021-08-19,XLM-USD,0.07069405153938857,Crypto,Crypto
2021-08-19,XRP-USD,0.07568733528198734,Crypto,Crypto
2021-08-20,ADA-USD,0.0121747499621232,Crypto,Crypto
2021-08-20,BCH-USD,0.05280612003861718,Crypto,Crypto
2021-08-20,BTC-USD,0.056115872471717454,Crypto,Crypto
2021-08-20,EOS-USD,0.040352682428075326,Crypto,Crypto
2021-08-20,ETC-USD,0.04531806104912728,Crypto,Crypto
2021-08-20,ETH-USD,0.03274989283808627,Crypto,Crypto
2021-08-20,LTC-USD,0.046355681734395526,Crypto,Crypto
2021-08-20,TRX-USD,0.026755260161316796,Crypto,Crypto
2021-08-20,XLM-USD,0.04956193925196084,Crypto,Crypto
2021-08-20,XRP-USD,0.0246422586026378,Crypto,Crypto
2021-08-23,ADA-USD,0.07504848804113928,Crypto,Crypto
2021-08-23,BCH-USD,0.007570476629324752,Crypto,Crypto
2021-08-23,BTC-USD,0.004551674225862445,Crypto,Crypto
2021-08-23,EOS-USD,0.031159674864891018,Crypto,Crypto
2021-08-23,ETC-USD,0.010708416870127024,Crypto,Crypto
2021-08-23,ETH-USD,0.023793676139643116,Crypto,Crypto
2021-08-23,LTC-USD,0.00425807407977663,Crypto,Crypto
2021-08-23,TRX-USD,0.020780399979976716,Crypto,Crypto
2021-08-23,XLM-USD,0.014995613629053217,Crypto,Crypto
2021-08-23,XRP-USD,0.015922121232806008,Crypto,Crypto
2021-08-24,ADA-USD,-0.0672845551683321,Crypto,Crypto
2021-08-24,BCH-USD,-0.05947239122137438,Crypto,Crypto
2021-08-24,BTC-USD,-0.037137725293038826,Crypto,Crypto
2021-08-24,EOS-USD,-0.09537629901053668,Crypto,Crypto
2021-08-24,ETC-USD,-0.07810322426138094,Crypto,Crypto
2021-08-24,ETH-USD,-0.04422706980850821,Crypto,Crypto
2021-08-24,LTC-USD,-0.07230974000031154,Crypto,Crypto
2021-08-24,TRX-USD,-0.05918192967247615,Crypto,Crypto
2021-08-24,XLM-USD,-0.07380439023614804,Crypto,Crypto
2021-08-24,XRP-USD,-0.08812686857387642,Crypto,Crypto
2021-08-25,ADA-USD,0.006262549742256374,Crypto,Crypto
2021-08-25,BCH-USD,0.018683938177088244,Crypto,Crypto
2021-08-25,BTC-USD,0.02630002081428562,Crypto,Crypto
2021-08-25,EOS-USD,0.028499906293081523,Crypto,Crypto
2021-08-25,ETC-USD,0.011716930608781873,Crypto,Crypto
2021-08-25,ETH-USD,0.01653576265002532,Crypto,Crypto
2021-08-25,LTC-USD,0.023196721383531127,Crypto,Crypto
2021-08-25,TRX-USD,0.03319549788404208,Crypto,Crypto
2021-08-25,XLM-USD,0.02209527101366926,Crypto,Crypto
2021-08-25,XRP-USD,0.03092885292637937,Crypto,Crypto
2021-08-26,ADA-USD,-0.073993531139814,Crypto,Crypto
2021-08-26,BCH-USD,-0.06455275240029745,Crypto,Crypto
2021-08-26,BTC-USD,-0.04122830434622349,Crypto,Crypto
2021-08-26,EOS-USD,-0.08841233848537788,Crypto,Crypto
2021-08-26,ETC-USD,-0.06062943209542082,Crypto,Crypto
2021-08-26,ETH-USD,-0.03863352454525626,Crypto,Crypto
2021-08-26,LTC-USD,-0.05358933725564152,Crypto,Crypto
2021-08-26,TRX-USD,-0.04871387177083142,Crypto,Crypto
2021-08-26,XLM-USD,-0.061896114834674165,Crypto,Crypto
2021-08-26,XRP-USD,-0.08295144941696153,Crypto,Crypto
2021-08-27,ADA-USD,0.16117708179063506,Crypto,Crypto
2021-08-27,BCH-USD,0.04587799811347537,Crypto,Crypto
2021-08-27,BTC-USD,0.04508626296557394,Crypto,Crypto
2021-08-27,EOS-USD,0.07165940456822772,Crypto,Crypto
2021-08-27,ETC-USD,0.07251749348028147,Crypto,Crypto
2021-08-27,ETH-USD,0.05492177964873113,Crypto,Crypto
2021-08-27,LTC-USD,0.0469928393739929,Crypto,Crypto
2021-08-27,TRX-USD,0.0612961448686038,Crypto,Crypto
2021-08-27,XLM-USD,0.062159227103654624,Crypto,Crypto
2021-08-27,XRP-USD,0.10528276931724379,Crypto,Crypto
2021-08-30,ADA-USD,-0.043006546358196895,Crypto,Crypto
2021-08-30,BCH-USD,-0.04319244737509231,Crypto,Crypto
2021-08-30,BTC-USD,-0.0363476092875793,Crypto,Crypto
2021-08-30,EOS-USD,-0.047804108320666505,Crypto,Crypto
2021-08-30,ETC-USD,-0.026305065838578168,Crypto,Crypto
2021-08-30,ETH-USD,-0.0008145075244350153,Crypto,Crypto
2021-08-30,LTC-USD,-0.04166788943645683,Crypto,Crypto
2021-08-30,TRX-USD,-0.02709082549464137,Crypto,Crypto
2021-08-30,XLM-USD,-0.0419676238166109,Crypto,Crypto
2021-08-30,XRP-USD,-0.03453357118793832,Crypto,Crypto
2021-08-31,ADA-USD,0.014384443282904114,Crypto,Crypto
2021-08-31,BCH-USD,0.008086608622887903,Crypto,Crypto
2021-08-31,BTC-USD,0.0023738850726162664,Crypto,Crypto
2021-08-31,EOS-USD,0.04588490450647309,Crypto,Crypto
2021-08-31,ETC-USD,0.03490158076703187,Crypto,Crypto
2021-08-31,ETH-USD,0.0649299309148601,Crypto,Crypto
2021-08-31,LTC-USD,0.025292319060751245,Crypto,Crypto
2021-08-31,TRX-USD,0.030409236918629734,Crypto,Crypto
2021-08-31,XLM-USD,0.03477825928703204,Crypto,Crypto
2021-08-31,XRP-USD,0.07822344614528087,Crypto,Crypto
2021-09-01,ADA-USD,0.035452839863911345,Crypto,Crypto
2021-09-01,BCH-USD,0.03148894052531004,Crypto,Crypto
2021-09-01,BTC-USD,0.03562556399047523,Crypto,Crypto
2021-09-01,EOS-USD,0.052932601573148164,Crypto,Crypto
2021-09-01,ETC-USD,0.0788065172379615,Crypto,Crypto
2021-09-01,ETH-USD,0.11681033382537342,Crypto,Crypto
2021-09-01,LTC-USD,0.05425250218691624,Crypto,Crypto
2021-09-01,TRX-USD,0.07092506005589705,Crypto,Crypto
2021-09-01,XLM-USD,0.0383720807183523,Crypto,Crypto
2021-09-01,XRP-USD,0.03982513190792614,Crypto,Crypto
2021-09-02,ADA-USD,0.0322808900021343,Crypto,Crypto
2021-09-02,BCH-USD,0.012213125729989116,Crypto,Crypto
2021-09-02,BTC-USD,0.009840830417728652,Crypto,Crypto
2021-09-02,EOS-USD,-0.008894467166825515,Crypto,Crypto
2021-09-02,ETC-USD,-0.01775605941969316,Crypto,Crypto
2021-09-02,ETH-USD,-0.011431577462321041,Crypto,Crypto
2021-09-02,LTC-USD,0.01461595225439849,Crypto,Crypto
2021-09-02,TRX-USD,0.05062511055116792,Crypto,Crypto
2021-09-02,XLM-USD,0.019073389329130164,Crypto,Crypto
2021-09-02,XRP-USD,0.01735785307462101,Crypto,Crypto
2021-09-03,ADA-USD,0.001620089528511004,Crypto,Crypto
2021-09-03,BCH-USD,0.07216709875953842,Crypto,Crypto
2021-09-03,BTC-USD,0.014143210068944922,Crypto,Crypto
2021-09-03,EOS-USD,0.07881157827150598,Crypto,Crypto
2021-09-03,ETC-USD,0.032726680936203234,Crypto,Crypto
2021-09-03,ETH-USD,0.039468517786860335,Crypto,Crypto
2021-09-03,LTC-USD,0.1598364238619725,Crypto,Crypto
2021-09-03,TRX-USD,0.01594180843629145,Crypto,Crypto
2021-09-03,XLM-USD,0.023045428432414417,Crypto,Crypto
2021-09-03,XRP-USD,0.027947367871704598,Crypto,Crypto
2021-09-07,ADA-USD,-0.11631991582305767,Crypto,Crypto
2021-09-07,BCH-USD,-0.1429381700809116,Crypto,Crypto
2021-09-07,BTC-USD,-0.1106216071695616,Crypto,Crypto
2021-09-07,EOS-USD,-0.21595152705319043,Crypto,Crypto
2021-09-07,ETC-USD,-0.19561193385435993,Crypto,Crypto
2021-09-07,ETH-USD,-0.1277842736169259,Crypto,Crypto
2021-09-07,LTC-USD,-0.18864016082474255,Crypto,Crypto
2021-09-07,TRX-USD,-0.17777111749154395,Crypto,Crypto
2021-09-07,XLM-USD,-0.21052968675438244,Crypto,Crypto
2021-09-07,XRP-USD,-0.19023433320683802,Crypto,Crypto
2021-09-08,ADA-USD,-0.010989873676283901,Crypto,Crypto
2021-09-08,BCH-USD,-0.014961023330618328,Crypto,Crypto
2021-09-08,BTC-USD,-0.015375366885328479,Crypto,Crypto
2021-09-08,EOS-USD,-0.026826330719061375,Crypto,Crypto
2021-09-08,ETC-USD,-0.009615861805380543,Crypto,Crypto
2021-09-08,ETH-USD,0.02069840552335589,Crypto,Crypto
2021-09-08,LTC-USD,0.00904068010490966,Crypto,Crypto
2021-09-08,TRX-USD,0.08820875639568215,Crypto,Crypto
2021-09-08,XLM-USD,-0.014203325187820748,Crypto,Crypto
2021-09-08,XRP-USD,-0.02166822384455036,Crypto,Crypto
2021-09-09,ADA-USD,0.01724337569079082,Crypto,Crypto
2021-09-09,BCH-USD,-0.001459163066611202,Crypto,Crypto
2021-09-09,BTC-USD,0.006509485739778498,Crypto,Crypto
2021-09-09,EOS-USD,0.014956193344668911,Crypto,Crypto
2021-09-09,ETC-USD,0.005321770378909907,Crypto,Crypto
2021-09-09,ETH-USD,-0.020008233157088995,Crypto,Crypto
2021-09-09,LTC-USD,0.003628495328242165,Crypto,Crypto
2021-09-09,TRX-USD,0.002446165609113038,Crypto,Crypto
2021-09-09,XLM-USD,0.008375315419569818,Crypto,Crypto
2021-09-09,XRP-USD,-0.010283306162370165,Crypto,Crypto
2021-09-10,ADA-USD,-0.05233224275669646,Crypto,Crypto
2021-09-10,BCH-USD,-0.0481025637144058,Crypto,Crypto
2021-09-10,BTC-USD,-0.032495484247323514,Crypto,Crypto
2021-09-10,EOS-USD,-0.050775003044955414,Crypto,Crypto
2021-09-10,ETC-USD,-0.04332723052964926,Crypto,Crypto
2021-09-10,ETH-USD,-0.06297426662682348,Crypto,Crypto
2021-09-10,LTC-USD,-0.033711457085396135,Crypto,Crypto
2021-09-10,TRX-USD,-0.02312303821962647,Crypto,Crypto
2021-09-10,XLM-USD,-0.04467958325769872,Crypto,Crypto
2021-09-10,XRP-USD,-0.029496995040136476,Crypto,Crypto
2021-09-13,ADA-USD,-0.07013294857260644,Crypto,Crypto
2021-09-13,BCH-USD,-0.04973945501377264,Crypto,Crypto
2021-09-13,BTC-USD,-0.023884438158555232,Crypto,Crypto
2021-09-13,EOS-USD,-0.029321507154740467,Crypto,Crypto
2021-09-13,ETC-USD,-0.04114130051350484,Crypto,Crypto
2021-09-13,ETH-USD,-0.036544834800279036,Crypto,Crypto
2021-09-13,LTC-USD,-0.02046849490629732,Crypto,Crypto
2021-09-13,TRX-USD,-0.06989564835915363,Crypto,Crypto
2021-09-13,XLM-USD,-0.04165317393723511,Crypto,Crypto
2021-09-13,XRP-USD,-0.04908568695601068,Crypto,Crypto
2021-09-14,ADA-USD,-0.0020931343485174336,Crypto,Crypto
2021-09-14,BCH-USD,0.04037112545676025,Crypto,Crypto
2021-09-14,BTC-USD,0.0473592610325122,Crypto,Crypto
2021-09-14,EOS-USD,0.02471775591956127,Crypto,Crypto
2021-09-14,ETC-USD,0.023806858554175747,Crypto,Crypto
2021-09-14,ETH-USD,0.043724683179346746,Crypto,Crypto
2021-09-14,LTC-USD,0.020364611405923494,Crypto,Crypto
2021-09-14,TRX-USD,0.12858684466591663,Crypto,Crypto
2021-09-14,XLM-USD,0.03698960863792178,Crypto,Crypto
2021-09-14,XRP-USD,0.02995835034305716,Crypto,Crypto
2021-09-15,ADA-USD,0.04424586939096753,Crypto,Crypto
2021-09-15,BCH-USD,0.019551767779124596,Crypto,Crypto
2021-09-15,BTC-USD,0.023015462091804384,Crypto,Crypto
2021-09-15,EOS-USD,0.050515894842778186,Crypto,Crypto
2021-09-15,ETC-USD,0.03633278960574171,Crypto,Crypto
2021-09-15,ETH-USD,0.054273499009923176,Crypto,Crypto
2021-09-15,LTC-USD,0.03330988763561882,Crypto,Crypto
2021-09-15,TRX-USD,0.02240673891128586,Crypto,Crypto
2021-09-15,XLM-USD,0.03136927007445789,Crypto,Crypto
2021-09-15,XRP-USD,0.022596817451628448,Crypto,Crypto
2021-09-16,ADA-USD,-0.03224533667384055,Crypto,Crypto
2021-09-16,BCH-USD,-0.019780464227309613,Crypto,Crypto
2021-09-16,BTC-USD,-0.008157286726135138,Crypto,Crypto
2021-09-16,EOS-USD,-0.016612237869593538,Crypto,Crypto
2021-09-16,ETC-USD,-0.019131948962650025,Crypto,Crypto
2021-09-16,ETH-USD,-0.012167179288121388,Crypto,Crypto
2021-09-16,LTC-USD,-0.019559032200789694,Crypto,Crypto
2021-09-16,TRX-USD,-0.03994438713739357,Crypto,Crypto
2021-09-16,XLM-USD,-0.031812009076627734,Crypto,Crypto
2021-09-16,XRP-USD,-0.02662409793303444,Crypto,Crypto
2021-09-17,ADA-USD,-0.030793419129667488,Crypto,Crypto
2021-09-17,BCH-USD,-0.02972848731674438,Crypto,Crypto
2021-09-17,BTC-USD,-0.010795386730801604,Crypto,Crypto
2021-09-17,EOS-USD,0.04442955703195217,Crypto,Crypto
2021-09-17,ETC-USD,-0.024004471754897727,Crypto,Crypto
2021-09-17,ETH-USD,-0.04837351921216426,Crypto,Crypto
2021-09-17,LTC-USD,-0.03155141489855229,Crypto,Crypto
2021-09-17,TRX-USD,-0.0941010590544884,Crypto,Crypto
2021-09-17,XLM-USD,-0.03345617405799328,Crypto,Crypto
2021-09-17,XRP-USD,-0.023728862428953446,Crypto,Crypto
2021-09-20,ADA-USD,-0.09565359916829774,Crypto,Crypto
2021-09-20,BCH-USD,-0.1122751703205439,Crypto,Crypto
2021-09-20,BTC-USD,-0.09344895316951951,Crypto,Crypto
2021-09-20,EOS-USD,-0.1496458908131344,Crypto,Crypto
2021-09-20,ETC-USD,-0.11583227545853403,Crypto,Crypto
2021-09-20,ETH-USD,-0.11126606874805267,Crypto,Crypto
2021-09-20,LTC-USD,-0.10968769166758707,Crypto,Crypto
2021-09-20,TRX-USD,-0.12338063486783235,Crypto,Crypto
2021-09-20,XLM-USD,-0.10584599162682062,Crypto,Crypto
2021-09-20,XRP-USD,-0.12521228327662592,Crypto,Crypto
2021-09-21,ADA-USD,-0.037287468160148385,Crypto,Crypto
2021-09-21,BCH-USD,-0.06814342011037589,Crypto,Crypto
2021-09-21,BTC-USD,-0.050185206746199196,Crypto,Crypto
2021-09-21,EOS-USD,-0.07066521252560476,Crypto,Crypto
2021-09-21,ETC-USD,-0.06446832287163196,Crypto,Crypto
2021-09-21,ETH-USD,-0.06575285207462656,Crypto,Crypto
2021-09-21,LTC-USD,-0.0516038285840118,Crypto,Crypto
2021-09-21,TRX-USD,-0.02975456028966028,Crypto,Crypto
2021-09-21,XLM-USD,-0.05199196849606835,Crypto,Crypto
2021-09-21,XRP-USD,-0.0445105973078892,Crypto,Crypto
2021-09-22,ADA-USD,0.14048817765881405,Crypto,Crypto
2021-09-22,BCH-USD,0.08655652536045566,Crypto,Crypto
2021-09-22,BTC-USD,0.07079311406361999,Crypto,Crypto
2021-09-22,EOS-USD,0.10697598065221237,Crypto,Crypto
2021-09-22,ETC-USD,0.1211312263842037,Crypto,Crypto
2021-09-22,ETH-USD,0.11338201253895797,Crypto,Crypto
2021-09-22,LTC-USD,0.08775615614343368,Crypto,Crypto
2021-09-22,TRX-USD,0.11938162495237736,Crypto,Crypto
2021-09-22,XLM-USD,0.10132098547013335,Crypto,Crypto
2021-09-22,XRP-USD,0.1457751581531701,Crypto,Crypto
2021-09-23,ADA-USD,0.02857626509512401,Crypto,Crypto
2021-09-23,BCH-USD,0.008506771212902553,Crypto,Crypto
2021-09-23,BTC-USD,0.0303064775724482,Crypto,Crypto
2021-09-23,EOS-USD,0.01769994482690751,Crypto,Crypto
2021-09-23,ETC-USD,0.0012592373496636,Crypto,Crypto
2021-09-23,ETH-USD,0.0252303749670717,Crypto,Crypto
2021-09-23,LTC-USD,0.014908070741443513,Crypto,Crypto
2021-09-23,TRX-USD,0.00439399611660396,Crypto,Crypto
2021-09-23,XLM-USD,0.03380426746717746,Crypto,Crypto
2021-09-23,XRP-USD,-0.0020277105000712226,Crypto,Crypto
2021-09-24,ADA-USD,-0.021309801133821082,Crypto,Crypto
2021-09-24,BCH-USD,-0.07006651051586676,Crypto,Crypto
2021-09-24,BTC-USD,-0.04578111561282838,Crypto,Crypto
2021-09-24,EOS-USD,-0.078359549964649,Crypto,Crypto
2021-09-24,ETC-USD,-0.07149983811606753,Crypto,Crypto
2021-09-24,ETH-USD,-0.07094052042452526,Crypto,Crypto
2021-09-24,LTC-USD,-0.07072839704996248,Crypto,Crypto
2021-09-24,TRX-USD,-0.06931031623698747,Crypto,Crypto
2021-09-24,XLM-USD,-0.07083606240284446,Crypto,Crypto
2021-09-24,XRP-USD,-0.0560017992507722,Crypto,Crypto
2021-09-27,ADA-USD,-0.03286848170358536,Crypto,Crypto
2021-09-27,BCH-USD,-0.02909754829293487,Crypto,Crypto
2021-09-27,BTC-USD,-0.02251426719942695,Crypto,Crypto
2021-09-27,EOS-USD,-0.03436810017115943,Crypto,Crypto
2021-09-27,ETC-USD,-0.036644251677567796,Crypto,Crypto
2021-09-27,ETH-USD,-0.04184041841853481,Crypto,Crypto
2021-09-27,LTC-USD,-0.03512519752035981,Crypto,Crypto
2021-09-27,TRX-USD,-0.018639702466023644,Crypto,Crypto
2021-09-27,XLM-USD,-0.03740881189999312,Crypto,Crypto
2021-09-27,XRP-USD,-0.022266859342219614,Crypto,Crypto
2021-09-28,ADA-USD,-0.04530444649212739,Crypto,Crypto
2021-09-28,BCH-USD,-0.029631034009544366,Crypto,Crypto
2021-09-28,BTC-USD,-0.02844007873591181,Crypto,Crypto
2021-09-28,EOS-USD,-0.040282858400455535,Crypto,Crypto
2021-09-28,ETC-USD,-0.009482957089170352,Crypto,Crypto
2021-09-28,ETH-USD,-0.04322981589722885,Crypto,Crypto
2021-09-28,LTC-USD,-0.032696735019101086,Crypto,Crypto
2021-09-28,TRX-USD,-0.034107389595412596,Crypto,Crypto
2021-09-28,XLM-USD,-0.03420931760626711,Crypto,Crypto
2021-09-28,XRP-USD,-0.03247431431767833,Crypto,Crypto
2021-09-29,ADA-USD,0.01301964311207282,Crypto,Crypto
2021-09-29,BCH-USD,0.022966226357128416,Crypto,Crypto
2021-09-29,BTC-USD,0.012911568502261384,Crypto,Crypto
2021-09-29,EOS-USD,0.018503766925024312,Crypto,Crypto
2021-09-29,ETC-USD,0.012439193178285679,Crypto,Crypto
2021-09-29,ETH-USD,0.01633125590773976,Crypto,Crypto
2021-09-29,LTC-USD,0.03073677909021244,Crypto,Crypto
2021-09-29,TRX-USD,0.033688148061392864,Crypto,Crypto
2021-09-29,XLM-USD,0.05263683919410456,Crypto,Crypto
2021-09-29,XRP-USD,0.038783113849877315,Crypto,Crypto
2021-09-30,ADA-USD,0.023606659323742285,Crypto,Crypto
2021-09-30,BCH-USD,0.035193542258441735,Crypto,Crypto
2021-09-30,BTC-USD,0.05356827518164842,Crypto,Crypto
2021-09-30,EOS-USD,0.04873898826491918,Crypto,Crypto
2021-09-30,ETC-USD,0.03026976783877422,Crypto,Crypto
2021-09-30,ETH-USD,0.0520603518169509,Crypto,Crypto
2021-09-30,LTC-USD,0.05678614549454508,Crypto,Crypto
2021-09-30,TRX-USD,0.0404905666232962,Crypto,Crypto
2021-09-30,XLM-USD,0.031662887718084454,Crypto,Crypto
2021-09-30,XRP-USD,0.02616148121438866,Crypto,Crypto
2021-10-01,ADA-USD,0.0679490935152054,Crypto,Crypto
2021-10-01,BCH-USD,0.08119165756864777,Crypto,Crypto
2021-10-01,BTC-USD,0.09878873042688929,Crypto,Crypto
2021-10-01,EOS-USD,0.08726063861400668,Crypto,Crypto
2021-10-01,ETC-USD,0.10532340356766712,Crypto,Crypto
2021-10-01,ETH-USD,0.10188869721917504,Crypto,Crypto
2021-10-01,LTC-USD,0.08478209038083895,Crypto,Crypto
2021-10-01,TRX-USD,0.059333950146448045,Crypto,Crypto
2021-10-01,XLM-USD,0.07740003174655774,Crypto,Crypto
2021-10-01,XRP-USD,0.09446209560659158,Crypto,Crypto
2021-10-04,ADA-USD,-0.028247474874682932,Crypto,Crypto
2021-10-04,BCH-USD,-0.03313287460090397,Crypto,Crypto
2021-10-04,BTC-USD,0.018940873580984396,Crypto,Crypto
2021-10-04,EOS-USD,-0.01007140308831278,Crypto,Crypto
2021-10-04,ETC-USD,-0.02237761840476593,Crypto,Crypto
2021-10-04,ETH-USD,-0.01119529436534994,Crypto,Crypto
2021-10-04,LTC-USD,-0.017993228749062617,Crypto,Crypto
2021-10-04,TRX-USD,-0.015518898687447158,Crypto,Crypto
2021-10-04,XLM-USD,-0.01727085120725147,Crypto,Crypto
2021-10-04,XRP-USD,-0.01152991704822559,Crypto,Crypto
2021-10-05,ADA-USD,0.020047663351199896,Crypto,Crypto
2021-10-05,BCH-USD,0.07695018659197816,Crypto,Crypto
2021-10-05,BTC-USD,0.048905889117254686,Crypto,Crypto
2021-10-05,EOS-USD,0.03047259697574889,Crypto,Crypto
2021-10-05,ETC-USD,0.03606817381784033,Crypto,Crypto
2021-10-05,ETH-USD,0.040954376881792376,Crypto,Crypto
2021-10-05,LTC-USD,0.03790695571211833,Crypto,Crypto
2021-10-05,TRX-USD,0.028618207202586454,Crypto,Crypto
2021-10-05,XLM-USD,0.030449944746531843,Crypto,Crypto
2021-10-05,XRP-USD,0.04074667472516813,Crypto,Crypto
2021-10-06,ADA-USD,-0.009389946042241859,Crypto,Crypto
2021-10-06,BCH-USD,0.04157665738909677,Crypto,Crypto
2021-10-06,BTC-USD,0.0746704982911468,Crypto,Crypto
2021-10-06,EOS-USD,0.005223569521123794,Crypto,Crypto
2021-10-06,ETC-USD,0.009019778392874045,Crypto,Crypto
2021-10-06,ETH-USD,0.01763340339603814,Crypto,Crypto
2021-10-06,LTC-USD,0.027687391311749243,Crypto,Crypto
2021-10-06,TRX-USD,-0.006882702488654857,Crypto,Crypto
2021-10-06,XLM-USD,0.11081098700792635,Crypto,Crypto
2021-10-06,XRP-USD,-0.007228862208386921,Crypto,Crypto
2021-10-07,ADA-USD,0.029310711453883753,Crypto,Crypto
2021-10-07,BCH-USD,-0.010641137564180392,Crypto,Crypto
2021-10-07,BTC-USD,-0.02809653406297008,Crypto,Crypto
2021-10-07,EOS-USD,-0.008006637215376644,Crypto,Crypto
2021-10-07,ETC-USD,-0.01073234332325479,Crypto,Crypto
2021-10-07,ETH-USD,0.0020703011908782543,Crypto,Crypto
2021-10-07,LTC-USD,0.0003696317898709278,Crypto,Crypto
2021-10-07,TRX-USD,-7.331943280086684e-05,Crypto,Crypto
2021-10-07,XLM-USD,-0.029158503670195346,Crypto,Crypto
2021-10-07,XRP-USD,-0.008936138956999518,Crypto,Crypto
2021-10-08,ADA-USD,-0.017487523309211106,Crypto,Crypto
2021-10-08,BCH-USD,-0.026764541192967672,Crypto,Crypto
2021-10-08,BTC-USD,0.0030082765538104184,Crypto,Crypto
2021-10-08,EOS-USD,-0.015027794913300974,Crypto,Crypto
2021-10-08,ETC-USD,-0.011857753872922316,Crypto,Crypto
2021-10-08,ETH-USD,-0.00674909305681104,Crypto,Crypto
2021-10-08,LTC-USD,-0.015658778639506488,Crypto,Crypto
2021-10-08,TRX-USD,0.02257257439971938,Crypto,Crypto
2021-10-08,XLM-USD,-0.02410587273948439,Crypto,Crypto
2021-10-08,XRP-USD,-0.004807879587255703,Crypto,Crypto
2021-10-11,ADA-USD,-0.010843245766528953,Crypto,Crypto
2021-10-11,BCH-USD,0.02585648749999092,Crypto,Crypto
2021-10-11,BTC-USD,0.04953684064585273,Crypto,Crypto
2021-10-11,EOS-USD,-0.009362441674541144,Crypto,Crypto
2021-10-11,ETC-USD,0.018448781750711962,Crypto,Crypto
2021-10-11,ETH-USD,0.03488218212091221,Crypto,Crypto
2021-10-11,LTC-USD,0.023428680943016866,Crypto,Crypto
2021-10-11,TRX-USD,-0.005994962923169256,Crypto,Crypto
2021-10-11,XLM-USD,0.036205685203719584,Crypto,Crypto
2021-10-11,XRP-USD,-0.0004963332075397231,Crypto,Crypto
2021-10-12,ADA-USD,-0.024937542878593733,Crypto,Crypto
2021-10-12,BCH-USD,-0.023864121100916735,Crypto,Crypto
2021-10-12,BTC-USD,-0.025114999851183484,Crypto,Crypto
2021-10-12,EOS-USD,-0.01457945783069503,Crypto,Crypto
2021-10-12,ETC-USD,-0.02296872685223439,Crypto,Crypto
2021-10-12,ETH-USD,-0.014887303682677766,Crypto,Crypto
2021-10-12,LTC-USD,-0.036941657469351186,Crypto,Crypto
2021-10-12,TRX-USD,-0.017012831129350925,Crypto,Crypto
2021-10-12,XLM-USD,-0.03312960622956718,Crypto,Crypto
2021-10-12,XRP-USD,-0.0316630306697665,Crypto,Crypto
2021-10-13,ADA-USD,0.03296687966408829,Crypto,Crypto
2021-10-13,BCH-USD,0.012016388544061174,Crypto,Crypto
2021-10-13,BTC-USD,0.02426861834211813,Crypto,Crypto
2021-10-13,EOS-USD,0.02401653927445957,Crypto,Crypto
2021-10-13,ETC-USD,0.011556715711254606,Crypto,Crypto
2021-10-13,ETH-USD,0.03253429780547168,Crypto,Crypto
2021-10-13,LTC-USD,0.02795502908126246,Crypto,Crypto
2021-10-13,TRX-USD,0.026008032919257795,Crypto,Crypto
2021-10-13,XLM-USD,0.10362578328818817,Crypto,Crypto
2021-10-13,XRP-USD,0.024080221026298254,Crypto,Crypto
2021-10-14,ADA-USD,-0.008537988231621774,Crypto,Crypto
2021-10-14,BCH-USD,0.005228415550981413,Crypto,Crypto
2021-10-14,BTC-USD,-0.001386283921372633,Crypto,Crypto
2021-10-14,EOS-USD,0.0033198365287152587,Crypto,Crypto
2021-10-14,ETC-USD,0.01963288886304082,Crypto,Crypto
2021-10-14,ETH-USD,0.049862020193349066,Crypto,Crypto
2021-10-14,LTC-USD,0.014018408992315878,Crypto,Crypto
2021-10-14,TRX-USD,-0.008510843421861147,Crypto,Crypto
2021-10-14,XLM-USD,0.004523162269267189,Crypto,Crypto
2021-10-14,XRP-USD,0.003477525762130451,Crypto,Crypto
2021-10-15,ADA-USD,0.020405876551466307,Crypto,Crypto
2021-10-15,BCH-USD,0.044990406842608355,Crypto,Crypto
2021-10-15,BTC-USD,0.07453440740995654,Crypto,Crypto
2021-10-15,EOS-USD,0.004926746742276,Crypto,Crypto
2021-10-15,ETC-USD,-0.002092683490818925,Crypto,Crypto
2021-10-15,ETH-USD,0.020237802139014605,Crypto,Crypto
2021-10-15,LTC-USD,0.04827791101145951,Crypto,Crypto
2021-10-15,TRX-USD,0.013843300006288084,Crypto,Crypto
2021-10-15,XLM-USD,-0.02136860900975457,Crypto,Crypto
2021-10-15,XRP-USD,0.007271842927687455,Crypto,Crypto
2021-10-18,ADA-USD,-0.013305797008696496,Crypto,Crypto
2021-10-18,BCH-USD,-0.0008594132441637203,Crypto,Crypto
2021-10-18,BTC-USD,0.007675599893030238,Crypto,Crypto
2021-10-18,EOS-USD,0.0017398908549093317,Crypto,Crypto
2021-10-18,ETC-USD,-0.010948071130978398,Crypto,Crypto
2021-10-18,ETH-USD,-0.02556318355297138,Crypto,Crypto
2021-10-18,LTC-USD,0.009939652672327659,Crypto,Crypto
2021-10-18,TRX-USD,-0.005573025048867808,Crypto,Crypto
2021-10-18,XLM-USD,-0.007369485502854434,Crypto,Crypto
2021-10-18,XRP-USD,-0.008803103653307609,Crypto,Crypto
2021-10-19,ADA-USD,-0.007189425919125636,Crypto,Crypto
2021-10-19,BCH-USD,0.012957313647862456,Crypto,Crypto
2021-10-19,BTC-USD,0.036047967727284025,Crypto,Crypto
2021-10-19,EOS-USD,0.00977075034699082,Crypto,Crypto
2021-10-19,ETC-USD,0.008379925824603784,Crypto,Crypto
2021-10-19,ETH-USD,0.03438220005285597,Crypto,Crypto
2021-10-19,LTC-USD,0.018232006898974973,Crypto,Crypto
2021-10-19,TRX-USD,0.025157894001637482,Crypto,Crypto
2021-10-19,XLM-USD,-0.015567254063583835,Crypto,Crypto
2021-10-19,XRP-USD,0.007600699785721865,Crypto,Crypto
2021-10-20,ADA-USD,0.034542993690764634,Crypto,Crypto
2021-10-20,BCH-USD,0.0408847917798596,Crypto,Crypto
2021-10-20,BTC-USD,0.026934175102288238,Crypto,Crypto
2021-10-20,EOS-USD,0.07826487724901066,Crypto,Crypto
2021-10-20,ETC-USD,0.04891453624769926,Crypto,Crypto
2021-10-20,ETH-USD,0.0717809099596558,Crypto,Crypto
2021-10-20,LTC-USD,0.09490307178922275,Crypto,Crypto
2021-10-20,TRX-USD,0.02440143159804875,Crypto,Crypto
2021-10-20,XLM-USD,0.04560554729183286,Crypto,Crypto
2021-10-20,XRP-USD,0.04601130593270564,Crypto,Crypto
2021-10-21,ADA-USD,-0.02258015153777504,Crypto,Crypto
2021-10-21,BCH-USD,-0.03205407194785648,Crypto,Crypto
2021-10-21,BTC-USD,-0.057319313661295834,Crypto,Crypto
2021-10-21,EOS-USD,-0.030177408057551314,Crypto,Crypto
2021-10-21,ETC-USD,-0.0016403574801585608,Crypto,Crypto
2021-10-21,ETH-USD,-0.02446333607159845,Crypto,Crypto
2021-10-21,LTC-USD,-0.048347097440793574,Crypto,Crypto
2021-10-21,TRX-USD,-0.034366981141350506,Crypto,Crypto
2021-10-21,XLM-USD,-0.04694645046032819,Crypto,Crypto
2021-10-21,XRP-USD,-0.0464078320762904,Crypto,Crypto
2021-10-22,ADA-USD,0.008241131630466025,Crypto,Crypto
2021-10-22,BCH-USD,-0.00023641390634354664,Crypto,Crypto
2021-10-22,BTC-USD,-0.024399647264276236,Crypto,Crypto
2021-10-22,EOS-USD,-0.011863986450613484,Crypto,Crypto
2021-10-22,ETC-USD,-0.01570325586376342,Crypto,Crypto
2021-10-22,ETH-USD,-0.02075337220243678,Crypto,Crypto
2021-10-22,LTC-USD,-0.03071534772968476,Crypto,Crypto
2021-10-22,TRX-USD,0.0030545867575031416,Crypto,Crypto
2021-10-22,XLM-USD,-0.0013069537843354295,Crypto,Crypto
2021-10-22,XRP-USD,-0.0008638805879334077,Crypto,Crypto
2021-10-25,ADA-USD,0.009715896510482658,Crypto,Crypto
2021-10-25,BCH-USD,0.006211124902634646,Crypto,Crypto
2021-10-25,BTC-USD,0.0346128236844363,Crypto,Crypto
2021-10-25,EOS-USD,0.010658756565907757,Crypto,Crypto
2021-10-25,ETC-USD,0.005854361504518568,Crypto,Crypto
2021-10-25,ETH-USD,0.031794755044642464,Crypto,Crypto
2021-10-25,LTC-USD,0.02301594691794029,Crypto,Crypto
2021-10-25,TRX-USD,0.014853785152326493,Crypto,Crypto
2021-10-25,XLM-USD,0.03744476155496157,Crypto,Crypto
2021-10-25,XRP-USD,0.010029657115371293,Crypto,Crypto
2021-10-26,ADA-USD,-0.00246684454842816,Crypto,Crypto
2021-10-26,BCH-USD,-0.016174905555162877,Crypto,Crypto
2021-10-26,BTC-USD,-0.04244985266320056,Crypto,Crypto
2021-10-26,EOS-USD,-0.019126206671533197,Crypto,Crypto
2021-10-26,ETC-USD,-0.021805253010082515,Crypto,Crypto
2021-10-26,ETH-USD,-0.02057312323429894,Crypto,Crypto
2021-10-26,LTC-USD,0.011107610879220742,Crypto,Crypto
2021-10-26,TRX-USD,0.004776204780436499,Crypto,Crypto
2021-10-26,XLM-USD,-0.03456794670216612,Crypto,Crypto
2021-10-26,XRP-USD,0.011811120045377876,Crypto,Crypto
2021-10-27,ADA-USD,-0.10545280787489819,Crypto,Crypto
2021-10-27,BCH-USD,-0.10225669176541263,Crypto,Crypto
2021-10-27,BTC-USD,-0.03116779376295975,Crypto,Crypto
2021-10-27,EOS-USD,-0.11974668498151841,Crypto,Crypto
2021-10-27,ETC-USD,-0.09990132706608645,Crypto,Crypto
2021-10-27,ETH-USD,-0.04861771122902114,Crypto,Crypto
2021-10-27,LTC-USD,-0.09183599509169083,Crypto,Crypto
2021-10-27,TRX-USD,-0.10359825578561432,Crypto,Crypto
2021-10-27,XLM-USD,-0.11428284581765269,Crypto,Crypto
2021-10-27,XRP-USD,-0.10165305090992727,Crypto,Crypto
2021-10-28,ADA-USD,0.03919119692673778,Crypto,Crypto
2021-10-28,BCH-USD,0.05531747166243428,Crypto,Crypto
2021-10-28,BTC-USD,0.03658793903693369,Crypto,Crypto
2021-10-28,EOS-USD,0.06212415530212079,Crypto,Crypto
2021-10-28,ETC-USD,0.0723756949743366,Crypto,Crypto
2021-10-28,ETH-USD,0.09084940093801008,Crypto,Crypto
2021-10-28,LTC-USD,0.059350160527144036,Crypto,Crypto
2021-10-28,TRX-USD,0.05140790644069537,Crypto,Crypto
2021-10-28,XLM-USD,0.03642863385752637,Crypto,Crypto
2021-10-28,XRP-USD,0.06365753776455207,Crypto,Crypto
2021-10-29,ADA-USD,0.012055000512639413,Crypto,Crypto
2021-10-29,BCH-USD,0.02424705746292033,Crypto,Crypto
2021-10-29,BTC-USD,0.02648913766352501,Crypto,Crypto
2021-10-29,EOS-USD,0.019080823985950124,Crypto,Crypto
2021-10-29,ETC-USD,0.026707894643323238,Crypto,Crypto
2021-10-29,ETH-USD,0.029722010166018054,Crypto,Crypto
2021-10-29,LTC-USD,0.03351489682157349,Crypto,Crypto
2021-10-29,TRX-USD,0.04267632775740959,Crypto,Crypto
2021-10-29,XLM-USD,0.054970051623859595,Crypto,Crypto
2021-10-29,XRP-USD,0.021422927606832065,Crypto,Crypto
2021-11-01,ADA-USD,-0.007645733853285264,Crypto,Crypto
2021-11-01,BCH-USD,-0.014366388248924555,Crypto,Crypto
2021-11-01,BTC-USD,-0.005129747739996526,Crypto,Crypto
2021-11-01,EOS-USD,1.2557371491084268e-05,Crypto,Crypto
2021-11-01,ETC-USD,-0.009734858094790577,Crypto,Crypto
2021-11-01,ETH-USD,0.008524277451908313,Crypto,Crypto
2021-11-01,LTC-USD,0.029917242057396543,Crypto,Crypto
2021-11-01,TRX-USD,-0.009642743893744643,Crypto,Crypto
2021-11-01,XLM-USD,-0.016894198006778827,Crypto,Crypto
2021-11-01,XRP-USD,-0.018306826306703772,Crypto,Crypto
2021-11-02,ADA-USD,0.010961558282708062,Crypto,Crypto
2021-11-02,BCH-USD,0.018153838548166545,Crypto,Crypto
2021-11-02,BTC-USD,0.03642353446805324,Crypto,Crypto
2021-11-02,EOS-USD,0.014569147069779298,Crypto,Crypto
2021-11-02,ETC-USD,0.02494317301894089,Crypto,Crypto
2021-11-02,ETH-USD,0.0601605358843722,Crypto,Crypto
2021-11-02,LTC-USD,0.016044610921911895,Crypto,Crypto
2021-11-02,TRX-USD,0.06809684598902543,Crypto,Crypto
2021-11-02,XLM-USD,0.041653021063391193,Crypto,Crypto
2021-11-02,XRP-USD,0.039647093202792805,Crypto,Crypto
2021-11-03,ADA-USD,0.04683218814122836,Crypto,Crypto
2021-11-03,BCH-USD,0.02133389777343675,Crypto,Crypto
2021-11-03,BTC-USD,-0.004054563588107407,Crypto,Crypto
2021-11-03,EOS-USD,0.0016803154038143031,Crypto,Crypto
2021-11-03,ETC-USD,0.007043481292932086,Crypto,Crypto
2021-11-03,ETH-USD,0.004884624248695513,Crypto,Crypto
2021-11-03,LTC-USD,0.03181199287585046,Crypto,Crypto
2021-11-03,TRX-USD,-0.014265126614081414,Crypto,Crypto
2021-11-03,XLM-USD,0.008242119560063266,Crypto,Crypto
2021-11-03,XRP-USD,0.06389743138858117,Crypto,Crypto
2021-11-04,ADA-USD,-0.038192994307047035,Crypto,Crypto
2021-11-04,BCH-USD,-0.02404956031371608,Crypto,Crypto
2021-11-04,BTC-USD,-0.024103783966732184,Crypto,Crypto
2021-11-04,EOS-USD,-0.03413229223140679,Crypto,Crypto
2021-11-04,ETC-USD,-0.03161735649790076,Crypto,Crypto
2021-11-04,ETH-USD,-0.015165333002385761,Crypto,Crypto
2021-11-04,LTC-USD,-0.019999749505826614,Crypto,Crypto
2021-11-04,TRX-USD,-0.023010845967443405,Crypto,Crypto
2021-11-04,XLM-USD,-0.039699477036658215,Crypto,Crypto
2021-11-04,XRP-USD,-0.0056196595778589264,Crypto,Crypto
2021-11-05,ADA-USD,0.000667071181545964,Crypto,Crypto
2021-11-05,BCH-USD,0.00410210311072734,Crypto,Crypto
2021-11-05,BTC-USD,-0.005313959884109654,Crypto,Crypto
2021-11-05,EOS-USD,-0.006583247270445902,Crypto,Crypto
2021-11-05,ETC-USD,-0.009672738711336781,Crypto,Crypto
2021-11-05,ETH-USD,-0.011257968843489952,Crypto,Crypto
2021-11-05,LTC-USD,-0.01689948134487973,Crypto,Crypto
2021-11-05,TRX-USD,0.0028232778073811193,Crypto,Crypto
2021-11-05,XLM-USD,-0.026206217934615417,Crypto,Crypto
2021-11-05,XRP-USD,-0.03366880449447651,Crypto,Crypto
2021-11-08,ADA-USD,0.050718803218642305,Crypto,Crypto
2021-11-08,BCH-USD,0.06334141167773288,Crypto,Crypto
2021-11-08,BTC-USD,0.06695154718111462,Crypto,Crypto
2021-11-08,EOS-USD,0.05737939546513737,Crypto,Crypto
2021-11-08,ETC-USD,0.047051955583810035,Crypto,Crypto
2021-11-08,ETH-USD,0.04145232072718552,Crypto,Crypto
2021-11-08,LTC-USD,0.13187185721400718,Crypto,Crypto
2021-11-08,TRX-USD,0.051422292584661466,Crypto,Crypto
2021-11-08,XLM-USD,0.03901672685478541,Crypto,Crypto
2021-11-08,XRP-USD,0.05325770077882863,Crypto,Crypto
2021-11-09,ADA-USD,0.07016698017464651,Crypto,Crypto
2021-11-09,BCH-USD,0.121101216276565,Crypto,Crypto
2021-11-09,BTC-USD,-0.008806096371717143,Crypto,Crypto
2021-11-09,EOS-USD,0.07252065858145218,Crypto,Crypto
2021-11-09,ETC-USD,0.07794649895704242,Crypto,Crypto
2021-11-09,ETH-USD,-0.01600522772092372,Crypto,Crypto
2021-11-09,LTC-USD,0.1495893269167512,Crypto,Crypto
2021-11-09,TRX-USD,0.040650020353704575,Crypto,Crypto
2021-11-09,XLM-USD,0.09145588184574671,Crypto,Crypto
2021-11-09,XRP-USD,-0.01828404334967748,Crypto,Crypto
2021-11-10,ADA-USD,-0.07551449666038468,Crypto,Crypto
2021-11-10,BCH-USD,-0.06927723573051636,Crypto,Crypto
2021-11-10,BTC-USD,-0.029513867421399387,Crypto,Crypto
2021-11-10,EOS-USD,-0.06883175478848658,Crypto,Crypto
2021-11-10,ETC-USD,-0.06679966046697827,Crypto,Crypto
2021-11-10,ETH-USD,-0.020885552973311183,Crypto,Crypto
2021-11-10,LTC-USD,-0.0062521713764956965,Crypto,Crypto
2021-11-10,TRX-USD,-0.06680761826160231,Crypto,Crypto
2021-11-10,XLM-USD,-0.065253105949589,Crypto,Crypto
2021-11-10,XRP-USD,-0.05207359002790546,Crypto,Crypto
2021-11-11,ADA-USD,-0.007744795956530215,Crypto,Crypto
2021-11-11,BCH-USD,0.015448706710494253,Crypto,Crypto
2021-11-11,BTC-USD,-0.0006965054346836919,Crypto,Crypto
2021-11-11,EOS-USD,0.01776389967825831,Crypto,Crypto
2021-11-11,ETC-USD,0.0020170844370617225,Crypto,Crypto
2021-11-11,ETH-USD,0.020320625262970626,Crypto,Crypto
2021-11-11,LTC-USD,0.006980439933583105,Crypto,Crypto
2021-11-11,TRX-USD,0.023064370411369106,Crypto,Crypto
2021-11-11,XLM-USD,0.017702542729708615,Crypto,Crypto
2021-11-11,XRP-USD,0.02094151300333702,Crypto,Crypto
2021-11-12,ADA-USD,-0.019063777462405063,Crypto,Crypto
2021-11-12,BCH-USD,-0.012867811295541598,Crypto,Crypto
2021-11-12,BTC-USD,-0.01222509636324598,Crypto,Crypto
2021-11-12,EOS-USD,-0.01714917822790407,Crypto,Crypto
2021-11-12,ETC-USD,-0.023412628608841968,Crypto,Crypto
2021-11-12,ETH-USD,-0.013375032398906361,Crypto,Crypto
2021-11-12,LTC-USD,-0.04381953003337846,Crypto,Crypto
2021-11-12,TRX-USD,-0.01260401648428422,Crypto,Crypto
2021-11-12,XLM-USD,-0.03212653469702542,Crypto,Crypto
2021-11-12,XRP-USD,-0.023809784726161798,Crypto,Crypto
2021-11-15,ADA-USD,-0.012380084107889266,Crypto,Crypto
2021-11-15,BCH-USD,-0.019303408661624943,Crypto,Crypto
2021-11-15,BTC-USD,-0.02915932332393234,Crypto,Crypto
2021-11-15,EOS-USD,-0.0326176293293442,Crypto,Crypto
2021-11-15,ETC-USD,-0.02442754282599069,Crypto,Crypto
2021-11-15,ETH-USD,-0.01488319046462594,Crypto,Crypto
2021-11-15,LTC-USD,-0.0548334476796839,Crypto,Crypto
2021-11-15,TRX-USD,0.0569061198324885,Crypto,Crypto
2021-11-15,XLM-USD,-0.003942463671439689,Crypto,Crypto
2021-11-15,XRP-USD,-0.014492701295820143,Crypto,Crypto
2021-11-16,ADA-USD,-0.0686410609907635,Crypto,Crypto
2021-11-16,BCH-USD,-0.09935815234728418,Crypto,Crypto
2021-11-16,BTC-USD,-0.05344145330150951,Crypto,Crypto
2021-11-16,EOS-USD,-0.0970390778154091,Crypto,Crypto
2021-11-16,ETC-USD,-0.07061057195489995,Crypto,Crypto
2021-11-16,ETH-USD,-0.07485208546001998,Crypto,Crypto
2021-11-16,LTC-USD,-0.12240658816238492,Crypto,Crypto
2021-11-16,TRX-USD,-0.11412440821286618,Crypto,Crypto
2021-11-16,XLM-USD,-0.08481121745180764,Crypto,Crypto
2021-11-16,XRP-USD,-0.06866906054565303,Crypto,Crypto
2021-11-17,ADA-USD,-0.0009029433387337527,Crypto,Crypto
2021-11-17,BCH-USD,-0.0065674207996458955,Crypto,Crypto
2021-11-17,BTC-USD,0.003436857419438999,Crypto,Crypto
2021-11-17,EOS-USD,0.008206312026434182,Crypto,Crypto
2021-11-17,ETC-USD,0.006502194230222136,Crypto,Crypto
2021-11-17,ETH-USD,0.016893345729229292,Crypto,Crypto
2021-11-17,LTC-USD,-0.004749888900387744,Crypto,Crypto
2021-11-17,TRX-USD,0.015763146978995612,Crypto,Crypto
2021-11-17,XLM-USD,0.006798308166813705,Crypto,Crypto
2021-11-17,XRP-USD,0.004910386565229574,Crypto,Crypto
2021-11-18,ADA-USD,-0.04649806745875118,Crypto,Crypto
2021-11-18,BCH-USD,-0.06844025568967327,Crypto,Crypto
2021-11-18,BTC-USD,-0.05674983989800575,Crypto,Crypto
2021-11-18,EOS-USD,-0.06414086614338188,Crypto,Crypto
2021-11-18,ETC-USD,-0.05471078943233565,Crypto,Crypto
2021-11-18,ETH-USD,-0.06692398763146579,Crypto,Crypto
2021-11-18,LTC-USD,-0.10928428517109579,Crypto,Crypto
2021-11-18,TRX-USD,-0.09698616636535295,Crypto,Crypto
2021-11-18,XLM-USD,-0.052656511104031356,Crypto,Crypto
2021-11-18,XRP-USD,-0.0495643110775954,Crypto,Crypto
2021-11-19,ADA-USD,0.04275601655502537,Crypto,Crypto
2021-11-19,BCH-USD,0.037481537285936506,Crypto,Crypto
2021-11-19,BTC-USD,0.020677857806173483,Crypto,Crypto
2021-11-19,EOS-USD,0.04994017611610424,Crypto,Crypto
2021-11-19,ETC-USD,0.04756971565712553,Crypto,Crypto
2021-11-19,ETH-USD,0.07440183378363852,Crypto,Crypto
2021-11-19,LTC-USD,0.0670945714955371,Crypto,Crypto
2021-11-19,TRX-USD,0.03561501282106638,Crypto,Crypto
2021-11-19,XLM-USD,0.07881927744106676,Crypto,Crypto
2021-11-19,XRP-USD,0.04754337945098164,Crypto,Crypto
2021-11-22,ADA-USD,-0.03435665442950975,Crypto,Crypto
2021-11-22,BCH-USD,-0.032312981222640036,Crypto,Crypto
2021-11-22,BTC-USD,-0.041565940596482776,Crypto,Crypto
2021-11-22,EOS-USD,-0.028308948126421818,Crypto,Crypto
2021-11-22,ETC-USD,-0.038606322674742066,Crypto,Crypto
2021-11-22,ETH-USD,-0.04245585152485365,Crypto,Crypto
2021-11-22,LTC-USD,-0.056877898969082685,Crypto,Crypto
2021-11-22,TRX-USD,-0.047344164305530345,Crypto,Crypto
2021-11-22,XLM-USD,-0.021937474871392193,Crypto,Crypto
2021-11-22,XRP-USD,-0.022214286228311897,Crypto,Crypto
2021-11-23,ADA-USD,-0.014664335743637347,Crypto,Crypto
2021-11-23,BCH-USD,0.024917079961792155,Crypto,Crypto
2021-11-23,BTC-USD,0.022735855747423095,Crypto,Crypto
2021-11-23,EOS-USD,0.023668091215721443,Crypto,Crypto
2021-11-23,ETC-USD,0.019703633758122008,Crypto,Crypto
2021-11-23,ETH-USD,0.06171175606728707,Crypto,Crypto
2021-11-23,LTC-USD,0.03457174164574117,Crypto,Crypto
2021-11-23,TRX-USD,0.009919765227344612,Crypto,Crypto
2021-11-23,XLM-USD,0.012224875665762358,Crypto,Crypto
2021-11-23,XRP-USD,0.02935975186227502,Crypto,Crypto
2021-11-24,ADA-USD,-0.03660662219599009,Crypto,Crypto
2021-11-24,BCH-USD,-0.021153577787119127,Crypto,Crypto
2021-11-24,BTC-USD,-0.02238438701660228,Crypto,Crypto
2021-11-24,EOS-USD,-0.02576220956157682,Crypto,Crypto
2021-11-24,ETC-USD,-0.024367684338960305,Crypto,Crypto
2021-11-24,ETH-USD,-0.023217625786793206,Crypto,Crypto
2021-11-24,LTC-USD,-0.030419212160717968,Crypto,Crypto
2021-11-24,TRX-USD,-0.02073384021657243,Crypto,Crypto
2021-11-24,XLM-USD,-0.021888623590616274,Crypto,Crypto
2021-11-24,XRP-USD,-0.023412034445286944,Crypto,Crypto
2021-11-26,ADA-USD,-0.07443934612169978,Crypto,Crypto
2021-11-26,BCH-USD,-0.09278591350531884,Crypto,Crypto
2021-11-26,BTC-USD,-0.06468677053655503,Crypto,Crypto
2021-11-26,EOS-USD,-0.07354885284052537,Crypto,Crypto
2021-11-26,ETC-USD,-0.03511417100265346,Crypto,Crypto
2021-11-26,ETH-USD,-0.05704067335916796,Crypto,Crypto
2021-11-26,LTC-USD,-0.09627533655527432,Crypto,Crypto
2021-11-26,TRX-USD,-0.06633487725441456,Crypto,Crypto
2021-11-26,XLM-USD,-0.012143000079990918,Crypto,Crypto
2021-11-26,XRP-USD,-0.09258564823158322,Crypto,Crypto
2021-11-29,ADA-USD,0.006060170174218671,Crypto,Crypto
2021-11-29,BCH-USD,0.01369890523883055,Crypto,Crypto
2021-11-29,BTC-USD,0.009748898117819094,Crypto,Crypto
2021-11-29,EOS-USD,0.01128969664404611,Crypto,Crypto
2021-11-29,ETC-USD,0.015994734912238906,Crypto,Crypto
2021-11-29,ETH-USD,0.03508045044929298,Crypto,Crypto
2021-11-29,LTC-USD,0.03268549465215065,Crypto,Crypto
2021-11-29,TRX-USD,0.016382220420699367,Crypto,Crypto
2021-11-29,XLM-USD,0.015087817586649122,Crypto,Crypto
2021-11-29,XRP-USD,0.023958673335817027,Crypto,Crypto
2021-11-30,ADA-USD,-0.029706510044662515,Crypto,Crypto
2021-11-30,BCH-USD,-0.009706458580772792,Crypto,Crypto
2021-11-30,BTC-USD,-0.013858989986877734,Crypto,Crypto
2021-11-30,EOS-USD,-0.000694243109714443,Crypto,Crypto
2021-11-30,ETC-USD,0.0019138554873192604,Crypto,Crypto
2021-11-30,ETH-USD,0.041927923919998555,Crypto,Crypto
2021-11-30,LTC-USD,0.010415945555521722,Crypto,Crypto
2021-11-30,TRX-USD,-0.0005276091021626517,Crypto,Crypto
2021-11-30,XLM-USD,0.023258607165137724,Crypto,Crypto
2021-11-30,XRP-USD,0.006848073804988086,Crypto,Crypto
2021-12-01,ADA-USD,-0.004624075552889573,Crypto,Crypto
2021-12-01,BCH-USD,0.00092409161836704,Crypto,Crypto
2021-12-01,BTC-USD,0.003936508510805847,Crypto,Crypto
2021-12-01,EOS-USD,-0.003909228733405379,Crypto,Crypto
2021-12-01,ETC-USD,-0.010006389674576122,Crypto,Crypto
2021-12-01,ETH-USD,-0.009605737064494413,Crypto,Crypto
2021-12-01,LTC-USD,0.0045992496868316746,Crypto,Crypto
2021-12-01,TRX-USD,0.0030017487000431053,Crypto,Crypto
2021-12-01,XLM-USD,-0.024642741639207544,Crypto,Crypto
2021-12-01,XRP-USD,-0.007833764374881591,Crypto,Crypto
2021-12-02,ADA-USD,0.10832302895797774,Crypto,Crypto
2021-12-02,BCH-USD,-0.016821900695539127,Crypto,Crypto
2021-12-02,BTC-USD,-0.013140205787574133,Crypto,Crypto
2021-12-02,EOS-USD,-0.00691615924291944,Crypto,Crypto
2021-12-02,ETC-USD,-0.017277945393612604,Crypto,Crypto
2021-12-02,ETH-USD,-0.016500577593133392,Crypto,Crypto
2021-12-02,LTC-USD,-0.026231495260362392,Crypto,Crypto
2021-12-02,TRX-USD,0.005314747428396327,Crypto,Crypto
2021-12-02,XLM-USD,0.031810443847190006,Crypto,Crypto
2021-12-02,XRP-USD,-0.018788458161952848,Crypto,Crypto
2021-12-03,ADA-USD,-0.0925813923217661,Crypto,Crypto
2021-12-03,BCH-USD,-0.05182215476419927,Crypto,Crypto
2021-12-03,BTC-USD,-0.05098586481791345,Crypto,Crypto
2021-12-03,EOS-USD,-0.04274925299949062,Crypto,Crypto
2021-12-03,ETC-USD,-0.046344155169414813,Crypto,Crypto
2021-12-03,ETH-USD,-0.0644151456839035,Crypto,Crypto
2021-12-03,LTC-USD,-0.07562993892573844,Crypto,Crypto
2021-12-03,TRX-USD,-0.03614435992235454,Crypto,Crypto
2021-12-03,XLM-USD,-0.03587536778308287,Crypto,Crypto
2021-12-03,XRP-USD,-0.0514937207160463,Crypto,Crypto
2021-12-06,ADA-USD,0.034313742027405114,Crypto,Crypto
2021-12-06,BCH-USD,0.049100304314228405,Crypto,Crypto
2021-12-06,BTC-USD,0.02458589579002135,Crypto,Crypto
2021-12-06,EOS-USD,0.08346254571659673,Crypto,Crypto
2021-12-06,ETC-USD,0.016065145751803733,Crypto,Crypto
2021-12-06,ETH-USD,0.03820919928845279,Crypto,Crypto
2021-12-06,LTC-USD,0.03501526563849944,Crypto,Crypto
2021-12-06,TRX-USD,0.03625125051763467,Crypto,Crypto
2021-12-06,XLM-USD,0.055231789824176536,Crypto,Crypto
2021-12-06,XRP-USD,0.028169289196124714,Crypto,Crypto
2021-12-07,ADA-USD,-0.030484241824267344,Crypto,Crypto
2021-12-07,BCH-USD,-0.001253784735180452,Crypto,Crypto
2021-12-07,BTC-USD,0.002322159783127109,Crypto,Crypto
2021-12-07,EOS-USD,-0.016861648279951624,Crypto,Crypto
2021-12-07,ETC-USD,0.007018493581718799,Crypto,Crypto
2021-12-07,ETH-USD,-0.01002028298494384,Crypto,Crypto
2021-12-07,LTC-USD,0.002510039450883017,Crypto,Crypto
2021-12-07,TRX-USD,0.03227098576677756,Crypto,Crypto
2021-12-07,XLM-USD,-0.029914871503909923,Crypto,Crypto
2021-12-07,XRP-USD,-0.011710902568995207,Crypto,Crypto
2021-12-08,ADA-USD,0.010950556999441252,Crypto,Crypto
2021-12-08,BCH-USD,0.011975810999218295,Crypto,Crypto
2021-12-08,BTC-USD,-0.00385184874717448,Crypto,Crypto
2021-12-08,EOS-USD,0.13058782240971767,Crypto,Crypto
2021-12-08,ETC-USD,0.030904822125250808,Crypto,Crypto
2021-12-08,ETH-USD,0.028805240908762686,Crypto,Crypto
2021-12-08,LTC-USD,0.018057497984444337,Crypto,Crypto
2021-12-08,TRX-USD,0.024965330289391963,Crypto,Crypto
2021-12-08,XLM-USD,0.06614927561378359,Crypto,Crypto
2021-12-08,XRP-USD,0.05462941037867042,Crypto,Crypto
2021-12-09,ADA-USD,-0.07632668134646636,Crypto,Crypto
2021-12-09,BCH-USD,-0.06524741890910402,Crypto,Crypto
2021-12-09,BTC-USD,-0.05608726213196957,Crypto,Crypto
2021-12-09,EOS-USD,-0.11784079068167108,Crypto,Crypto
2021-12-09,ETC-USD,-0.08160584876850441,Crypto,Crypto
2021-12-09,ETH-USD,-0.07197932643737959,Crypto,Crypto
2021-12-09,LTC-USD,-0.081272727356684,Crypto,Crypto
2021-12-09,TRX-USD,-0.03975899497863222,Crypto,Crypto
2021-12-09,XLM-USD,-0.10492489095975854,Crypto,Crypto
2021-12-09,XRP-USD,-0.002357239989704385,Crypto,Crypto
2021-12-10,ADA-USD,-0.06102644851106165,Crypto,Crypto
2021-12-10,BCH-USD,-0.022688479516233984,Crypto,Crypto
2021-12-10,BTC-USD,-0.00899511908452133,Crypto,Crypto
2021-12-10,EOS-USD,-0.055530173539787064,Crypto,Crypto
2021-12-10,ETC-USD,-0.02969217268665647,Crypto,Crypto
2021-12-10,ETH-USD,-0.05129351127002291,Crypto,Crypto
2021-12-10,LTC-USD,-0.021061298703857423,Crypto,Crypto
2021-12-10,TRX-USD,-0.009427672947529997,Crypto,Crypto
2021-12-10,XLM-USD,-0.04689574325558732,Crypto,Crypto
2021-12-10,XRP-USD,-0.06986759490443639,Crypto,Crypto
2021-12-13,ADA-USD,-0.09050373386731214,Crypto,Crypto
2021-12-13,BCH-USD,-0.08076475772402225,Crypto,Crypto
2021-12-13,BTC-USD,-0.0670851717099511,Crypto,Crypto
2021-12-13,EOS-USD,-0.07299487537665927,Crypto,Crypto
2021-12-13,ETC-USD,-0.09797817080405335,Crypto,Crypto
2021-12-13,ETH-USD,-0.08470922459893049,Crypto,Crypto
2021-12-13,LTC-USD,-0.09213376295850584,Crypto,Crypto
2021-12-13,TRX-USD,-0.0672291935614806,Crypto,Crypto
2021-12-13,XLM-USD,-0.08374349375446821,Crypto,Crypto
2021-12-13,XRP-USD,-0.0694500078426794,Crypto,Crypto
2021-12-14,ADA-USD,-0.0020508876186354774,Crypto,Crypto
2021-12-14,BCH-USD,0.006590827686397738,Crypto,Crypto
2021-12-14,BTC-USD,-0.00267125345649466,Crypto,Crypto
2021-12-14,EOS-USD,0.0565678148655504,Crypto,Crypto
2021-12-14,ETC-USD,0.0066262080765682185,Crypto,Crypto
2021-12-14,ETH-USD,-0.010249485280602655,Crypto,Crypto
2021-12-14,LTC-USD,0.010669314385463702,Crypto,Crypto
2021-12-14,TRX-USD,0.00682278216414689,Crypto,Crypto
2021-12-14,XLM-USD,0.029752047044163232,Crypto,Crypto
2021-12-14,XRP-USD,0.017058448324456466,Crypto,Crypto
2021-12-15,ADA-USD,0.07279153018220241,Crypto,Crypto
2021-12-15,BCH-USD,0.05484195701986749,Crypto,Crypto
2021-12-15,BTC-USD,0.04900151967252708,Crypto,Crypto
2021-12-15,EOS-USD,0.030187359909711997,Crypto,Crypto
2021-12-15,ETC-USD,0.04685088270276183,Crypto,Crypto
2021-12-15,ETH-USD,0.07287480532970947,Crypto,Crypto
2021-12-15,LTC-USD,0.05091395212217886,Crypto,Crypto
2021-12-15,TRX-USD,0.023355784574288663,Crypto,Crypto
2021-12-15,XLM-USD,0.04731136987598217,Crypto,Crypto
2021-12-15,XRP-USD,0.03916118172227656,Crypto,Crypto
2021-12-16,ADA-USD,-0.05436077920354909,Crypto,Crypto
2021-12-16,BCH-USD,-0.02040243347083681,Crypto,Crypto
2021-12-16,BTC-USD,-0.025181582897818466,Crypto,Crypto
2021-12-16,EOS-USD,-0.046338576725456715,Crypto,Crypto
2021-12-16,ETC-USD,-0.024546046035200053,Crypto,Crypto
2021-12-16,ETH-USD,-0.013915763227156375,Crypto,Crypto
2021-12-16,LTC-USD,-0.02979300026856746,Crypto,Crypto
2021-12-16,TRX-USD,-0.024672286898229978,Crypto,Crypto
2021-12-16,XLM-USD,-0.06270597121798716,Crypto,Crypto
2021-12-16,XRP-USD,-0.025622697150962992,Crypto,Crypto
2021-12-17,ADA-USD,-0.01663954701517434,Crypto,Crypto
2021-12-17,BCH-USD,-0.029088808985793135,Crypto,Crypto
2021-12-17,BTC-USD,-0.030699007215741814,Crypto,Crypto
2021-12-17,EOS-USD,-0.017011792472793053,Crypto,Crypto
2021-12-17,ETC-USD,-0.023853859632449237,Crypto,Crypto
2021-12-17,ETH-USD,-0.020942280956898096,Crypto,Crypto
2021-12-17,LTC-USD,-0.030906834258012328,Crypto,Crypto
2021-12-17,TRX-USD,-0.06714505672425641,Crypto,Crypto
2021-12-17,XLM-USD,-0.002825670459036367,Crypto,Crypto
2021-12-17,XRP-USD,-0.008606717508379047,Crypto,Crypto
2021-12-20,ADA-USD,-0.005158810390564206,Crypto,Crypto
2021-12-20,BCH-USD,-0.0059457318504183565,Crypto,Crypto
2021-12-20,BTC-USD,0.003709543768351198,Crypto,Crypto
2021-12-20,EOS-USD,-0.0012035176087903388,Crypto,Crypto
2021-12-20,ETC-USD,-0.010020917033841004,Crypto,Crypto
2021-12-20,ETH-USD,0.0028684990961875823,Crypto,Crypto
2021-12-20,LTC-USD,-0.002932886607145746,Crypto,Crypto
2021-12-20,TRX-USD,-0.025299895566704977,Crypto,Crypto
2021-12-20,XLM-USD,0.01757850490747237,Crypto,Crypto
2021-12-20,XRP-USD,0.053644558642906626,Crypto,Crypto
2021-12-21,ADA-USD,0.03441900586399882,Crypto,Crypto
2021-12-21,BCH-USD,0.01851716489522537,Crypto,Crypto
2021-12-21,BTC-USD,0.04386356169401262,Crypto,Crypto
2021-12-21,EOS-USD,0.04037772424860364,Crypto,Crypto
2021-12-21,ETC-USD,0.024661130116374608,Crypto,Crypto
2021-12-21,ETH-USD,0.021967194618366825,Crypto,Crypto
2021-12-21,LTC-USD,0.015058874762776009,Crypto,Crypto
2021-12-21,TRX-USD,0.017816166915919585,Crypto,Crypto
2021-12-21,XLM-USD,0.03820458701125462,Crypto,Crypto
2021-12-21,XRP-USD,0.077081028847243,Crypto,Crypto
2021-12-22,ADA-USD,0.036836188962964256,Crypto,Crypto
2021-12-22,BCH-USD,-0.00011200066601768643,Crypto,Crypto
2021-12-22,BTC-USD,-0.006295931447672265,Crypto,Crypto
2021-12-22,EOS-USD,0.012255661812428986,Crypto,Crypto
2021-12-22,ETC-USD,0.010394588315705278,Crypto,Crypto
2021-12-22,ETH-USD,-0.009492022978098258,Crypto,Crypto
2021-12-22,LTC-USD,0.0034881263258002004,Crypto,Crypto
2021-12-22,TRX-USD,0.002851892718442439,Crypto,Crypto
2021-12-22,XLM-USD,-0.0012108589914550105,Crypto,Crypto
2021-12-22,XRP-USD,0.0074426081564831215,Crypto,Crypto
2021-12-23,ADA-USD,0.11042586833614365,Crypto,Crypto
2021-12-23,BCH-USD,0.03886141389912012,Crypto,Crypto
2021-12-23,BTC-USD,0.04433669194360079,Crypto,Crypto
2021-12-23,EOS-USD,0.0421637062376905,Crypto,Crypto
2021-12-23,ETC-USD,0.05042890663985866,Crypto,Crypto
2021-12-23,ETH-USD,0.03162050877094025,Crypto,Crypto
2021-12-23,LTC-USD,0.05134188619215885,Crypto,Crypto
2021-12-23,TRX-USD,0.044514580847883956,Crypto,Crypto
2021-12-23,XLM-USD,0.07470469952614311,Crypto,Crypto
2021-12-23,XRP-USD,0.0404169495138067,Crypto,Crypto
2021-12-27,ADA-USD,0.039056454905609383,Crypto,Crypto
2021-12-27,BCH-USD,0.028851869850019307,Crypto,Crypto
2021-12-27,BTC-USD,-0.003328070621613999,Crypto,Crypto
2021-12-27,EOS-USD,-0.00218411569063659,Crypto,Crypto
2021-12-27,ETC-USD,-0.0087329528456912,Crypto,Crypto
2021-12-27,ETH-USD,-0.007321887161027885,Crypto,Crypto
2021-12-27,LTC-USD,-0.0007123074241370819,Crypto,Crypto
2021-12-27,TRX-USD,-0.0070363856974348105,Crypto,Crypto
2021-12-27,XLM-USD,0.025529262963299937,Crypto,Crypto
2021-12-27,XRP-USD,0.005432150816741199,Crypto,Crypto
2021-12-28,ADA-USD,-0.07313638689508051,Crypto,Crypto
2021-12-28,BCH-USD,-0.05523045216231304,Crypto,Crypto
2021-12-28,BTC-USD,-0.06025942562091624,Crypto,Crypto
2021-12-28,EOS-USD,-0.0747952893091145,Crypto,Crypto
2021-12-28,ETC-USD,-0.069779758343948,Crypto,Crypto
2021-12-28,ETH-USD,-0.058613436676413055,Crypto,Crypto
2021-12-28,LTC-USD,-0.06411518905166025,Crypto,Crypto
2021-12-28,TRX-USD,-0.04620874135753961,Crypto,Crypto
2021-12-28,XLM-USD,-0.08141886135391285,Crypto,Crypto
2021-12-28,XRP-USD,-0.0790598932773976,Crypto,Crypto
2021-12-29,ADA-USD,-0.05095331199588404,Crypto,Crypto
2021-12-29,BCH-USD,-0.02158564220196224,Crypto,Crypto
2021-12-29,BTC-USD,-0.02404227880624954,Crypto,Crypto
2021-12-29,EOS-USD,-0.034378634655453655,Crypto,Crypto
2021-12-29,ETC-USD,-0.02547657732818631,Crypto,Crypto
2021-12-29,ETH-USD,-0.045347586768066606,Crypto,Crypto
2021-12-29,LTC-USD,-0.0025653598291865976,Crypto,Crypto
2021-12-29,TRX-USD,-0.010264113300442745,Crypto,Crypto
2021-12-29,XLM-USD,-0.029616825904207777,Crypto,Crypto
2021-12-29,XRP-USD,-0.04249437502821396,Crypto,Crypto
2021-12-30,ADA-USD,0.02224276105444467,Crypto,Crypto
2021-12-30,BCH-USD,0.0033799137910175414,Crypto,Crypto
2021-12-30,BTC-USD,0.01579112126431248,Crypto,Crypto
2021-12-30,EOS-USD,0.017024248959128574,Crypto,Crypto
2021-12-30,ETC-USD,0.014514189995445737,Crypto,Crypto
2021-12-30,ETH-USD,0.02351372914831229,Crypto,Crypto
2021-12-30,LTC-USD,0.019059458501528015,Crypto,Crypto
2021-12-30,TRX-USD,0.019067253897046443,Crypto,Crypto
2021-12-30,XLM-USD,0.007067204604761956,Crypto,Crypto
2021-12-30,XRP-USD,0.02808208645816901,Crypto,Crypto
2021-12-31,ADA-USD,-0.03690487582005875,Crypto,Crypto
2021-12-31,BCH-USD,-0.002079049567641933,Crypto,Crypto
2021-12-31,BTC-USD,-0.018476352917798256,Crypto,Crypto
2021-12-31,EOS-USD,-0.01458109635462923,Crypto,Crypto
2021-12-31,ETC-USD,-0.014276900509626378,Crypto,Crypto
2021-12-31,ETH-USD,-0.008406161003285728,Crypto,Crypto
2021-12-31,LTC-USD,-0.011944961922488284,Crypto,Crypto
2021-12-31,TRX-USD,-0.03242901515683183,Crypto,Crypto
2021-12-31,XLM-USD,-0.003469653388967986,Crypto,Crypto
2021-12-31,XRP-USD,-0.010106642498711405,Crypto,Crypto
2022-01-03,ADA-USD,-0.04061236696535098,Crypto,Crypto
2022-01-03,BCH-USD,-0.028780380767286062,Crypto,Crypto
2022-01-03,BTC-USD,-0.0187368774698079,Crypto,Crypto
2022-01-03,EOS-USD,-0.01866139383111365,Crypto,Crypto
2022-01-03,ETC-USD,-0.01945521224215707,Crypto,Crypto
2022-01-03,ETH-USD,-0.017804782359288618,Crypto,Crypto
2022-01-03,LTC-USD,-0.018471392196661274,Crypto,Crypto
2022-01-03,TRX-USD,-0.009012308085185827,Crypto,Crypto
2022-01-03,XLM-USD,-0.005217549618264483,Crypto,Crypto
2022-01-03,XRP-USD,-0.030534755766911337,Crypto,Crypto
2022-01-04,ADA-USD,-0.007550491828268058,Crypto,Crypto
2022-01-04,BCH-USD,-0.017058581668565775,Crypto,Crypto
2022-01-04,BTC-USD,-0.012065555013512697,Crypto,Crypto
2022-01-04,EOS-USD,-0.005568216552409022,Crypto,Crypto
2022-01-04,ETC-USD,-0.0154540965258948,Crypto,Crypto
2022-01-04,ETH-USD,0.008687307931515731,Crypto,Crypto
2022-01-04,LTC-USD,-0.011109319324094091,Crypto,Crypto
2022-01-04,TRX-USD,-0.011429552380389896,Crypto,Crypto
2022-01-04,XLM-USD,-0.0362326290233842,Crypto,Crypto
2022-01-04,XRP-USD,-0.009859740142263651,Crypto,Crypto
2022-01-05,ADA-USD,-0.05767971146011741,Crypto,Crypto
2022-01-05,BCH-USD,-0.06070254106664963,Crypto,Crypto
2022-01-05,BTC-USD,-0.050734060615097554,Crypto,Crypto
2022-01-05,EOS-USD,-0.08448724515869199,Crypto,Crypto
2022-01-05,ETC-USD,-0.06128130937200016,Crypto,Crypto
2022-01-05,ETH-USD,-0.06422404850925867,Crypto,Crypto
2022-01-05,LTC-USD,-0.0730400384971559,Crypto,Crypto
2022-01-05,TRX-USD,-0.0632283443548799,Crypto,Crypto
2022-01-05,XLM-USD,-0.044291883252751685,Crypto,Crypto
2022-01-05,XRP-USD,-0.06101208921807233,Crypto,Crypto
2022-01-06,ADA-USD,0.03542072710606603,Crypto,Crypto
2022-01-06,BCH-USD,-0.0023240088251691438,Crypto,Crypto
2022-01-06,BTC-USD,-0.009366159015892994,Crypto,Crypto
2022-01-06,EOS-USD,0.0063838677612626515,Crypto,Crypto
2022-01-06,ETC-USD,-0.01296428035430186,Crypto,Crypto
2022-01-06,ETH-USD,-0.0371730634280415,Crypto,Crypto
2022-01-06,LTC-USD,0.003047068553212018,Crypto,Crypto
2022-01-06,TRX-USD,-0.003782488390759342,Crypto,Crypto
2022-01-06,XLM-USD,0.0030079961607545336,Crypto,Crypto
2022-01-06,XRP-USD,0.009024312764022158,Crypto,Crypto
2022-01-07,ADA-USD,-0.053317703079197365,Crypto,Crypto
2022-01-07,BCH-USD,-0.03639416895621295,Crypto,Crypto
2022-01-07,BTC-USD,-0.03714070469186992,Crypto,Crypto
2022-01-07,EOS-USD,-0.029128685710857805,Crypto,Crypto
2022-01-07,ETC-USD,-0.03856692023322328,Crypto,Crypto
2022-01-07,ETH-USD,-0.06587795854818668,Crypto,Crypto
2022-01-07,LTC-USD,-0.03674136298233199,Crypto,Crypto
2022-01-07,TRX-USD,-0.04199008621832212,Crypto,Crypto
2022-01-07,XLM-USD,-0.04150185105597237,Crypto,Crypto
2022-01-07,XRP-USD,-0.023385339829828933,Crypto,Crypto
2022-01-10,ADA-USD,-0.03902335836383908,Crypto,Crypto
2022-01-10,BCH-USD,-0.03456253531426068,Crypto,Crypto
2022-01-10,BTC-USD,-0.0021554853640055605,Crypto,Crypto
2022-01-10,EOS-USD,-0.033044282723897034,Crypto,Crypto
2022-01-10,ETC-USD,-0.04326954653573667,Crypto,Crypto
2022-01-10,ETH-USD,-0.02364136800640171,Crypto,Crypto
2022-01-10,LTC-USD,-0.03400272197957244,Crypto,Crypto
2022-01-10,TRX-USD,-0.0407744097674374,Crypto,Crypto
2022-01-10,XLM-USD,-0.0312546018256622,Crypto,Crypto
2022-01-10,XRP-USD,-0.020105868842365315,Crypto,Crypto
2022-01-11,ADA-USD,0.05058098111909115,Crypto,Crypto
2022-01-11,BCH-USD,0.015825385462647334,Crypto,Crypto
2022-01-11,BTC-USD,0.021869109453241498,Crypto,Crypto
2022-01-11,EOS-USD,0.02401550900951932,Crypto,Crypto
2022-01-11,ETC-USD,0.04012187128997624,Crypto,Crypto
2022-01-11,ETH-USD,0.05027854349203764,Crypto,Crypto
2022-01-11,LTC-USD,0.03714434050796411,Crypto,Crypto
2022-01-11,TRX-USD,0.021537000896671765,Crypto,Crypto
2022-01-11,XLM-USD,0.038023312427623246,Crypto,Crypto
2022-01-11,XRP-USD,0.04222579150584127,Crypto,Crypto
2022-01-12,ADA-USD,0.10077128797356272,Crypto,Crypto
2022-01-12,BCH-USD,0.038079272101578576,Crypto,Crypto
2022-01-12,BTC-USD,0.028389418684672707,Crypto,Crypto
2022-01-12,EOS-USD,0.04142642639151628,Crypto,Crypto
2022-01-12,ETC-USD,0.05000615909182082,Crypto,Crypto
2022-01-12,ETH-USD,0.04142745718356022,Crypto,Crypto
2022-01-12,LTC-USD,0.07748083385879867,Crypto,Crypto
2022-01-12,TRX-USD,0.04818735891181647,Crypto,Crypto
2022-01-12,XLM-USD,0.07565498989714281,Crypto,Crypto
2022-01-12,XRP-USD,0.03762742645646555,Crypto,Crypto
2022-01-13,ADA-USD,-0.05471225916509315,Crypto,Crypto
2022-01-13,BCH-USD,-0.016484391755157035,Crypto,Crypto
2022-01-13,BTC-USD,-0.030888714484173407,Crypto,Crypto
2022-01-13,EOS-USD,-0.031145701827991146,Crypto,Crypto
2022-01-13,ETC-USD,-0.02744952205188156,Crypto,Crypto
2022-01-13,ETH-USD,-0.03676163434271329,Crypto,Crypto
2022-01-13,LTC-USD,-0.03598686559824327,Crypto,Crypto
2022-01-13,TRX-USD,-0.02629919385992363,Crypto,Crypto
2022-01-13,XLM-USD,-0.044740236622493934,Crypto,Crypto
2022-01-13,XRP-USD,-0.03904701208548644,Crypto,Crypto
2022-01-14,ADA-USD,0.0468430385835803,Crypto,Crypto
2022-01-14,BCH-USD,0.022743769815287695,Crypto,Crypto
2022-01-14,BTC-USD,0.011930269358978673,Crypto,Crypto
2022-01-14,EOS-USD,0.026969022957418876,Crypto,Crypto
2022-01-14,ETC-USD,0.05742823323121593,Crypto,Crypto
2022-01-14,ETH-USD,0.018998586244709736,Crypto,Crypto
2022-01-14,LTC-USD,0.05919642963831717,Crypto,Crypto
2022-01-14,TRX-USD,0.021019198289917718,Crypto,Crypto
2022-01-14,XLM-USD,-0.013427687209900285,Crypto,Crypto
2022-01-14,XRP-USD,0.007768801678457837,Crypto,Crypto
2022-01-18,ADA-USD,-0.08066463065356322,Crypto,Crypto
2022-01-18,BCH-USD,0.002474933956651215,Crypto,Crypto
2022-01-18,BTC-USD,0.0029604828561313745,Crypto,Crypto
2022-01-18,EOS-USD,-0.0006086050748118632,Crypto,Crypto
2022-01-18,ETC-USD,0.054380018821840403,Crypto,Crypto
2022-01-18,ETH-USD,-0.015029639521672689,Crypto,Crypto
2022-01-18,LTC-USD,-0.06446021425669635,Crypto,Crypto
2022-01-18,TRX-USD,-0.03258839802933022,Crypto,Crypto
2022-01-18,XLM-USD,-0.0070907402617460535,Crypto,Crypto
2022-01-18,XRP-USD,-0.013256087298220254,Crypto,Crypto
2022-01-19,ADA-USD,-0.08446297005925485,Crypto,Crypto
2022-01-19,BCH-USD,-0.03001162161231674,Crypto,Crypto
2022-01-19,BTC-USD,-0.014897823244158781,Crypto,Crypto
2022-01-19,EOS-USD,-0.028540503958342067,Crypto,Crypto
2022-01-19,ETC-USD,-0.038995790350424775,Crypto,Crypto
2022-01-19,ETH-USD,-0.021554575451392277,Crypto,Crypto
2022-01-19,LTC-USD,-0.03505555948072858,Crypto,Crypto
2022-01-19,TRX-USD,0.011622949376848268,Crypto,Crypto
2022-01-19,XLM-USD,-0.03111257345423979,Crypto,Crypto
2022-01-19,XRP-USD,-0.017115949382646933,Crypto,Crypto
2022-01-20,ADA-USD,-0.062382446088010135,Crypto,Crypto
2022-01-20,BCH-USD,-0.0336575091713851,Crypto,Crypto
2022-01-20,BTC-USD,-0.02548634039729203,Crypto,Crypto
2022-01-20,EOS-USD,-0.04333079095834591,Crypto,Crypto
2022-01-20,ETC-USD,-0.07182388660995209,Crypto,Crypto
2022-01-20,ETH-USD,-0.030591452089873683,Crypto,Crypto
2022-01-20,LTC-USD,-0.0478516986510491,Crypto,Crypto
2022-01-20,TRX-USD,-0.022271624386018818,Crypto,Crypto
2022-01-20,XLM-USD,-0.06035334335710407,Crypto,Crypto
2022-01-20,XRP-USD,-0.027479570626824157,Crypto,Crypto
2022-01-21,ADA-USD,-0.10716702690051383,Crypto,Crypto
2022-01-21,BCH-USD,-0.11979528047822086,Crypto,Crypto
2022-01-21,BTC-USD,-0.10381165615712484,Crypto,Crypto
2022-01-21,EOS-USD,-0.10232436416201474,Crypto,Crypto
2022-01-21,ETC-USD,-0.11298769752112825,Crypto,Crypto
2022-01-21,ETH-USD,-0.14767435465989753,Crypto,Crypto
2022-01-21,LTC-USD,-0.12252626263796729,Crypto,Crypto
2022-01-21,TRX-USD,-0.10082960829949272,Crypto,Crypto
2022-01-21,XLM-USD,-0.12368921606165784,Crypto,Crypto
2022-01-21,XRP-USD,-0.116319944138642,Crypto,Crypto
2022-01-24,ADA-USD,-0.04969203824057655,Crypto,Crypto
2022-01-24,BCH-USD,-0.03173815273210567,Crypto,Crypto
2022-01-24,BTC-USD,0.010406744495611076,Crypto,Crypto
2022-01-24,EOS-USD,-0.0317704954259439,Crypto,Crypto
2022-01-24,ETC-USD,-0.03917222569640455,Crypto,Crypto
2022-01-24,ETH-USD,-0.03735120652726631,Crypto,Crypto
2022-01-24,LTC-USD,-0.022284954133585888,Crypto,Crypto
2022-01-24,TRX-USD,-0.0439442277349158,Crypto,Crypto
2022-01-24,XLM-USD,-0.014646657902413707,Crypto,Crypto
2022-01-24,XRP-USD,-0.02642837675464682,Crypto,Crypto
2022-01-25,ADA-USD,-0.02158646550742327,Crypto,Crypto
2022-01-25,BCH-USD,1.6082267691563956e-05,Crypto,Crypto
2022-01-25,BTC-USD,0.008175727030871549,Crypto,Crypto
2022-01-25,EOS-USD,0.010300968259154608,Crypto,Crypto
2022-01-25,ETC-USD,-0.004203129467704625,Crypto,Crypto
2022-01-25,ETH-USD,0.006385456601614825,Crypto,Crypto
2022-01-25,LTC-USD,-0.013917333071574944,Crypto,Crypto
2022-01-25,TRX-USD,0.01511543472694954,Crypto,Crypto
2022-01-25,XLM-USD,-0.00425991955118743,Crypto,Crypto
2022-01-25,XRP-USD,0.008860769847053307,Crypto,Crypto
2022-01-26,ADA-USD,0.033991829916223626,Crypto,Crypto
2022-01-26,BCH-USD,-0.007810426112671354,Crypto,Crypto
2022-01-26,BTC-USD,-0.002757016878562668,Crypto,Crypto
2022-01-26,EOS-USD,-0.0022464085567334147,Crypto,Crypto
2022-01-26,ETC-USD,0.015790712225574932,Crypto,Crypto
2022-01-26,ETH-USD,0.0049248919678990255,Crypto,Crypto
2022-01-26,LTC-USD,-0.00725660448010923,Crypto,Crypto
2022-01-26,TRX-USD,0.0070156800886682635,Crypto,Crypto
2022-01-26,XLM-USD,0.0016360749646233685,Crypto,Crypto
2022-01-26,XRP-USD,0.007301234206622098,Crypto,Crypto
2022-01-27,ADA-USD,-0.03291237382759615,Crypto,Crypto
2022-01-27,BCH-USD,-0.0015211881202291666,Crypto,Crypto
2022-01-27,BTC-USD,0.007763821260712289,Crypto,Crypto
2022-01-27,EOS-USD,0.0008369623202466592,Crypto,Crypto
2022-01-27,ETC-USD,-0.004212213635701789,Crypto,Crypto
2022-01-27,ETH-USD,-0.018244935331225953,Crypto,Crypto
2022-01-27,LTC-USD,-0.003063572017303784,Crypto,Crypto
2022-01-27,TRX-USD,0.002417032561712995,Crypto,Crypto
2022-01-27,XLM-USD,-0.01672466988207133,Crypto,Crypto
2022-01-27,XRP-USD,-0.021383326964742322,Crypto,Crypto
2022-01-28,ADA-USD,0.0067779792270523664,Crypto,Crypto
2022-01-28,BCH-USD,0.0251660408237957,Crypto,Crypto
2022-01-28,BTC-USD,0.017397102127314046,Crypto,Crypto
2022-01-28,EOS-USD,0.04076309239415865,Crypto,Crypto
2022-01-28,ETC-USD,0.0373193144171724,Crypto,Crypto
2022-01-28,ETH-USD,0.05121368460412512,Crypto,Crypto
2022-01-28,LTC-USD,0.023180327922645017,Crypto,Crypto
2022-01-28,TRX-USD,0.021098155848213063,Crypto,Crypto
2022-01-28,XLM-USD,0.02520160197647936,Crypto,Crypto
2022-01-28,XRP-USD,0.006146786996696241,Crypto,Crypto
2022-01-31,ADA-USD,0.014294341898164697,Crypto,Crypto
2022-01-31,BCH-USD,-0.017078980343577688,Crypto,Crypto
2022-01-31,BTC-USD,0.01491453610450133,Crypto,Crypto
2022-01-31,EOS-USD,0.00989100149050226,Crypto,Crypto
2022-01-31,ETC-USD,0.027999403682299917,Crypto,Crypto
2022-01-31,ETH-USD,0.03257666428258821,Crypto,Crypto
2022-01-31,LTC-USD,0.007241202430610549,Crypto,Crypto
2022-01-31,TRX-USD,0.006929532176502162,Crypto,Crypto
2022-01-31,XLM-USD,0.02211653651619061,Crypto,Crypto
2022-01-31,XRP-USD,0.026473023206819102,Crypto,Crypto
2022-02-01,ADA-USD,0.03451576729025452,Crypto,Crypto
2022-02-01,BCH-USD,0.00913766194402199,Crypto,Crypto
2022-02-01,BTC-USD,0.00676006528835682,Crypto,Crypto
2022-02-01,EOS-USD,0.006375767563315593,Crypto,Crypto
2022-02-01,ETC-USD,0.04323917064275817,Crypto,Crypto
2022-02-01,ETH-USD,0.03862634283851252,Crypto,Crypto
2022-02-01,LTC-USD,0.05305614172884643,Crypto,Crypto
2022-02-01,TRX-USD,0.012275739138590591,Crypto,Crypto
2022-02-01,XLM-USD,0.010063357933961736,Crypto,Crypto
2022-02-01,XRP-USD,0.01628682745393384,Crypto,Crypto
2022-02-02,ADA-USD,-0.05485641762410154,Crypto,Crypto
2022-02-02,BCH-USD,-0.03317066382208611,Crypto,Crypto
2022-02-02,BTC-USD,-0.046209029430310355,Crypto,Crypto
2022-02-02,EOS-USD,-0.03250523657207571,Crypto,Crypto
2022-02-02,ETC-USD,-0.018978873642526373,Crypto,Crypto
2022-02-02,ETH-USD,-0.039132735575322264,Crypto,Crypto
2022-02-02,LTC-USD,-0.05932286925579855,Crypto,Crypto
2022-02-02,TRX-USD,-0.020395166898199646,Crypto,Crypto
2022-02-02,XLM-USD,-0.04400901282328884,Crypto,Crypto
2022-02-02,XRP-USD,-0.04410133470647959,Crypto,Crypto
2022-02-03,ADA-USD,0.026764409450533932,Crypto,Crypto
2022-02-03,BCH-USD,0.004973463795928668,Crypto,Crypto
2022-02-03,BTC-USD,0.005456046132945147,Crypto,Crypto
2022-02-03,EOS-USD,0.007780083312927788,Crypto,Crypto
2022-02-03,ETC-USD,0.06040907201168033,Crypto,Crypto
2022-02-03,ETH-USD,-0.0013759251322007504,Crypto,Crypto
2022-02-03,LTC-USD,0.015945498713687334,Crypto,Crypto
2022-02-03,TRX-USD,0.017273122608330693,Crypto,Crypto
2022-02-03,XLM-USD,0.0067681581495939724,Crypto,Crypto
2022-02-03,XRP-USD,0.010309566444460128,Crypto,Crypto
2022-02-04,ADA-USD,0.07494954635444562,Crypto,Crypto
2022-02-04,BCH-USD,0.09289085288815402,Crypto,Crypto
2022-02-04,BTC-USD,0.116978066100073,Crypto,Crypto
2022-02-04,EOS-USD,0.07925574815377057,Crypto,Crypto
2022-02-04,ETC-USD,0.06399633586041498,Crypto,Crypto
2022-02-04,ETH-USD,0.11362666703116964,Crypto,Crypto
2022-02-04,LTC-USD,0.09639426771940274,Crypto,Crypto
2022-02-04,TRX-USD,0.0796192047614579,Crypto,Crypto
2022-02-04,XLM-USD,0.07525681506745552,Crypto,Crypto
2022-02-04,XRP-USD,0.07930598241572584,Crypto,Crypto
2022-02-07,ADA-USD,0.046096845004913956,Crypto,Crypto
2022-02-07,BCH-USD,0.054729304208947616,Crypto,Crypto
2022-02-07,BTC-USD,0.033665872045371525,Crypto,Crypto
2022-02-07,EOS-USD,0.0587144466935654,Crypto,Crypto
2022-02-07,ETC-USD,0.09192797257033769,Crypto,Crypto
2022-02-07,ETH-USD,0.027798951436755814,Crypto,Crypto
2022-02-07,LTC-USD,0.07581191864222281,Crypto,Crypto
2022-02-07,TRX-USD,0.03558590185323718,Crypto,Crypto
2022-02-07,XLM-USD,0.06977730896951528,Crypto,Crypto
2022-02-07,XRP-USD,0.21088663837820243,Crypto,Crypto
2022-02-08,ADA-USD,-0.015523999578244685,Crypto,Crypto
2022-02-08,BCH-USD,-0.01908674521838738,Crypto,Crypto
2022-02-08,BTC-USD,0.0063448528050995545,Crypto,Crypto
2022-02-08,EOS-USD,-0.020629641010928013,Crypto,Crypto
2022-02-08,ETC-USD,-0.01659203631810313,Crypto,Crypto
2022-02-08,ETH-USD,-0.00632052369720526,Crypto,Crypto
2022-02-08,LTC-USD,-0.022727803887832243,Crypto,Crypto
2022-02-08,TRX-USD,-0.006023753357336181,Crypto,Crypto
2022-02-08,XLM-USD,0.014680904816606333,Crypto,Crypto
2022-02-08,XRP-USD,0.06085265663716832,Crypto,Crypto
2022-02-09,ADA-USD,0.013650430529682067,Crypto,Crypto
2022-02-09,BCH-USD,0.028489235977874117,Crypto,Crypto
2022-02-09,BTC-USD,0.004994545046617338,Crypto,Crypto
2022-02-09,EOS-USD,0.01354688264815107,Crypto,Crypto
2022-02-09,ETC-USD,0.054075227472438314,Crypto,Crypto
2022-02-09,ETH-USD,0.037420119536786256,Crypto,Crypto
2022-02-09,LTC-USD,0.046125096085409156,Crypto,Crypto
2022-02-09,TRX-USD,0.024519821349621163,Crypto,Crypto
2022-02-09,XLM-USD,-0.016560698123840978,Crypto,Crypto
2022-02-09,XRP-USD,-0.0086165342600103,Crypto,Crypto
2022-02-10,ADA-USD,-0.03542994452743864,Crypto,Crypto
2022-02-10,BCH-USD,-0.011570931420049169,Crypto,Crypto
2022-02-10,BTC-USD,-0.01744935921313273,Crypto,Crypto
2022-02-10,EOS-USD,-0.04054216394517951,Crypto,Crypto
2022-02-10,ETC-USD,0.018255609881933976,Crypto,Crypto
2022-02-10,ETH-USD,-0.05000061799033162,Crypto,Crypto
2022-02-10,LTC-USD,-0.03626416595346582,Crypto,Crypto
2022-02-10,TRX-USD,-0.016614196738434228,Crypto,Crypto
2022-02-10,XLM-USD,-0.026643462966855158,Crypto,Crypto
2022-02-10,XRP-USD,-0.04665257313135196,Crypto,Crypto
2022-02-11,ADA-USD,-0.06258777953690264,Crypto,Crypto
2022-02-11,BCH-USD,-0.06225082920042513,Crypto,Crypto
2022-02-11,BTC-USD,-0.026561982607033352,Crypto,Crypto
2022-02-11,EOS-USD,-0.056819366619897504,Crypto,Crypto
2022-02-11,ETC-USD,-0.05091760870877071,Crypto,Crypto
2022-02-11,ETH-USD,-0.04877319319619966,Crypto,Crypto
2022-02-11,LTC-USD,-0.06704673464922606,Crypto,Crypto
2022-02-11,TRX-USD,-0.06717155401687325,Crypto,Crypto
2022-02-11,XLM-USD,-0.07257947406858367,Crypto,Crypto
2022-02-11,XRP-USD,-0.08407607845226839,Crypto,Crypto
2022-02-14,ADA-USD,0.004253065610877682,Crypto,Crypto
2022-02-14,BCH-USD,-0.010562496235100638,Crypto,Crypto
2022-02-14,BTC-USD,0.009228086961576842,Crypto,Crypto
2022-02-14,EOS-USD,-0.007066774000808351,Crypto,Crypto
2022-02-14,ETC-USD,-0.039468573708009935,Crypto,Crypto
2022-02-14,ETH-USD,0.01734567720397817,Crypto,Crypto
2022-02-14,LTC-USD,-0.011126090635992791,Crypto,Crypto
2022-02-14,TRX-USD,0.0013185067587340171,Crypto,Crypto
2022-02-14,XLM-USD,-0.0027171500202969323,Crypto,Crypto
2022-02-14,XRP-USD,-0.009941059097220317,Crypto,Crypto
2022-02-15,ADA-USD,0.0545756898930998,Crypto,Crypto
2022-02-15,BCH-USD,0.03560302937249005,Crypto,Crypto
2022-02-15,BTC-USD,0.04668769779745485,Crypto,Crypto
2022-02-15,EOS-USD,0.06488716169583442,Crypto,Crypto
2022-02-15,ETC-USD,0.06608203295648174,Crypto,Crypto
2022-02-15,ETH-USD,0.08399521286202116,Crypto,Crypto
2022-02-15,LTC-USD,0.05578973887247507,Crypto,Crypto
2022-02-15,TRX-USD,0.035600822750766925,Crypto,Crypto
2022-02-15,XLM-USD,0.047487276228571185,Crypto,Crypto
2022-02-15,XRP-USD,0.06247053548243042,Crypto,Crypto
2022-02-16,ADA-USD,-0.02040930545936137,Crypto,Crypto
2022-02-16,BCH-USD,-0.022642429360974492,Crypto,Crypto
2022-02-16,BTC-USD,-0.013759752216496501,Crypto,Crypto
2022-02-16,EOS-USD,0.01062528217449743,Crypto,Crypto
2022-02-16,ETC-USD,-0.03478795142494784,Crypto,Crypto
2022-02-16,ETH-USD,-0.01636765067071777,Crypto,Crypto
2022-02-16,LTC-USD,-0.027335341008512204,Crypto,Crypto
2022-02-16,TRX-USD,-0.005624688755704987,Crypto,Crypto
2022-02-16,XLM-USD,-0.008128678393127031,Crypto,Crypto
2022-02-16,XRP-USD,-0.015600734976599306,Crypto,Crypto
2022-02-17,ADA-USD,-0.059988155772467744,Crypto,Crypto
2022-02-17,BCH-USD,-0.06722716604746382,Crypto,Crypto
2022-02-17,BTC-USD,-0.07788223029977337,Crypto,Crypto
2022-02-17,EOS-USD,-0.0894641422217144,Crypto,Crypto
2022-02-17,ETC-USD,-0.09001439252594678,Crypto,Crypto
2022-02-17,ETH-USD,-0.07876007915331673,Crypto,Crypto
2022-02-17,LTC-USD,-0.09252770727129622,Crypto,Crypto
2022-02-17,TRX-USD,-0.06004127965125483,Crypto,Crypto
2022-02-17,XLM-USD,-0.07679536865305314,Crypto,Crypto
2022-02-17,XRP-USD,-0.08564947947983215,Crypto,Crypto
2022-02-18,ADA-USD,-0.022337563244411607,Crypto,Crypto
2022-02-18,BCH-USD,-0.005876475960212568,Crypto,Crypto
2022-02-18,BTC-USD,-0.012507647384577658,Crypto,Crypto
2022-02-18,EOS-USD,-0.01120001164788087,Crypto,Crypto
2022-02-18,ETC-USD,-0.011933786007381375,Crypto,Crypto
2022-02-18,ETH-USD,-0.03323095432766643,Crypto,Crypto
2022-02-18,LTC-USD,-0.009503876609732731,Crypto,Crypto
2022-02-18,TRX-USD,0.01067544916191987,Crypto,Crypto
2022-02-18,XLM-USD,-0.006570122801782152,Crypto,Crypto
2022-02-18,XRP-USD,0.024397353839751945,Crypto,Crypto
2022-02-22,ADA-USD,0.03586539194104299,Crypto,Crypto
2022-02-22,BCH-USD,0.03281105462563261,Crypto,Crypto
2022-02-22,BTC-USD,0.03265642371222732,Crypto,Crypto
2022-02-22,EOS-USD,0.04229661041417376,Crypto,Crypto
2022-02-22,ETC-USD,0.06628538872986645,Crypto,Crypto
2022-02-22,ETH-USD,0.02544204798341476,Crypto,Crypto
2022-02-22,LTC-USD,0.03936475950411911,Crypto,Crypto
2022-02-22,TRX-USD,0.05096859422507216,Crypto,Crypto
2022-02-22,XLM-USD,0.03945866169372425,Crypto,Crypto
2022-02-22,XRP-USD,0.02753079700981198,Crypto,Crypto
2022-02-23,ADA-USD,-0.022325770370285936,Crypto,Crypto
2022-02-23,BCH-USD,-0.014870176659336432,Crypto,Crypto
2022-02-23,BTC-USD,-0.025843815613622922,Crypto,Crypto
2022-02-23,EOS-USD,-0.02682189694976278,Crypto,Crypto
2022-02-23,ETC-USD,-0.004802538260971656,Crypto,Crypto
2022-02-23,ETH-USD,-0.01854268553832039,Crypto,Crypto
2022-02-23,LTC-USD,-0.01447922363847376,Crypto,Crypto
2022-02-23,TRX-USD,-0.02709693221189402,Crypto,Crypto
2022-02-23,XLM-USD,-0.020836421441299158,Crypto,Crypto
2022-02-23,XRP-USD,-0.03332298463155947,Crypto,Crypto
2022-02-24,ADA-USD,-0.01811382013019125,Crypto,Crypto
2022-02-24,BCH-USD,0.03975746556771398,Crypto,Crypto
2022-02-24,BTC-USD,0.027778400368163814,Crypto,Crypto
2022-02-24,EOS-USD,-0.020038652734212237,Crypto,Crypto
2022-02-24,ETC-USD,0.0006383310661608466,Crypto,Crypto
2022-02-24,ETH-USD,0.002975463126547284,Crypto,Crypto
2022-02-24,LTC-USD,-0.016377509698384363,Crypto,Crypto
2022-02-24,TRX-USD,0.0025424315001445486,Crypto,Crypto
2022-02-24,XLM-USD,0.002763628503813065,Crypto,Crypto
2022-02-24,XRP-USD,-0.00354064266584031,Crypto,Crypto
2022-02-25,ADA-USD,0.05226232594054414,Crypto,Crypto
2022-02-25,BCH-USD,0.0254264017939001,Crypto,Crypto
2022-02-25,BTC-USD,0.022998939789759643,Crypto,Crypto
2022-02-25,EOS-USD,0.036585512041332535,Crypto,Crypto
2022-02-25,ETC-USD,0.054298362678835366,Crypto,Crypto
2022-02-25,ETH-USD,0.0640739815309288,Crypto,Crypto
2022-02-25,LTC-USD,0.048314268964643414,Crypto,Crypto
2022-02-25,TRX-USD,-0.02658662949889079,Crypto,Crypto
2022-02-25,XLM-USD,0.04488074155540156,Crypto,Crypto
2022-02-25,XRP-USD,0.10431411840219917,Crypto,Crypto
2022-02-28,ADA-USD,0.11824404088977092,Crypto,Crypto
2022-02-28,BCH-USD,0.10857616062512432,Crypto,Crypto
2022-02-28,BTC-USD,0.1454118392886461,Crypto,Crypto
2022-02-28,EOS-USD,0.08911985839412706,Crypto,Crypto
2022-02-28,ETC-USD,0.10028239109009185,Crypto,Crypto
2022-02-28,ETH-USD,0.1134332194172587,Crypto,Crypto
2022-02-28,LTC-USD,0.10056660902630465,Crypto,Crypto
2022-02-28,TRX-USD,0.06366592990373654,Crypto,Crypto
2022-02-28,XLM-USD,0.08616520437429975,Crypto,Crypto
2022-02-28,XRP-USD,0.08317540404470702,Crypto,Crypto
2022-03-01,ADA-USD,0.0026233847817724865,Crypto,Crypto
2022-03-01,BCH-USD,-0.0263721286517542,Crypto,Crypto
2022-03-01,BTC-USD,0.026888524570001016,Crypto,Crypto
2022-03-01,EOS-USD,-0.006564108314272232,Crypto,Crypto
2022-03-01,ETC-USD,0.006520423547905718,Crypto,Crypto
2022-03-01,ETH-USD,0.018252916606172453,Crypto,Crypto
2022-03-01,LTC-USD,-0.008200377319418473,Crypto,Crypto
2022-03-01,TRX-USD,0.00608918362696631,Crypto,Crypto
2022-03-01,XLM-USD,0.008355040084802257,Crypto,Crypto
2022-03-01,XRP-USD,0.003603363006697613,Crypto,Crypto
2022-03-02,ADA-USD,-0.024610716294900192,Crypto,Crypto
2022-03-02,BCH-USD,-0.023843645931016066,Crypto,Crypto
2022-03-02,BTC-USD,-0.009706302725009275,Crypto,Crypto
2022-03-02,EOS-USD,-0.022891809823831433,Crypto,Crypto
2022-03-02,ETC-USD,-0.0254528139896687,Crypto,Crypto
2022-03-02,ETH-USD,-0.0075245790678323266,Crypto,Crypto
2022-03-02,LTC-USD,-0.019482932198921388,Crypto,Crypto
2022-03-02,TRX-USD,-0.009883337401919934,Crypto,Crypto
2022-03-02,XLM-USD,-0.025366169848708875,Crypto,Crypto
2022-03-02,XRP-USD,-0.020852080138829554,Crypto,Crypto
2022-03-03,ADA-USD,-0.03835565290747123,Crypto,Crypto
2022-03-03,BCH-USD,-0.01647551260896718,Crypto,Crypto
2022-03-03,BTC-USD,-0.03351981142193561,Crypto,Crypto
2022-03-03,EOS-USD,-0.023853000441796057,Crypto,Crypto
2022-03-03,ETC-USD,0.023019202437378317,Crypto,Crypto
2022-03-03,ETH-USD,-0.03920161771843611,Crypto,Crypto
2022-03-03,LTC-USD,0.009068877548374932,Crypto,Crypto
2022-03-03,TRX-USD,-0.02514993429217882,Crypto,Crypto
2022-03-03,XLM-USD,-0.028822290318042065,Crypto,Crypto
2022-03-03,XRP-USD,-0.021224561151234278,Crypto,Crypto
2022-03-04,ADA-USD,-0.06621546799893419,Crypto,Crypto
2022-03-04,BCH-USD,-0.07999605657879738,Crypto,Crypto
2022-03-04,BTC-USD,-0.07806935036049167,Crypto,Crypto
2022-03-04,EOS-USD,-0.07283382145167805,Crypto,Crypto
2022-03-04,ETC-USD,-0.08725830710358573,Crypto,Crypto
2022-03-04,ETH-USD,-0.07666797157791327,Crypto,Crypto
2022-03-04,LTC-USD,-0.0894488543964449,Crypto,Crypto
2022-03-04,TRX-USD,-0.029567736118938925,Crypto,Crypto
2022-03-04,XLM-USD,-0.06378281046172984,Crypto,Crypto
2022-03-04,XRP-USD,-0.05253094994520413,Crypto,Crypto
2022-03-07,ADA-USD,-0.03201566684864576,Crypto,Crypto
2022-03-07,BCH-USD,-0.028782056858857152,Crypto,Crypto
2022-03-07,BTC-USD,-0.009316643885282638,Crypto,Crypto
2022-03-07,EOS-USD,-0.017804654838013634,Crypto,Crypto
2022-03-07,ETC-USD,-0.01600892537194243,Crypto,Crypto
2022-03-07,ETH-USD,-0.02241302390450539,Crypto,Crypto
2022-03-07,LTC-USD,-0.02681907745185197,Crypto,Crypto
2022-03-07,TRX-USD,-0.004073287563012062,Crypto,Crypto
2022-03-07,XLM-USD,-0.016808254648990162,Crypto,Crypto
2022-03-07,XRP-USD,-0.003728687263334307,Crypto,Crypto
2022-03-08,ADA-USD,0.004854609876063343,Crypto,Crypto
2022-03-08,BCH-USD,0.03431551725688098,Crypto,Crypto
2022-03-08,BTC-USD,0.017740259990833174,Crypto,Crypto
2022-03-08,EOS-USD,0.022117225763221615,Crypto,Crypto
2022-03-08,ETC-USD,0.019734373384799664,Crypto,Crypto
2022-03-08,ETH-USD,0.031618715552175436,Crypto,Crypto
2022-03-08,LTC-USD,0.017683782812737192,Crypto,Crypto
2022-03-08,TRX-USD,0.03176546314441797,Crypto,Crypto
2022-03-08,XLM-USD,0.014860423290441904,Crypto,Crypto
2022-03-08,XRP-USD,-0.0031937226189069357,Crypto,Crypto
2022-03-09,ADA-USD,0.059960079578990744,Crypto,Crypto
2022-03-09,BCH-USD,0.08432433047327481,Crypto,Crypto
2022-03-09,BTC-USD,0.08378639716414904,Crypto,Crypto
2022-03-09,EOS-USD,0.049536520234753745,Crypto,Crypto
2022-03-09,ETC-USD,0.05261565175422289,Crypto,Crypto
2022-03-09,ETH-USD,0.0593911064983772,Crypto,Crypto
2022-03-09,LTC-USD,0.0628562476816319,Crypto,Crypto
2022-03-09,TRX-USD,0.004905564529407602,Crypto,Crypto
2022-03-09,XLM-USD,0.09271270803230691,Crypto,Crypto
2022-03-09,XRP-USD,0.06416152729000113,Crypto,Crypto
2022-03-10,ADA-USD,-0.05060323794920718,Crypto,Crypto
2022-03-10,BCH-USD,-0.05993392502773909,Crypto,Crypto
2022-03-10,BTC-USD,-0.060630954045771346,Crypto,Crypto
2022-03-10,EOS-USD,-0.039212404745216145,Crypto,Crypto
2022-03-10,ETC-USD,-0.05030487804878048,Crypto,Crypto
2022-03-10,ETH-USD,-0.04459506244101141,Crypto,Crypto
2022-03-10,LTC-USD,-0.04008321541795268,Crypto,Crypto
2022-03-10,TRX-USD,-0.015976113469347908,Crypto,Crypto
2022-03-10,XLM-USD,-0.05282926084016426,Crypto,Crypto
2022-03-10,XRP-USD,-0.03880288537582566,Crypto,Crypto
2022-03-11,ADA-USD,-0.02008022331597492,Crypto,Crypto
2022-03-11,BCH-USD,-0.005764862020006256,Crypto,Crypto
2022-03-11,BTC-USD,-0.016291319622939393,Crypto,Crypto
2022-03-11,EOS-USD,-0.004147987338392611,Crypto,Crypto
2022-03-11,ETC-USD,-0.006668952061940403,Crypto,Crypto
2022-03-11,ETH-USD,-0.018590756322895086,Crypto,Crypto
2022-03-11,LTC-USD,0.022500935135939093,Crypto,Crypto
2022-03-11,TRX-USD,0.006647890773433529,Crypto,Crypto
2022-03-11,XLM-USD,0.02718976229536363,Crypto,Crypto
2022-03-11,XRP-USD,0.08771940601053463,Crypto,Crypto
2022-03-14,ADA-USD,0.01633637246100328,Crypto,Crypto
2022-03-14,BCH-USD,0.03257435233510231,Crypto,Crypto
2022-03-14,BTC-USD,0.0480080837903738,Crypto,Crypto
2022-03-14,EOS-USD,0.03073279483646396,Crypto,Crypto
2022-03-14,ETC-USD,0.020361660316540853,Crypto,Crypto
2022-03-14,ETH-USD,0.02848473341224711,Crypto,Crypto
2022-03-14,LTC-USD,0.03485149230921292,Crypto,Crypto
2022-03-14,TRX-USD,0.013139519253493548,Crypto,Crypto
2022-03-14,XLM-USD,0.016363043224195906,Crypto,Crypto
2022-03-14,XRP-USD,0.017475525214607046,Crypto,Crypto
2022-03-15,ADA-USD,-0.004864952994586336,Crypto,Crypto
2022-03-15,BCH-USD,0.0005147631304385225,Crypto,Crypto
2022-03-15,BTC-USD,-0.008268101563720931,Crypto,Crypto
2022-03-15,EOS-USD,0.01057586144671685,Crypto,Crypto
2022-03-15,ETC-USD,-0.0021085605616786296,Crypto,Crypto
2022-03-15,ETH-USD,0.011368996119395458,Crypto,Crypto
2022-03-15,LTC-USD,0.012443201167985585,Crypto,Crypto
2022-03-15,TRX-USD,0.005952486398785428,Crypto,Crypto
2022-03-15,XLM-USD,0.013423851471498827,Crypto,Crypto
2022-03-15,XRP-USD,-0.010163219206050567,Crypto,Crypto
2022-03-16,ADA-USD,0.047959699812388346,Crypto,Crypto
2022-03-16,BCH-USD,0.034609595982952435,Crypto,Crypto
2022-03-16,BTC-USD,0.04588714481344902,Crypto,Crypto
2022-03-16,EOS-USD,0.04951870839097383,Crypto,Crypto
2022-03-16,ETC-USD,0.057285187274371596,Crypto,Crypto
2022-03-16,ETH-USD,0.057976079871540964,Crypto,Crypto
2022-03-16,LTC-USD,0.04085128607538113,Crypto,Crypto
2022-03-16,TRX-USD,0.009636150455887948,Crypto,Crypto
2022-03-16,XLM-USD,0.03685095778075187,Crypto,Crypto
2022-03-16,XRP-USD,0.0348924993804649,Crypto,Crypto
2022-03-17,ADA-USD,-0.0018965443449122654,Crypto,Crypto
2022-03-17,BCH-USD,-0.010886866817706009,Crypto,Crypto
2022-03-17,BTC-USD,-0.00467993171076464,Crypto,Crypto
2022-03-17,EOS-USD,-0.0003104643623921266,Crypto,Crypto
2022-03-17,ETC-USD,-0.006984117112286192,Crypto,Crypto
2022-03-17,ETH-USD,0.015439382650158429,Crypto,Crypto
2022-03-17,LTC-USD,-0.009419589051081645,Crypto,Crypto
2022-03-17,TRX-USD,-0.004698449623229406,Crypto,Crypto
2022-03-17,XLM-USD,0.002113385277284552,Crypto,Crypto
2022-03-17,XRP-USD,-4.409105501401722e-05,Crypto,Crypto
2022-03-18,ADA-USD,0.019896422128618863,Crypto,Crypto
2022-03-18,BCH-USD,0.03172499269123241,Crypto,Crypto
2022-03-18,BTC-USD,0.020750884742987363,Crypto,Crypto
2022-03-18,EOS-USD,0.02113378679625355,Crypto,Crypto
2022-03-18,ETC-USD,0.03403885012701191,Crypto,Crypto
2022-03-18,ETH-USD,0.04635711215367966,Crypto,Crypto
2022-03-18,LTC-USD,0.016368685645059333,Crypto,Crypto
2022-03-18,TRX-USD,0.014671812069433576,Crypto,Crypto
2022-03-18,XLM-USD,0.01776208799928347,Crypto,Crypto
2022-03-18,XRP-USD,0.006002506916103378,Crypto,Crypto
2022-03-21,ADA-USD,0.0452518293716373,Crypto,Crypto
2022-03-21,BCH-USD,0.0252880010939025,Crypto,Crypto
2022-03-21,BTC-USD,-0.004117262624553253,Crypto,Crypto
2022-03-21,EOS-USD,0.06201230195793328,Crypto,Crypto
2022-03-21,ETC-USD,0.006362962968881947,Crypto,Crypto
2022-03-21,ETH-USD,0.013115842942408973,Crypto,Crypto
2022-03-21,LTC-USD,0.01157885400094405,Crypto,Crypto
2022-03-21,TRX-USD,0.005599092124987104,Crypto,Crypto
2022-03-21,XLM-USD,0.03501176489098734,Crypto,Crypto
2022-03-21,XRP-USD,0.03973472963738467,Crypto,Crypto
2022-03-22,ADA-USD,0.06507325572701483,Crypto,Crypto
2022-03-22,BCH-USD,0.12381057980755172,Crypto,Crypto
2022-03-22,BTC-USD,0.031180014163224357,Crypto,Crypto
2022-03-22,EOS-USD,0.08744499095019354,Crypto,Crypto
2022-03-22,ETC-USD,0.19606959213100583,Crypto,Crypto
2022-03-22,ETH-USD,0.025933453702879916,Crypto,Crypto
2022-03-22,LTC-USD,0.05827572090061195,Crypto,Crypto
2022-03-22,TRX-USD,0.0263184028874226,Crypto,Crypto
2022-03-22,XLM-USD,0.01599897154741181,Crypto,Crypto
2022-03-22,XRP-USD,-0.001258724221132379,Crypto,Crypto
2022-03-23,ADA-USD,0.13420378349457285,Crypto,Crypto
2022-03-23,BCH-USD,-0.032997400062471094,Crypto,Crypto
2022-03-23,BTC-USD,0.012610091153007819,Crypto,Crypto
2022-03-23,EOS-USD,-0.020756531525351285,Crypto,Crypto
2022-03-23,ETC-USD,-0.014856271787845987,Crypto,Crypto
2022-03-23,ETH-USD,0.019486538985025836,Crypto,Crypto
2022-03-23,LTC-USD,-0.003681385048820096,Crypto,Crypto
2022-03-23,TRX-USD,0.014635370657206437,Crypto,Crypto
2022-03-23,XLM-USD,0.01122374322209363,Crypto,Crypto
2022-03-23,XRP-USD,0.0009437376696941335,Crypto,Crypto
2022-03-24,ADA-USD,0.02034254903429744,Crypto,Crypto
2022-03-24,BCH-USD,0.004943136630410905,Crypto,Crypto
2022-03-24,BTC-USD,0.024898646221148013,Crypto,Crypto
2022-03-24,EOS-USD,0.014676690296062445,Crypto,Crypto
2022-03-24,ETC-USD,0.07101250278074023,Crypto,Crypto
2022-03-24,ETH-USD,0.02540190286930155,Crypto,Crypto
2022-03-24,LTC-USD,0.03352393413408428,Crypto,Crypto
2022-03-24,TRX-USD,0.019196107206087998,Crypto,Crypto
2022-03-24,XLM-USD,0.02527275403270357,Crypto,Crypto
2022-03-24,XRP-USD,0.006064061156069167,Crypto,Crypto
2022-03-25,ADA-USD,-0.028427130969334025,Crypto,Crypto
2022-03-25,BCH-USD,-0.003731482937916142,Crypto,Crypto
2022-03-25,BTC-USD,0.008821397620525806,Crypto,Crypto
2022-03-25,EOS-USD,-0.011129677533832205,Crypto,Crypto
2022-03-25,ETC-USD,-0.007186693268552591,Crypto,Crypto
2022-03-25,ETH-USD,-0.0004474251140281771,Crypto,Crypto
2022-03-25,LTC-USD,-0.019860033544165212,Crypto,Crypto
2022-03-25,TRX-USD,-0.01685200796155706,Crypto,Crypto
2022-03-25,XLM-USD,-0.014918367596148507,Crypto,Crypto
2022-03-25,XRP-USD,-0.021164482824159725,Crypto,Crypto
2022-03-28,ADA-USD,-0.010120529505345366,Crypto,Crypto
2022-03-28,BCH-USD,-0.022303659175974433,Crypto,Crypto
2022-03-28,BTC-USD,0.0065678873583499,Crypto,Crypto
2022-03-28,EOS-USD,0.07538264491335767,Crypto,Crypto
2022-03-28,ETC-USD,-0.015869935675502433,Crypto,Crypto
2022-03-28,ETH-USD,0.013688537758611341,Crypto,Crypto
2022-03-28,LTC-USD,-0.011274271705844385,Crypto,Crypto
2022-03-28,TRX-USD,-0.001286644319591912,Crypto,Crypto
2022-03-28,XLM-USD,0.0027807995009321296,Crypto,Crypto
2022-03-28,XRP-USD,0.006952877429229787,Crypto,Crypto
2022-03-29,ADA-USD,0.017884388229068016,Crypto,Crypto
2022-03-29,BCH-USD,0.014643061187473716,Crypto,Crypto
2022-03-29,BTC-USD,0.0071661546110000085,Crypto,Crypto
2022-03-29,EOS-USD,0.011140099123862157,Crypto,Crypto
2022-03-29,ETC-USD,0.0420256607078453,Crypto,Crypto
2022-03-29,ETH-USD,0.0195865837458582,Crypto,Crypto
2022-03-29,LTC-USD,0.016590922508388894,Crypto,Crypto
2022-03-29,TRX-USD,0.00435714597717074,Crypto,Crypto
2022-03-29,XLM-USD,0.012741642048142987,Crypto,Crypto
2022-03-29,XRP-USD,-0.006143882581398641,Crypto,Crypto
2022-03-30,ADA-USD,-0.0006104022389622488,Crypto,Crypto
2022-03-30,BCH-USD,0.01635169769514766,Crypto,Crypto
2022-03-30,BTC-USD,-0.008491735032190584,Crypto,Crypto
2022-03-30,EOS-USD,0.013638763930400755,Crypto,Crypto
2022-03-30,ETC-USD,0.0076272682557072535,Crypto,Crypto
2022-03-30,ETH-USD,-0.004947058898670642,Crypto,Crypto
2022-03-30,LTC-USD,0.008519898593250641,Crypto,Crypto
2022-03-30,TRX-USD,0.0534000537354169,Crypto,Crypto
2022-03-30,XLM-USD,0.006243479281427433,Crypto,Crypto
2022-03-30,XRP-USD,0.003279714392319777,Crypto,Crypto
2022-03-31,ADA-USD,-0.040771713634123574,Crypto,Crypto
2022-03-31,BCH-USD,0.011607180466322697,Crypto,Crypto
2022-03-31,BTC-USD,-0.03238210822970233,Crypto,Crypto
2022-03-31,EOS-USD,-0.03948163155277162,Crypto,Crypto
2022-03-31,ETC-USD,-0.04850287296157696,Crypto,Crypto
2022-03-31,ETH-USD,-0.030579115649246424,Crypto,Crypto
2022-03-31,LTC-USD,-0.05682220309774633,Crypto,Crypto
2022-03-31,TRX-USD,0.010795375251374306,Crypto,Crypto
2022-03-31,XLM-USD,-0.02785974445687378,Crypto,Crypto
2022-03-31,XRP-USD,-0.05372820030823855,Crypto,Crypto
2022-04-01,ADA-USD,0.020645421953658927,Crypto,Crypto
2022-04-01,BCH-USD,-0.01863161152747872,Crypto,Crypto
2022-04-01,BTC-USD,0.016315115388267687,Crypto,Crypto
2022-04-01,EOS-USD,0.0065325635205413235,Crypto,Crypto
2022-04-01,ETC-USD,-0.0026323779992490914,Crypto,Crypto
2022-04-01,ETH-USD,0.051166270347545506,Crypto,Crypto
2022-04-01,LTC-USD,0.009434249081369028,Crypto,Crypto
2022-04-01,TRX-USD,0.013779882726676851,Crypto,Crypto
2022-04-01,XLM-USD,0.018639621238677018,Crypto,Crypto
2022-04-01,XRP-USD,0.016175554195500652,Crypto,Crypto
2022-04-04,ADA-USD,0.022770107416332674,Crypto,Crypto
2022-04-04,BCH-USD,-0.007815226740755299,Crypto,Crypto
2022-04-04,BTC-USD,0.003640395949819908,Crypto,Crypto
2022-04-04,EOS-USD,0.01622313131149644,Crypto,Crypto
2022-04-04,ETC-USD,0.003100423713149114,Crypto,Crypto
2022-04-04,ETH-USD,-0.0004519898990444915,Crypto,Crypto
2022-04-04,LTC-USD,-0.03167608195328653,Crypto,Crypto
2022-04-04,TRX-USD,-0.03201291034688414,Crypto,Crypto
2022-04-04,XLM-USD,-0.020687888543813426,Crypto,Crypto
2022-04-04,XRP-USD,-0.01862384437555442,Crypto,Crypto
2022-04-05,ADA-USD,-0.03474513804531143,Crypto,Crypto
2022-04-05,BCH-USD,-0.026164057136152108,Crypto,Crypto
2022-04-05,BTC-USD,-0.02287907280900814,Crypto,Crypto
2022-04-05,EOS-USD,-0.045429652251861796,Crypto,Crypto
2022-04-05,ETC-USD,-0.05048934651642989,Crypto,Crypto
2022-04-05,ETH-USD,-0.031082429152761826,Crypto,Crypto
2022-04-05,LTC-USD,-0.013202839836286118,Crypto,Crypto
2022-04-05,TRX-USD,-0.019614271286932716,Crypto,Crypto
2022-04-05,XLM-USD,-0.02938277933555189,Crypto,Crypto
2022-04-05,XRP-USD,-0.011615632256257613,Crypto,Crypto
2022-04-06,ADA-USD,-0.10081138201299589,Crypto,Crypto
2022-04-06,BCH-USD,-0.09540524607278322,Crypto,Crypto
2022-04-06,BTC-USD,-0.05156849392240015,Crypto,Crypto
2022-04-06,EOS-USD,-0.1192696782160777,Crypto,Crypto
2022-04-06,ETC-USD,-0.13721969882092633,Crypto,Crypto
2022-04-06,ETH-USD,-0.07037373677091652,Crypto,Crypto
2022-04-06,LTC-USD,-0.08726208756679732,Crypto,Crypto
2022-04-06,TRX-USD,-0.08845261395438286,Crypto,Crypto
2022-04-06,XLM-USD,-0.0973007061720299,Crypto,Crypto
2022-04-06,XRP-USD,-0.06889078651056335,Crypto,Crypto
2022-04-07,ADA-USD,0.0371619842779356,Crypto,Crypto
2022-04-07,BCH-USD,0.017236865707990656,Crypto,Crypto
2022-04-07,BTC-USD,0.006876459247305178,Crypto,Crypto
2022-04-07,EOS-USD,0.033401504008569116,Crypto,Crypto
2022-04-07,ETC-USD,0.13152615207755392,Crypto,Crypto
2022-04-07,ETH-USD,0.019416376407197067,Crypto,Crypto
2022-04-07,LTC-USD,0.015728604639235533,Crypto,Crypto
2022-04-07,TRX-USD,0.01807665859479224,Crypto,Crypto
2022-04-07,XLM-USD,0.046888348401065594,Crypto,Crypto
2022-04-07,XRP-USD,0.035052571772250074,Crypto,Crypto
2022-04-08,ADA-USD,-0.060049865325191853,Crypto,Crypto
2022-04-08,BCH-USD,-0.039883096503651405,Crypto,Crypto
2022-04-08,BTC-USD,-0.02795577079433975,Crypto,Crypto
2022-04-08,EOS-USD,-0.05374638456840852,Crypto,Crypto
2022-04-08,ETC-USD,-0.06956457480114275,Crypto,Crypto
2022-04-08,ETH-USD,-0.012742710703286475,Crypto,Crypto
2022-04-08,LTC-USD,-0.029310370161590882,Crypto,Crypto
2022-04-08,TRX-USD,-0.029660087922172562,Crypto,Crypto
2022-04-08,XLM-USD,-0.05263577037257139,Crypto,Crypto
2022-04-08,XRP-USD,-0.043076156432241386,Crypto,Crypto
2022-04-11,ADA-USD,-0.10712641179320725,Crypto,Crypto
2022-04-11,BCH-USD,-0.08156441866840436,Crypto,Crypto
2022-04-11,BTC-USD,-0.06363225953812457,Crypto,Crypto
2022-04-11,EOS-USD,-0.09216187421272837,Crypto,Crypto
2022-04-11,ETC-USD,-0.08562022262226787,Crypto,Crypto
2022-04-11,ETH-USD,-0.07186309437345806,Crypto,Crypto
2022-04-11,LTC-USD,-0.07705399392482826,Crypto,Crypto
2022-04-11,TRX-USD,-0.06888948168933673,Crypto,Crypto
2022-04-11,XLM-USD,-0.07455940435221786,Crypto,Crypto
2022-04-11,XRP-USD,-0.08140349871044128,Crypto,Crypto
2022-04-12,ADA-USD,0.03769355240196792,Crypto,Crypto
2022-04-12,BCH-USD,0.03332611020859444,Crypto,Crypto
2022-04-12,BTC-USD,0.015315083892861292,Crypto,Crypto
2022-04-12,EOS-USD,0.03734962063428049,Crypto,Crypto
2022-04-12,ETC-USD,0.029618579766917952,Crypto,Crypto
2022-04-12,ETH-USD,0.016545908853034197,Crypto,Crypto
2022-04-12,LTC-USD,0.021645843736866954,Crypto,Crypto
2022-04-12,TRX-USD,0.029694134895728475,Crypto,Crypto
2022-04-12,XLM-USD,0.03119543144879655,Crypto,Crypto
2022-04-12,XRP-USD,0.03106517007643972,Crypto,Crypto
2022-04-13,ADA-USD,0.02046912155592051,Crypto,Crypto
2022-04-13,BCH-USD,0.1227558274318501,Crypto,Crypto
2022-04-13,BTC-USD,0.025906300465151855,Crypto,Crypto
2022-04-13,EOS-USD,0.05156746118526412,Crypto,Crypto
2022-04-13,ETC-USD,0.011578742718610924,Crypto,Crypto
2022-04-13,ETH-USD,0.0290286617712483,Crypto,Crypto
2022-04-13,LTC-USD,0.05393611531818987,Crypto,Crypto
2022-04-13,TRX-USD,0.02600240979486168,Crypto,Crypto
2022-04-13,XLM-USD,0.020351286693772064,Crypto,Crypto
2022-04-13,XRP-USD,0.010097491530250746,Crypto,Crypto
2022-04-14,ADA-USD,-0.04338168319147595,Crypto,Crypto
2022-04-14,BCH-USD,-0.012910822631353014,Crypto,Crypto
2022-04-14,BTC-USD,-0.029908006531745968,Crypto,Crypto
2022-04-14,EOS-USD,-0.021024144796116362,Crypto,Crypto
2022-04-14,ETC-USD,-0.0380948846452267,Crypto,Crypto
2022-04-14,ETH-USD,-0.03156637206525337,Crypto,Crypto
2022-04-14,LTC-USD,-0.02779999055324034,Crypto,Crypto
2022-04-14,TRX-USD,-0.02248230721766442,Crypto,Crypto
2022-04-14,XLM-USD,-0.013519063640240692,Crypto,Crypto
2022-04-14,XRP-USD,0.004101632813984679,Crypto,Crypto
2022-04-18,ADA-USD,0.02099700991227893,Crypto,Crypto
2022-04-18,BCH-USD,0.034425654190206156,Crypto,Crypto
2022-04-18,BTC-USD,0.027929174608607443,Crypto,Crypto
2022-04-18,EOS-USD,0.010595106884493388,Crypto,Crypto
2022-04-18,ETC-USD,0.006707059778536362,Crypto,Crypto
2022-04-18,ETH-USD,0.021448285536718847,Crypto,Crypto
2022-04-18,LTC-USD,0.020022940773789966,Crypto,Crypto
2022-04-18,TRX-USD,0.021945936258505716,Crypto,Crypto
2022-04-18,XLM-USD,0.039086972106488815,Crypto,Crypto
2022-04-18,XRP-USD,0.01973436325141198,Crypto,Crypto
2022-04-19,ADA-USD,0.017724416351981853,Crypto,Crypto
2022-04-19,BCH-USD,0.001106020447242173,Crypto,Crypto
2022-04-19,BTC-USD,0.016571096753378534,Crypto,Crypto
2022-04-19,EOS-USD,0.08286840932299344,Crypto,Crypto
2022-04-19,ETC-USD,0.024918597345784832,Crypto,Crypto
2022-04-19,ETH-USD,0.015207893160284813,Crypto,Crypto
2022-04-19,LTC-USD,0.02324943634975929,Crypto,Crypto
2022-04-19,TRX-USD,0.02935300758147208,Crypto,Crypto
2022-04-19,XLM-USD,-0.0051731759182056525,Crypto,Crypto
2022-04-19,XRP-USD,0.009174255678245036,Crypto,Crypto
2022-04-20,ADA-USD,-0.016774878309575025,Crypto,Crypto
2022-04-20,BCH-USD,-0.02841106430208884,Crypto,Crypto
2022-04-20,BTC-USD,-0.003093074404708074,Crypto,Crypto
2022-04-20,EOS-USD,0.044492385279305546,Crypto,Crypto
2022-04-20,ETC-USD,-0.033900995270055634,Crypto,Crypto
2022-04-20,ETH-USD,-0.00849216873439762,Crypto,Crypto
2022-04-20,LTC-USD,-0.016100200716228863,Crypto,Crypto
2022-04-20,TRX-USD,-0.011456878448001029,Crypto,Crypto
2022-04-20,XLM-USD,-0.017702915978028866,Crypto,Crypto
2022-04-20,XRP-USD,-0.02952658762528171,Crypto,Crypto
2022-04-21,ADA-USD,-0.028662965952120478,Crypto,Crypto
2022-04-21,BCH-USD,-0.04488182386344186,Crypto,Crypto
2022-04-21,BTC-USD,-0.020471984048854197,Crypto,Crypto
2022-04-21,EOS-USD,-0.0923783910289212,Crypto,Crypto
2022-04-21,ETC-USD,-0.0442694611447636,Crypto,Crypto
2022-04-21,ETH-USD,-0.029328327006015287,Crypto,Crypto
2022-04-21,LTC-USD,-0.044487573482009934,Crypto,Crypto
2022-04-21,TRX-USD,0.14072024974347808,Crypto,Crypto
2022-04-21,XLM-USD,-0.019758302042967246,Crypto,Crypto
2022-04-21,XRP-USD,-0.02525996966746502,Crypto,Crypto
2022-04-22,ADA-USD,-0.0036464288989899174,Crypto,Crypto
2022-04-22,BCH-USD,0.01610342564554812,Crypto,Crypto
2022-04-22,BTC-USD,-0.019420038833716236,Crypto,Crypto
2022-04-22,EOS-USD,-0.019526410833798913,Crypto,Crypto
2022-04-22,ETC-USD,0.01832843877747181,Crypto,Crypto
2022-04-22,ETH-USD,-0.007579971791462747,Crypto,Crypto
2022-04-22,LTC-USD,-0.013059701492537323,Crypto,Crypto
2022-04-22,TRX-USD,-0.06531199287316714,Crypto,Crypto
2022-04-22,XLM-USD,-0.00431640805434208,Crypto,Crypto
2022-04-22,XRP-USD,-0.019073163886957234,Crypto,Crypto
2022-04-25,ADA-USD,0.013927925013878184,Crypto,Crypto
2022-04-25,BCH-USD,0.02153603037076368,Crypto,Crypto
2022-04-25,BTC-USD,0.025057850055308917,Crypto,Crypto
2022-04-25,EOS-USD,0.01001008880151133,Crypto,Crypto
2022-04-25,ETC-USD,0.00042281993677661944,Crypto,Crypto
2022-04-25,ETH-USD,0.029650638144067543,Crypto,Crypto
2022-04-25,LTC-USD,0.0006156889174682156,Crypto,Crypto
2022-04-25,TRX-USD,-0.005571066021509918,Crypto,Crypto
2022-04-25,XLM-USD,0.01218556013086225,Crypto,Crypto
2022-04-25,XRP-USD,-0.006172536732607425,Crypto,Crypto
2022-04-26,ADA-USD,-0.07905906775614158,Crypto,Crypto
2022-04-26,BCH-USD,-0.059928857640629274,Crypto,Crypto
2022-04-26,BTC-USD,-0.057858267871623625,Crypto,Crypto
2022-04-26,EOS-USD,-0.07997449186843053,Crypto,Crypto
2022-04-26,ETC-USD,-0.08963684370436875,Crypto,Crypto
2022-04-26,ETH-USD,-0.06682250466394446,Crypto,Crypto
2022-04-26,LTC-USD,-0.06001069705237827,Crypto,Crypto
2022-04-26,TRX-USD,-0.05221103125272997,Crypto,Crypto
2022-04-26,XLM-USD,-0.06174464468811758,Crypto,Crypto
2022-04-26,XRP-USD,-0.07592887365258338,Crypto,Crypto
2022-04-27,ADA-USD,0.01564680882230407,Crypto,Crypto
2022-04-27,BCH-USD,0.03860425609855711,Crypto,Crypto
2022-04-27,BTC-USD,0.029478882606909007,Crypto,Crypto
2022-04-27,EOS-USD,0.029783721342979907,Crypto,Crypto
2022-04-27,ETC-USD,0.020407696905321515,Crypto,Crypto
2022-04-27,ETH-USD,0.028711816872254436,Crypto,Crypto
2022-04-27,LTC-USD,0.02168676342822029,Crypto,Crypto
2022-04-27,TRX-USD,0.021011010844192768,Crypto,Crypto
2022-04-27,XLM-USD,0.02232963886975159,Crypto,Crypto
2022-04-27,XRP-USD,0.0165482327897013,Crypto,Crypto
2022-04-28,ADA-USD,0.003991180785946513,Crypto,Crypto
2022-04-28,BCH-USD,-0.0019503085878518345,Crypto,Crypto
2022-04-28,BTC-USD,0.013575224570606004,Crypto,Crypto
2022-04-28,EOS-USD,0.029612864540700556,Crypto,Crypto
2022-04-28,ETC-USD,-0.003807206880553804,Crypto,Crypto
2022-04-28,ETH-USD,0.01661903738138304,Crypto,Crypto
2022-04-28,LTC-USD,0.027696698754937854,Crypto,Crypto
2022-04-28,TRX-USD,0.00839915341436126,Crypto,Crypto
2022-04-28,XLM-USD,0.0071757857782448475,Crypto,Crypto
2022-04-28,XRP-USD,-0.012194994919627833,Crypto,Crypto
2022-04-29,ADA-USD,-0.046101063688159916,Crypto,Crypto
2022-04-29,BCH-USD,-0.0392038740540438,Crypto,Crypto
2022-04-29,BTC-USD,-0.02926557389929385,Crypto,Crypto
2022-04-29,EOS-USD,-0.020434376111421737,Crypto,Crypto
2022-04-29,ETC-USD,-0.06343692909394671,Crypto,Crypto
2022-04-29,ETH-USD,-0.041314794787239206,Crypto,Crypto
2022-04-29,LTC-USD,-0.02850607385563897,Crypto,Crypto
2022-04-29,TRX-USD,-0.0034195629620894508,Crypto,Crypto
2022-04-29,XLM-USD,-0.041859398028157746,Crypto,Crypto
2022-04-29,XRP-USD,-0.05114509190363514,Crypto,Crypto
2022-05-02,ADA-USD,-0.01115335919803151,Crypto,Crypto
2022-05-02,BCH-USD,0.002387223845799591,Crypto,Crypto
2022-05-02,BTC-USD,0.001565786170879102,Crypto,Crypto
2022-05-02,EOS-USD,-0.006884133555628336,Crypto,Crypto
2022-05-02,ETC-USD,-0.008289777449504876,Crypto,Crypto
2022-05-02,ETH-USD,0.010486865128902734,Crypto,Crypto
2022-05-02,LTC-USD,0.012645890363766732,Crypto,Crypto
2022-05-02,TRX-USD,-0.029856437671235914,Crypto,Crypto
2022-05-02,XLM-USD,-0.012978040113326372,Crypto,Crypto
2022-05-02,XRP-USD,0.010570184341331945,Crypto,Crypto
2022-05-03,ADA-USD,-0.01328680454009612,Crypto,Crypto
2022-05-03,BCH-USD,-0.019671350245026198,Crypto,Crypto
2022-05-03,BTC-USD,-0.020215120218891713,Crypto,Crypto
2022-05-03,EOS-USD,-0.019111553722717445,Crypto,Crypto
2022-05-03,ETC-USD,-0.022575398505715105,Crypto,Crypto
2022-05-03,ETH-USD,-0.02587450581867512,Crypto,Crypto
2022-05-03,LTC-USD,-0.013409164663026663,Crypto,Crypto
2022-05-03,TRX-USD,0.05156355619800612,Crypto,Crypto
2022-05-03,XLM-USD,-0.009205202753454267,Crypto,Crypto
2022-05-03,XRP-USD,-0.015335361203152709,Crypto,Crypto
2022-05-04,ADA-USD,0.16313019674491525,Crypto,Crypto
2022-05-04,BCH-USD,0.07289650803939196,Crypto,Crypto
2022-05-04,BTC-USD,0.051599856624237495,Crypto,Crypto
2022-05-04,EOS-USD,0.08618629981799941,Crypto,Crypto
2022-05-04,ETC-USD,0.14324572055476636,Crypto,Crypto
2022-05-04,ETH-USD,0.05646480841047263,Crypto,Crypto
2022-05-04,LTC-USD,0.06977688807571236,Crypto,Crypto
2022-05-04,TRX-USD,0.19233849711611373,Crypto,Crypto
2022-05-04,XLM-USD,0.07242007618244473,Crypto,Crypto
2022-05-04,XRP-USD,0.06881886917623148,Crypto,Crypto
2022-05-05,ADA-USD,-0.11794521467365837,Crypto,Crypto
2022-05-05,BCH-USD,-0.07524553501913256,Crypto,Crypto
2022-05-05,BTC-USD,-0.07867402068901796,Crypto,Crypto
2022-05-05,EOS-USD,-0.09539398107649522,Crypto,Crypto
2022-05-05,ETC-USD,-0.07793848758671951,Crypto,Crypto
2022-05-05,ETH-USD,-0.0650985260875554,Crypto,Crypto
2022-05-05,LTC-USD,-0.08803539268262062,Crypto,Crypto
2022-05-05,TRX-USD,-0.13523638482413614,Crypto,Crypto
2022-05-05,XLM-USD,-0.07209694542782985,Crypto,Crypto
2022-05-05,XRP-USD,-0.07361160770840292,Crypto,Crypto
2022-05-06,ADA-USD,-0.009850204861960754,Crypto,Crypto
2022-05-06,BCH-USD,-0.008336903708388022,Crypto,Crypto
2022-05-06,BTC-USD,-0.014606061408683924,Crypto,Crypto
2022-05-06,EOS-USD,0.003813731512545493,Crypto,Crypto
2022-05-06,ETC-USD,-0.012586161491039971,Crypto,Crypto
2022-05-06,ETH-USD,-0.01972688030319758,Crypto,Crypto
2022-05-06,LTC-USD,-0.001312015502045294,Crypto,Crypto
2022-05-06,TRX-USD,0.15539323253314063,Crypto,Crypto
2022-05-06,XLM-USD,0.0001752320388901385,Crypto,Crypto
2022-05-06,XRP-USD,0.006151394755385287,Crypto,Crypto
2022-05-09,ADA-USD,-0.17506960133490135,Crypto,Crypto
2022-05-09,BCH-USD,-0.15193263953988456,Crypto,Crypto
2022-05-09,BTC-USD,-0.11046369999353145,Crypto,Crypto
2022-05-09,EOS-USD,-0.12963145786639763,Crypto,Crypto
2022-05-09,ETC-USD,-0.13136583355159237,Crypto,Crypto
2022-05-09,ETH-USD,-0.10805714698013369,Crypto,Crypto
2022-05-09,LTC-USD,-0.17046060381992423,Crypto,Crypto
2022-05-09,TRX-USD,-0.16296688493680667,Crypto,Crypto
2022-05-09,XLM-USD,-0.11601472740182861,Crypto,Crypto
2022-05-09,XRP-USD,-0.1298914247682158,Crypto,Crypto
2022-05-10,ADA-USD,0.030938164898943743,Crypto,Crypto
2022-05-10,BCH-USD,0.04466870288171143,Crypto,Crypto
2022-05-10,BTC-USD,0.02396125848050934,Crypto,Crypto
2022-05-10,EOS-USD,0.013281004698536547,Crypto,Crypto
2022-05-10,ETC-USD,0.03830047450438623,Crypto,Crypto
2022-05-10,ETH-USD,0.04368007377831029,Crypto,Crypto
2022-05-10,LTC-USD,0.029114405950283917,Crypto,Crypto
2022-05-10,TRX-USD,0.05098079535304545,Crypto,Crypto
2022-05-10,XLM-USD,0.03798590135534541,Crypto,Crypto
2022-05-10,XRP-USD,0.04196447928885538,Crypto,Crypto
2022-05-11,ADA-USD,-0.1846897457300094,Crypto,Crypto
2022-05-11,BCH-USD,-0.161904559507418,Crypto,Crypto
2022-05-11,BTC-USD,-0.06725839173272163,Crypto,Crypto
2022-05-11,EOS-USD,-0.18566162309950152,Crypto,Crypto
2022-05-11,ETC-USD,-0.17095350162237488,Crypto,Crypto
2022-05-11,ETH-USD,-0.11581014355526464,Crypto,Crypto
2022-05-11,LTC-USD,-0.1724862871358075,Crypto,Crypto
2022-05-11,TRX-USD,-0.0327930812694609,Crypto,Crypto
2022-05-11,XLM-USD,-0.15418617650593802,Crypto,Crypto
2022-05-11,XRP-USD,-0.1951808902506077,Crypto,Crypto
2022-05-12,ADA-USD,-0.07615830380609612,Crypto,Crypto
2022-05-12,BCH-USD,-0.0009990564466891838,Crypto,Crypto
2022-05-12,BTC-USD,0.003849706798608521,Crypto,Crypto
2022-05-12,EOS-USD,-0.08903552257788949,Crypto,Crypto
2022-05-12,ETC-USD,-0.04204395409602768,Crypto,Crypto
2022-05-12,ETH-USD,-0.053282488294059016,Crypto,Crypto
2022-05-12,LTC-USD,-0.029915489053707,Crypto,Crypto
2022-05-12,TRX-USD,-0.09493369930780526,Crypto,Crypto
2022-05-12,XLM-USD,-0.03659090191419312,Crypto,Crypto
2022-05-12,XRP-USD,-0.06814616559042119,Crypto,Crypto
2022-05-13,ADA-USD,0.11637252443622348,Crypto,Crypto
2022-05-13,BCH-USD,0.041792043609526264,Crypto,Crypto
2022-05-13,BTC-USD,0.008102229834508146,Crypto,Crypto
2022-05-13,EOS-USD,0.04698108634097098,Crypto,Crypto
2022-05-13,ETC-USD,0.08173209979145102,Crypto,Crypto
2022-05-13,ETH-USD,0.026872933410718503,Crypto,Crypto
2022-05-13,LTC-USD,0.05527390786145947,Crypto,Crypto
2022-05-13,TRX-USD,0.10094500986992139,Crypto,Crypto
2022-05-13,XLM-USD,0.09079628733992773,Crypto,Crypto
2022-05-13,XRP-USD,0.09919623958124513,Crypto,Crypto
2022-05-16,ADA-USD,-0.06825773984982819,Crypto,Crypto
2022-05-16,BCH-USD,-0.08037993535739063,Crypto,Crypto
2022-05-16,BTC-USD,-0.046069001557128786,Crypto,Crypto
2022-05-16,EOS-USD,-0.06193896145087452,Crypto,Crypto
2022-05-16,ETC-USD,-0.05844233065627269,Crypto,Crypto
2022-05-16,ETH-USD,-0.057314837096923754,Crypto,Crypto
2022-05-16,LTC-USD,-0.06038026888649284,Crypto,Crypto
2022-05-16,TRX-USD,-0.04519196690680938,Crypto,Crypto
2022-05-16,XLM-USD,-0.06258502225611706,Crypto,Crypto
2022-05-16,XRP-USD,-0.05559592519758472,Crypto,Crypto
2022-05-17,ADA-USD,0.0383696398717579,Crypto,Crypto
2022-05-17,BCH-USD,0.04757574829496347,Crypto,Crypto
2022-05-17,BTC-USD,0.018850785235190015,Crypto,Crypto
2022-05-17,EOS-USD,0.04438893246062747,Crypto,Crypto
2022-05-17,ETC-USD,0.0447002692926346,Crypto,Crypto
2022-05-17,ETH-USD,0.033461392764142284,Crypto,Crypto
2022-05-17,LTC-USD,0.08566953545514244,Crypto,Crypto
2022-05-17,TRX-USD,0.0463901327253351,Crypto,Crypto
2022-05-17,XLM-USD,0.043600642543871526,Crypto,Crypto
2022-05-17,XRP-USD,0.03579651814941043,Crypto,Crypto
2022-05-18,ADA-USD,-0.12535011774473293,Crypto,Crypto
2022-05-18,BCH-USD,-0.09026554957708255,Crypto,Crypto
2022-05-18,BTC-USD,-0.05605711989808215,Crypto,Crypto
2022-05-18,EOS-USD,-0.07780300417506503,Crypto,Crypto
2022-05-18,ETC-USD,-0.08960720066363426,Crypto,Crypto
2022-05-18,ETH-USD,-0.08311915841461581,Crypto,Crypto
2022-05-18,LTC-USD,-0.0898141973523442,Crypto,Crypto
2022-05-18,TRX-USD,-0.018245178141775065,Crypto,Crypto
2022-05-18,XLM-USD,-0.09126453646114197,Crypto,Crypto
2022-05-18,XRP-USD,-0.07188152210768706,Crypto,Crypto
2022-05-19,ADA-USD,0.054796687702143965,Crypto,Crypto
2022-05-19,BCH-USD,0.04512050184927063,Crypto,Crypto
2022-05-19,BTC-USD,0.05550304428240649,Crypto,Crypto
2022-05-19,EOS-USD,0.04142087396676852,Crypto,Crypto
2022-05-19,ETC-USD,0.05471824157419203,Crypto,Crypto
2022-05-19,ETH-USD,0.053050754503766395,Crypto,Crypto
2022-05-19,LTC-USD,0.08553777441836696,Crypto,Crypto
2022-05-19,TRX-USD,0.037112234986278025,Crypto,Crypto
2022-05-19,XLM-USD,0.013808043659895297,Crypto,Crypto
2022-05-19,XRP-USD,0.03400089913402393,Crypto,Crypto
2022-05-20,ADA-USD,-0.028901916281406925,Crypto,Crypto
2022-05-20,BCH-USD,-0.028563832253011845,Crypto,Crypto
2022-05-20,BTC-USD,-0.036734890846488066,Crypto,Crypto
2022-05-20,EOS-USD,-0.03437519934984545,Crypto,Crypto
2022-05-20,ETC-USD,-0.033769122061078516,Crypto,Crypto
2022-05-20,ETH-USD,-0.02825124393605738,Crypto,Crypto
2022-05-20,LTC-USD,-0.0476913087352866,Crypto,Crypto
2022-05-20,TRX-USD,-0.03066248602282362,Crypto,Crypto
2022-05-20,XLM-USD,-0.027599975344323346,Crypto,Crypto
2022-05-20,XRP-USD,-0.021046396636516307,Crypto,Crypto
2022-05-23,ADA-USD,-0.0553114096712527,Crypto,Crypto
2022-05-23,BCH-USD,-0.03629535529168337,Crypto,Crypto
2022-05-23,BTC-USD,-0.04039123144227663,Crypto,Crypto
2022-05-23,EOS-USD,-0.03902083115951749,Crypto,Crypto
2022-05-23,ETC-USD,0.030947701782156667,Crypto,Crypto
2022-05-23,ETH-USD,-0.03474418451813721,Crypto,Crypto
2022-05-23,LTC-USD,-0.03847139141894573,Crypto,Crypto
2022-05-23,TRX-USD,-0.023665327969644934,Crypto,Crypto
2022-05-23,XLM-USD,-0.0492620189979569,Crypto,Crypto
2022-05-23,XRP-USD,-0.041829113789172756,Crypto,Crypto
2022-05-24,ADA-USD,0.01681413613935212,Crypto,Crypto
2022-05-24,BCH-USD,0.021313831199143207,Crypto,Crypto
2022-05-24,BTC-USD,0.019130468401079792,Crypto,Crypto
2022-05-24,EOS-USD,0.030885679826585966,Crypto,Crypto
2022-05-24,ETC-USD,0.11351597998421159,Crypto,Crypto
2022-05-24,ETH-USD,0.0034484158752532412,Crypto,Crypto
2022-05-24,LTC-USD,0.01896449560230118,Crypto,Crypto
2022-05-24,TRX-USD,0.05669744980586322,Crypto,Crypto
2022-05-24,XLM-USD,0.02963161959615168,Crypto,Crypto
2022-05-24,XRP-USD,0.009988359544120584,Crypto,Crypto
2022-05-25,ADA-USD,-0.014095757332908798,Crypto,Crypto
2022-05-25,BCH-USD,-0.026554479451341706,Crypto,Crypto
2022-05-25,BTC-USD,-0.003143576713387941,Crypto,Crypto
2022-05-25,EOS-USD,-0.018241670689140288,Crypto,Crypto
2022-05-25,ETC-USD,-0.023209046367302588,Crypto,Crypto
2022-05-25,ETH-USD,-0.017258819749310206,Crypto,Crypto
2022-05-25,LTC-USD,-0.028560669167357555,Crypto,Crypto
2022-05-25,TRX-USD,0.04990882611965297,Crypto,Crypto
2022-05-25,XLM-USD,-0.005134041570604597,Crypto,Crypto
2022-05-25,XRP-USD,-0.007163996440752052,Crypto,Crypto
2022-05-26,ADA-USD,-0.0642059752303129,Crypto,Crypto
2022-05-26,BCH-USD,-0.05031070022431905,Crypto,Crypto
2022-05-26,BTC-USD,-0.009983529917456657,Crypto,Crypto
2022-05-26,EOS-USD,-0.06082280231368886,Crypto,Crypto
2022-05-26,ETC-USD,-0.07068604558504998,Crypto,Crypto
2022-05-26,ETH-USD,-0.07245605236746355,Crypto,Crypto
2022-05-26,LTC-USD,-0.06565329865510561,Crypto,Crypto
2022-05-26,TRX-USD,-0.026704473324138722,Crypto,Crypto
2022-05-26,XLM-USD,-0.05513054400476258,Crypto,Crypto
2022-05-26,XRP-USD,-0.03108788007536789,Crypto,Crypto
2022-05-27,ADA-USD,-0.05276957584137987,Crypto,Crypto
2022-05-27,BCH-USD,-0.03825755717373669,Crypto,Crypto
2022-05-27,BTC-USD,-0.02185551924250806,Crypto,Crypto
2022-05-27,EOS-USD,-0.02493214299027391,Crypto,Crypto
2022-05-27,ETC-USD,0.018734723644117768,Crypto,Crypto
2022-05-27,ETH-USD,-0.04378840002928741,Crypto,Crypto
2022-05-27,LTC-USD,-0.035473596569672416,Crypto,Crypto
2022-05-27,TRX-USD,-0.02122126569601379,Crypto,Crypto
2022-05-27,XLM-USD,-0.03670123871058584,Crypto,Crypto
2022-05-27,XRP-USD,-0.02895184541389728,Crypto,Crypto
2022-05-31,ADA-USD,0.09679631560820634,Crypto,Crypto
2022-05-31,BCH-USD,0.0348260550296251,Crypto,Crypto
2022-05-31,BTC-USD,0.0020777630413166825,Crypto,Crypto
2022-05-31,EOS-USD,-0.004354977911227298,Crypto,Crypto
2022-05-31,ETC-USD,-0.042342449226298706,Crypto,Crypto
2022-05-31,ETH-USD,-0.02710486988964189,Crypto,Crypto
2022-05-31,LTC-USD,-0.010265108003837176,Crypto,Crypto
2022-05-31,TRX-USD,0.01119399178547087,Crypto,Crypto
2022-05-31,XLM-USD,0.04762831332808837,Crypto,Crypto
2022-05-31,XRP-USD,0.008828841990859981,Crypto,Crypto
2022-06-01,ADA-USD,-0.11595925308443134,Crypto,Crypto
2022-06-01,BCH-USD,-0.08506691393607146,Crypto,Crypto
2022-06-01,BTC-USD,-0.06269536357891181,Crypto,Crypto
2022-06-01,EOS-USD,-0.08184876518951212,Crypto,Crypto
2022-06-01,ETC-USD,-0.07230576980391346,Crypto,Crypto
2022-06-01,ETH-USD,-0.061142436711543735,Crypto,Crypto
2022-06-01,LTC-USD,-0.07957104510998714,Crypto,Crypto
2022-06-01,TRX-USD,-0.008516339710219367,Crypto,Crypto
2022-06-01,XLM-USD,-0.08732391263927797,Crypto,Crypto
2022-06-01,XRP-USD,-0.056373250610292525,Crypto,Crypto
2022-06-02,ADA-USD,0.06340122709547935,Crypto,Crypto
2022-06-02,BCH-USD,0.014334964231581981,Crypto,Crypto
2022-06-02,BTC-USD,0.02243049790035867,Crypto,Crypto
2022-06-02,EOS-USD,0.02189110438941544,Crypto,Crypto
2022-06-02,ETC-USD,0.017852150921514376,Crypto,Crypto
2022-06-02,ETH-USD,0.00580245376432198,Crypto,Crypto
2022-06-02,LTC-USD,0.023560221476986554,Crypto,Crypto
2022-06-02,TRX-USD,0.00892491590494604,Crypto,Crypto
2022-06-02,XLM-USD,0.044757187693672984,Crypto,Crypto
2022-06-02,XRP-USD,0.018129268944914623,Crypto,Crypto
2022-06-03,ADA-USD,-0.0478687761900648,Crypto,Crypto
2022-06-03,BCH-USD,-0.030389563753247306,Crypto,Crypto
2022-06-03,BTC-USD,-0.02504629358369581,Crypto,Crypto
2022-06-03,EOS-USD,-0.023542658070607292,Crypto,Crypto
2022-06-03,ETC-USD,-0.026112058717992714,Crypto,Crypto
2022-06-03,ETH-USD,-0.03220668042518249,Crypto,Crypto
2022-06-03,LTC-USD,-0.027805332722205423,Crypto,Crypto
2022-06-03,TRX-USD,-0.036511993480355054,Crypto,Crypto
2022-06-03,XLM-USD,0.02314816067299552,Crypto,Crypto
2022-06-03,XRP-USD,-0.03586459914712692,Crypto,Crypto
2022-06-06,ADA-USD,0.07448200272624339,Crypto,Crypto
2022-06-06,BCH-USD,0.03201332191135564,Crypto,Crypto
2022-06-06,BTC-USD,0.048952630028413324,Crypto,Crypto
2022-06-06,EOS-USD,0.024655722996464347,Crypto,Crypto
2022-06-06,ETC-USD,0.03152317744158872,Crypto,Crypto
2022-06-06,ETH-USD,0.029960430041737984,Crypto,Crypto
2022-06-06,LTC-USD,0.019133694819387204,Crypto,Crypto
2022-06-06,TRX-USD,0.0034263556344134027,Crypto,Crypto
2022-06-06,XLM-USD,0.008566695443197547,Crypto,Crypto
2022-06-06,XRP-USD,0.019300430075155584,Crypto,Crypto
2022-06-07,ADA-USD,0.010039003888063558,Crypto,Crypto
2022-06-07,BCH-USD,-0.018387879116393613,Crypto,Crypto
2022-06-07,BTC-USD,-0.006859698773187373,Crypto,Crypto
2022-06-07,EOS-USD,-0.016331311601776477,Crypto,Crypto
2022-06-07,ETC-USD,-0.041420394665193094,Crypto,Crypto
2022-06-07,ETH-USD,-0.024332589842456676,Crypto,Crypto
2022-06-07,LTC-USD,-0.00794452311957139,Crypto,Crypto
2022-06-07,TRX-USD,0.0037697449969036345,Crypto,Crypto
2022-06-07,XLM-USD,-0.029870183549344453,Crypto,Crypto
2022-06-07,XRP-USD,0.011639892758935844,Crypto,Crypto
2022-06-08,ADA-USD,0.04252045479065614,Crypto,Crypto
2022-06-08,BCH-USD,-0.029257740824032985,Crypto,Crypto
2022-06-08,BTC-USD,-0.03020730515832104,Crypto,Crypto
2022-06-08,EOS-USD,-0.021470652102780097,Crypto,Crypto
2022-06-08,ETC-USD,-0.012286401062527319,Crypto,Crypto
2022-06-08,ETH-USD,-0.01128750197501005,Crypto,Crypto
2022-06-08,LTC-USD,-0.03691126656966992,Crypto,Crypto
2022-06-08,TRX-USD,-0.01677786409188775,Crypto,Crypto
2022-06-08,XLM-USD,-0.00314370223028837,Crypto,Crypto
2022-06-08,XRP-USD,-0.017301855549136658,Crypto,Crypto
2022-06-09,ADA-USD,-0.013550191894707186,Crypto,Crypto
2022-06-09,BCH-USD,-0.008103390781945885,Crypto,Crypto
2022-06-09,BTC-USD,-0.003387708269364409,Crypto,Crypto
2022-06-09,EOS-USD,-0.008936412112709569,Crypto,Crypto
2022-06-09,ETC-USD,-0.0068179293477905745,Crypto,Crypto
2022-06-09,ETH-USD,-0.0020886896458599535,Crypto,Crypto
2022-06-09,LTC-USD,-0.021621049390322056,Crypto,Crypto
2022-06-09,TRX-USD,0.004204042995810342,Crypto,Crypto
2022-06-09,XLM-USD,-0.0017979503939627994,Crypto,Crypto
2022-06-09,XRP-USD,-0.0008087170052833992,Crypto,Crypto
2022-06-10,ADA-USD,-0.09275108403753551,Crypto,Crypto
2022-06-10,BCH-USD,-0.04381535656365332,Crypto,Crypto
2022-06-10,BTC-USD,-0.03414563715680452,Crypto,Crypto
2022-06-10,EOS-USD,-0.04872980906062441,Crypto,Crypto
2022-06-10,ETC-USD,-0.05582464441350232,Crypto,Crypto
2022-06-10,ETH-USD,-0.06971840279684127,Crypto,Crypto
2022-06-10,LTC-USD,-0.059079941433955785,Crypto,Crypto
2022-06-10,TRX-USD,-0.025093907437285012,Crypto,Crypto
2022-06-10,XLM-USD,-0.048304580809537034,Crypto,Crypto
2022-06-10,XRP-USD,-0.04643233305371597,Crypto,Crypto
2022-06-13,ADA-USD,-0.06788216980091455,Crypto,Crypto
2022-06-13,BCH-USD,-0.13871808682605014,Crypto,Crypto
2022-06-13,BTC-USD,-0.15974726027617203,Crypto,Crypto
2022-06-13,EOS-USD,-0.12075046774543385,Crypto,Crypto
2022-06-13,ETC-USD,-0.1365198779389475,Crypto,Crypto
2022-06-13,ETH-USD,-0.16650362093294369,Crypto,Crypto
2022-06-13,LTC-USD,-0.10219191487281654,Crypto,Crypto
2022-06-13,TRX-USD,-0.16525123860314017,Crypto,Crypto
2022-06-13,XLM-USD,-0.10702760637909159,Crypto,Crypto
2022-06-13,XRP-USD,-0.10040231279610712,Crypto,Crypto
2022-06-14,ADA-USD,0.045889602845272215,Crypto,Crypto
2022-06-14,BCH-USD,-0.003282751420047858,Crypto,Crypto
2022-06-14,BTC-USD,-0.012477914053041661,Crypto,Crypto
2022-06-14,EOS-USD,0.028547712956813687,Crypto,Crypto
2022-06-14,ETC-USD,0.015810650345037924,Crypto,Crypto
2022-06-14,ETH-USD,0.0058776186564533095,Crypto,Crypto
2022-06-14,LTC-USD,0.06539711251446367,Crypto,Crypto
2022-06-14,TRX-USD,-0.12552909351544672,Crypto,Crypto
2022-06-14,XLM-USD,0.06008265304466609,Crypto,Crypto
2022-06-14,XRP-USD,0.0364893897035945,Crypto,Crypto
2022-06-15,ADA-USD,0.10097317485799961,Crypto,Crypto
2022-06-15,BCH-USD,0.010147405975256873,Crypto,Crypto
2022-06-15,BTC-USD,0.01648355417709846,Crypto,Crypto
2022-06-15,EOS-USD,0.06957910586826577,Crypto,Crypto
2022-06-15,ETC-USD,0.08237535386386696,Crypto,Crypto
2022-06-15,ETH-USD,0.017780176430609806,Crypto,Crypto
2022-06-15,LTC-USD,0.09450609187900239,Crypto,Crypto
2022-06-15,TRX-USD,0.1281145700750721,Crypto,Crypto
2022-06-15,XLM-USD,0.06736625937442309,Crypto,Crypto
2022-06-15,XRP-USD,0.06692684325802034,Crypto,Crypto
2022-06-16,ADA-USD,-0.10927140290025217,Crypto,Crypto
2022-06-16,BCH-USD,-0.1426040334024513,Crypto,Crypto
2022-06-16,BTC-USD,-0.09707194434960298,Crypto,Crypto
2022-06-16,EOS-USD,-0.09574085957090117,Crypto,Crypto
2022-06-16,ETC-USD,-0.12833336958637842,Crypto,Crypto
2022-06-16,ETH-USD,-0.13418330070586004,Crypto,Crypto
2022-06-16,LTC-USD,-0.11471281414523826,Crypto,Crypto
2022-06-16,TRX-USD,-0.061064917002141894,Crypto,Crypto
2022-06-16,XLM-USD,-0.09682478552698115,Crypto,Crypto
2022-06-16,XRP-USD,-0.09207657942041447,Crypto,Crypto
2022-06-17,ADA-USD,0.026040942229272446,Crypto,Crypto
2022-06-17,BCH-USD,0.10565067377608539,Crypto,Crypto
2022-06-17,BTC-USD,0.004407495444594733,Crypto,Crypto
2022-06-17,EOS-USD,0.03043260410211701,Crypto,Crypto
2022-06-17,ETC-USD,0.040922487740078894,Crypto,Crypto
2022-06-17,ETH-USD,0.01759673482453694,Crypto,Crypto
2022-06-17,LTC-USD,0.06678331009084237,Crypto,Crypto
2022-06-17,TRX-USD,0.013267871448294333,Crypto,Crypto
2022-06-17,XLM-USD,0.029635251649511307,Crypto,Crypto
2022-06-17,XRP-USD,0.02988244902855186,Crypto,Crypto
2022-06-21,ADA-USD,-0.02652453410429567,Crypto,Crypto
2022-06-21,BCH-USD,-0.000780140393208506,Crypto,Crypto
2022-06-21,BTC-USD,0.0053914098304885805,Crypto,Crypto
2022-06-21,EOS-USD,0.0003469100583675111,Crypto,Crypto
2022-06-21,ETC-USD,-0.012916983460298681,Crypto,Crypto
2022-06-21,ETH-USD,-0.0024989047535589615,Crypto,Crypto
2022-06-21,LTC-USD,0.011380367735428498,Crypto,Crypto
2022-06-21,TRX-USD,0.060406880992289747,Crypto,Crypto
2022-06-21,XLM-USD,0.008579368805555543,Crypto,Crypto
2022-06-21,XRP-USD,0.016329312973060617,Crypto,Crypto
2022-06-22,ADA-USD,-0.043063063600933815,Crypto,Crypto
2022-06-22,BCH-USD,-0.046905678518216254,Crypto,Crypto
2022-06-22,BTC-USD,-0.034937106663198714,Crypto,Crypto
2022-06-22,EOS-USD,-0.037201431442159594,Crypto,Crypto
2022-06-22,ETC-USD,-0.053858115237032544,Crypto,Crypto
2022-06-22,ETH-USD,-0.06525702846678672,Crypto,Crypto
2022-06-22,LTC-USD,-0.026207201585374484,Crypto,Crypto
2022-06-22,TRX-USD,-0.026539834684573993,Crypto,Crypto
2022-06-22,XLM-USD,-0.007551487981753646,Crypto,Crypto
2022-06-22,XRP-USD,-0.01838266001224831,Crypto,Crypto
2022-06-23,ADA-USD,0.04737353097477359,Crypto,Crypto
2022-06-23,BCH-USD,0.025231024598969753,Crypto,Crypto
2022-06-23,BTC-USD,0.05497803800296652,Crypto,Crypto
2022-06-23,EOS-USD,0.049202155608338405,Crypto,Crypto
2022-06-23,ETC-USD,0.04745194735144187,Crypto,Crypto
2022-06-23,ETH-USD,0.0874671204172921,Crypto,Crypto
2022-06-23,LTC-USD,0.07019312230747587,Crypto,Crypto
2022-06-23,TRX-USD,0.00985353309190895,Crypto,Crypto
2022-06-23,XLM-USD,0.041522478605755975,Crypto,Crypto
2022-06-23,XRP-USD,0.04013208974445681,Crypto,Crypto
2022-06-24,ADA-USD,0.039417718809190205,Crypto,Crypto
2022-06-24,BCH-USD,-0.014009531023243538,Crypto,Crypto
2022-06-24,BTC-USD,0.006913598955313738,Crypto,Crypto
2022-06-24,EOS-USD,0.03177126483000858,Crypto,Crypto
2022-06-24,ETC-USD,0.02787234665253724,Crypto,Crypto
2022-06-24,ETH-USD,0.07299193391343572,Crypto,Crypto
2022-06-24,LTC-USD,0.004114751976550313,Crypto,Crypto
2022-06-24,TRX-USD,0.0337897082016807,Crypto,Crypto
2022-06-24,XLM-USD,0.08351416950260471,Crypto,Crypto
2022-06-24,XRP-USD,0.09553812959250885,Crypto,Crypto
2022-06-27,ADA-USD,-0.007889213578942122,Crypto,Crypto
2022-06-27,BCH-USD,-0.014617589090945349,Crypto,Crypto
2022-06-27,BTC-USD,-0.013877981325425726,Crypto,Crypto
2022-06-27,EOS-USD,-0.006497321724115213,Crypto,Crypto
2022-06-27,ETC-USD,-0.009346587154713148,Crypto,Crypto
2022-06-27,ETH-USD,-0.005126553295592751,Crypto,Crypto
2022-06-27,LTC-USD,-0.0167133028476687,Crypto,Crypto
2022-06-27,TRX-USD,0.03244874600312864,Crypto,Crypto
2022-06-27,XLM-USD,-0.010231339911490944,Crypto,Crypto
2022-06-27,XRP-USD,-0.01568561600162377,Crypto,Crypto
2022-06-28,ADA-USD,-0.033181009947726436,Crypto,Crypto
2022-06-28,BCH-USD,-0.07408027694738906,Crypto,Crypto
2022-06-28,BTC-USD,-0.02193553187871977,Crypto,Crypto
2022-06-28,EOS-USD,-0.04021922070737505,Crypto,Crypto
2022-06-28,ETC-USD,-0.06674789968526151,Crypto,Crypto
2022-06-28,ETH-USD,-0.04113448588718749,Crypto,Crypto
2022-06-28,LTC-USD,-0.05568017950760229,Crypto,Crypto
2022-06-28,TRX-USD,-0.015416255334360307,Crypto,Crypto
2022-06-28,XLM-USD,-0.038213616374709436,Crypto,Crypto
2022-06-28,XRP-USD,-0.0450295293859575,Crypto,Crypto
2022-06-29,ADA-USD,-0.008861550816444907,Crypto,Crypto
2022-06-29,BCH-USD,0.0119468295575198,Crypto,Crypto
2022-06-29,BTC-USD,-0.008708372798288844,Crypto,Crypto
2022-06-29,EOS-USD,-0.012323711607813648,Crypto,Crypto
2022-06-29,ETC-USD,-0.016586962475864664,Crypto,Crypto
2022-06-29,ETH-USD,-0.03987087571947978,Crypto,Crypto
2022-06-29,LTC-USD,0.011568054224978752,Crypto,Crypto
2022-06-29,TRX-USD,-0.018292497182254785,Crypto,Crypto
2022-06-29,XLM-USD,-0.040457170163432754,Crypto,Crypto
2022-06-29,XRP-USD,-0.02475624140650623,Crypto,Crypto
2022-06-30,ADA-USD,-0.014306886924299711,Crypto,Crypto
2022-06-30,BCH-USD,-0.015996569564280416,Crypto,Crypto
2022-06-30,BTC-USD,-0.01588223750298734,Crypto,Crypto
2022-06-30,EOS-USD,-0.012109164886676793,Crypto,Crypto
2022-06-30,ETC-USD,-0.01661670052997255,Crypto,Crypto
2022-06-30,ETH-USD,-0.0287958475755975,Crypto,Crypto
2022-06-30,LTC-USD,0.004228385968465087,Crypto,Crypto
2022-06-30,TRX-USD,-0.0011568339800731575,Crypto,Crypto
2022-06-30,XLM-USD,0.01947876467130749,Crypto,Crypto
2022-06-30,XRP-USD,0.007508060300742692,Crypto,Crypto
2022-07-01,ADA-USD,-0.02344999986360463,Crypto,Crypto
2022-07-01,BCH-USD,-0.012817053877743567,Crypto,Crypto
2022-07-01,BTC-USD,-0.02604834458398897,Crypto,Crypto
2022-07-01,EOS-USD,-0.013066114413600838,Crypto,Crypto
2022-07-01,ETC-USD,-0.023915151959183256,Crypto,Crypto
2022-07-01,ETH-USD,-0.007056593656957433,Crypto,Crypto
2022-07-01,LTC-USD,-0.04721830391533788,Crypto,Crypto
2022-07-01,TRX-USD,0.002918676202519954,Crypto,Crypto
2022-07-01,XLM-USD,-0.02316194755304024,Crypto,Crypto
2022-07-01,XRP-USD,-0.05361618242207089,Crypto,Crypto
2022-07-05,ADA-USD,-0.025576829672716683,Crypto,Crypto
2022-07-05,BCH-USD,-0.03529735741486584,Crypto,Crypto
2022-07-05,BTC-USD,-0.0020338071321012174,Crypto,Crypto
2022-07-05,EOS-USD,-0.013548994680521398,Crypto,Crypto
2022-07-05,ETC-USD,-0.02933903275902261,Crypto,Crypto
2022-07-05,ETH-USD,-0.014350320208673328,Crypto,Crypto
2022-07-05,LTC-USD,-0.046191557853390686,Crypto,Crypto
2022-07-05,TRX-USD,0.01421813341677991,Crypto,Crypto
2022-07-05,XLM-USD,-0.027998646908529046,Crypto,Crypto
2022-07-05,XRP-USD,-0.01024059942920652,Crypto,Crypto
2022-07-06,ADA-USD,0.009935930790510028,Crypto,Crypto
2022-07-06,BCH-USD,0.017728923476479475,Crypto,Crypto
2022-07-06,BTC-USD,0.017737930428710857,Crypto,Crypto
2022-07-06,EOS-USD,0.028257901491694604,Crypto,Crypto
2022-07-06,ETC-USD,0.016811367399112154,Crypto,Crypto
2022-07-06,ETH-USD,0.046215150158809504,Crypto,Crypto
2022-07-06,LTC-USD,0.010645963791352075,Crypto,Crypto
2022-07-06,TRX-USD,-0.008915808026445093,Crypto,Crypto
2022-07-06,XLM-USD,0.012029125868215251,Crypto,Crypto
2022-07-06,XRP-USD,0.021046425329487528,Crypto,Crypto
2022-07-07,ADA-USD,0.03382452869632324,Crypto,Crypto
2022-07-07,BCH-USD,0.05158969361693555,Crypto,Crypto
2022-07-07,BTC-USD,0.053013857820514154,Crypto,Crypto
2022-07-07,EOS-USD,0.03106066734334001,Crypto,Crypto
2022-07-07,ETC-USD,0.04702754128569997,Crypto,Crypto
2022-07-07,ETH-USD,0.04264574018240608,Crypto,Crypto
2022-07-07,LTC-USD,0.03538062864943914,Crypto,Crypto
2022-07-07,TRX-USD,0.015654201151573677,Crypto,Crypto
2022-07-07,XLM-USD,0.041912385869108615,Crypto,Crypto
2022-07-07,XRP-USD,0.029731645271704688,Crypto,Crypto
2022-07-08,ADA-USD,-0.021977257743700185,Crypto,Crypto
2022-07-08,BCH-USD,-0.023598688019471403,Crypto,Crypto
2022-07-08,BTC-USD,0.004322538045727464,Crypto,Crypto
2022-07-08,EOS-USD,-0.013753499891190346,Crypto,Crypto
2022-07-08,ETC-USD,-0.01732194693793354,Crypto,Crypto
2022-07-08,ETH-USD,-0.012190723060375164,Crypto,Crypto
2022-07-08,LTC-USD,-0.011083809162476088,Crypto,Crypto
2022-07-08,TRX-USD,0.0055066392481604165,Crypto,Crypto
2022-07-08,XLM-USD,-0.00553724829404223,Crypto,Crypto
2022-07-08,XRP-USD,-0.0015285677279450738,Crypto,Crypto
2022-07-11,ADA-USD,-0.05979881470112369,Crypto,Crypto
2022-07-11,BCH-USD,-0.07230197306356412,Crypto,Crypto
2022-07-11,BTC-USD,-0.04265931997884009,Crypto,Crypto
2022-07-11,EOS-USD,-0.06263654531430474,Crypto,Crypto
2022-07-11,ETC-USD,-0.062199103187385196,Crypto,Crypto
2022-07-11,ETH-USD,-0.06090802885970559,Crypto,Crypto
2022-07-11,LTC-USD,-0.06505025569327483,Crypto,Crypto
2022-07-11,TRX-USD,-0.04329832708605952,Crypto,Crypto
2022-07-11,XLM-USD,-0.05566418422658059,Crypto,Crypto
2022-07-11,XRP-USD,-0.034901139214987054,Crypto,Crypto
2022-07-12,ADA-USD,-0.040393055084343876,Crypto,Crypto
2022-07-12,BCH-USD,-0.017743550005335784,Crypto,Crypto
2022-07-12,BTC-USD,-0.03237979740682695,Crypto,Crypto
2022-07-12,EOS-USD,-0.0239569423268019,Crypto,Crypto
2022-07-12,ETC-USD,-0.02324104072251354,Crypto,Crypto
2022-07-12,ETH-USD,-0.05381238956798651,Crypto,Crypto
2022-07-12,LTC-USD,-0.02526324565543192,Crypto,Crypto
2022-07-12,TRX-USD,-0.0011434093422714176,Crypto,Crypto
2022-07-12,XLM-USD,-0.008734836592660833,Crypto,Crypto
2022-07-12,XRP-USD,-0.00839327911844212,Crypto,Crypto
2022-07-13,ADA-USD,0.04828579674010536,Crypto,Crypto
2022-07-13,BCH-USD,0.0492313956864423,Crypto,Crypto
2022-07-13,BTC-USD,0.04596171114078618,Crypto,Crypto
2022-07-13,EOS-USD,0.03416903178870734,Crypto,Crypto
2022-07-13,ETC-USD,0.03822269772666975,Crypto,Crypto
2022-07-13,ETH-USD,0.07262195547819328,Crypto,Crypto
2022-07-13,LTC-USD,0.042503978391634556,Crypto,Crypto
2022-07-13,TRX-USD,0.024735456794090505,Crypto,Crypto
2022-07-13,XLM-USD,0.04831573323532301,Crypto,Crypto
2022-07-13,XRP-USD,0.03873138054156322,Crypto,Crypto
2022-07-14,ADA-USD,0.006658156731776943,Crypto,Crypto
2022-07-14,BCH-USD,0.006459618253945365,Crypto,Crypto
2022-07-14,BTC-USD,0.017704551212910147,Crypto,Crypto
2022-07-14,EOS-USD,0.02248908813679318,Crypto,Crypto
2022-07-14,ETC-USD,0.02122840314825547,Crypto,Crypto
2022-07-14,ETH-USD,0.0699892112978604,Crypto,Crypto
2022-07-14,LTC-USD,0.03340551245948098,Crypto,Crypto
2022-07-14,TRX-USD,0.009646287784761842,Crypto,Crypto
2022-07-14,XLM-USD,0.014989800116206542,Crypto,Crypto
2022-07-14,XRP-USD,0.029317631471577288,Crypto,Crypto
2022-07-15,ADA-USD,0.003244755172927105,Crypto,Crypto
2022-07-15,BCH-USD,0.029915043011045084,Crypto,Crypto
2022-07-15,BTC-USD,0.012951348577769028,Crypto,Crypto
2022-07-15,EOS-USD,0.004210849448287535,Crypto,Crypto
2022-07-15,ETC-USD,0.024929888904372532,Crypto,Crypto
2022-07-15,ETH-USD,0.034915643229785465,Crypto,Crypto
2022-07-15,LTC-USD,0.01130947783681524,Crypto,Crypto
2022-07-15,TRX-USD,0.002825855682735856,Crypto,Crypto
2022-07-15,XLM-USD,0.004710889484461855,Crypto,Crypto
2022-07-15,XRP-USD,0.003943371641334625,Crypto,Crypto
2022-07-18,ADA-USD,0.10101643656821313,Crypto,Crypto
2022-07-18,BCH-USD,0.09941010041160991,Crypto,Crypto
2022-07-18,BTC-USD,0.08211740099467768,Crypto,Crypto
2022-07-18,EOS-USD,0.0747470613343344,Crypto,Crypto
2022-07-18,ETC-USD,0.32505887659860644,Crypto,Crypto
2022-07-18,ETH-USD,0.17934838115706353,Crypto,Crypto
2022-07-18,LTC-USD,0.05213329647433862,Crypto,Crypto
2022-07-18,TRX-USD,0.024485687630326103,Crypto,Crypto
2022-07-18,XLM-USD,0.07466907487865093,Crypto,Crypto
2022-07-18,XRP-USD,0.06629057810057204,Crypto,Crypto
2022-07-19,ADA-USD,0.04715320099514719,Crypto,Crypto
2022-07-19,BCH-USD,0.05598855499038469,Crypto,Crypto
2022-07-19,BTC-USD,0.0401919693193753,Crypto,Crypto
2022-07-19,EOS-USD,0.018107492824805727,Crypto,Crypto
2022-07-19,ETC-USD,-0.0017502405398958087,Crypto,Crypto
2022-07-19,ETH-USD,-0.02264031837667424,Crypto,Crypto
2022-07-19,LTC-USD,-0.010952251126164936,Crypto,Crypto
2022-07-19,TRX-USD,0.0009264959728163547,Crypto,Crypto
2022-07-19,XLM-USD,0.036596974385932235,Crypto,Crypto
2022-07-19,XRP-USD,0.01924755232438935,Crypto,Crypto
2022-07-20,ADA-USD,-0.04793820193360776,Crypto,Crypto
2022-07-20,BCH-USD,-0.05152947893458948,Crypto,Crypto
2022-07-20,BTC-USD,-0.006742410894342465,Crypto,Crypto
2022-07-20,EOS-USD,-0.03312489936573437,Crypto,Crypto
2022-07-20,ETC-USD,-0.08257758859469555,Crypto,Crypto
2022-07-20,ETH-USD,-0.014760143806359038,Crypto,Crypto
2022-07-20,LTC-USD,-0.012873045832919372,Crypto,Crypto
2022-07-20,TRX-USD,-0.022229544954451952,Crypto,Crypto
2022-07-20,XLM-USD,-0.05638339783696311,Crypto,Crypto
2022-07-20,XRP-USD,-0.03413758280230539,Crypto,Crypto
2022-07-21,ADA-USD,0.018440317032526465,Crypto,Crypto
2022-07-21,BCH-USD,0.009503961199824884,Crypto,Crypto
2022-07-21,BTC-USD,-0.0028884421706671937,Crypto,Crypto
2022-07-21,EOS-USD,0.011012573502615863,Crypto,Crypto
2022-07-21,ETC-USD,0.1186367578740315,Crypto,Crypto
2022-07-21,ETH-USD,0.037198265160175215,Crypto,Crypto
2022-07-21,LTC-USD,0.015060977889554295,Crypto,Crypto
2022-07-21,TRX-USD,0.0063159936476377965,Crypto,Crypto
2022-07-21,XLM-USD,0.01415658250974805,Crypto,Crypto
2022-07-21,XRP-USD,0.018175593650575195,Crypto,Crypto
2022-07-22,ADA-USD,-0.03229765923598005,Crypto,Crypto
2022-07-22,BCH-USD,0.004286852213961634,Crypto,Crypto
2022-07-22,BTC-USD,-0.01941107679491816,Crypto,Crypto
2022-07-22,EOS-USD,0.12051977727065766,Crypto,Crypto
2022-07-22,ETC-USD,-0.041532499644776566,Crypto,Crypto
2022-07-22,ETH-USD,-0.02495282862569259,Crypto,Crypto
2022-07-22,LTC-USD,-0.03311042564534894,Crypto,Crypto
2022-07-22,TRX-USD,-0.014375485976497848,Crypto,Crypto
2022-07-22,XLM-USD,-0.014047028809673456,Crypto,Crypto
2022-07-22,XRP-USD,-0.022973224794235914,Crypto,Crypto
2022-07-25,ADA-USD,-0.07310813181061415,Crypto,Crypto
2022-07-25,BCH-USD,-0.09863572079792438,Crypto,Crypto
2022-07-25,BTC-USD,-0.05517510011323534,Crypto,Crypto
2022-07-25,EOS-USD,-0.07655700693914969,Crypto,Crypto
2022-07-25,ETC-USD,-0.08641128739386872,Crypto,Crypto
2022-07-25,ETH-USD,-0.09633979863866915,Crypto,Crypto
2022-07-25,LTC-USD,-0.0704347652533226,Crypto,Crypto
2022-07-25,TRX-USD,-0.04614309156342877,Crypto,Crypto
2022-07-25,XLM-USD,-0.06375903069342093,Crypto,Crypto
2022-07-25,XRP-USD,-0.061083895040674796,Crypto,Crypto
2022-07-26,ADA-USD,-0.018148034536026758,Crypto,Crypto
2022-07-26,BCH-USD,-0.005822003925580077,Crypto,Crypto
2022-07-26,BTC-USD,-0.005708686992848544,Crypto,Crypto
2022-07-26,EOS-USD,-0.0025818076637355025,Crypto,Crypto
2022-07-26,ETC-USD,0.07031541061110058,Crypto,Crypto
2022-07-26,ETH-USD,-0.0024745407341075776,Crypto,Crypto
2022-07-26,LTC-USD,-0.01059670176236771,Crypto,Crypto
2022-07-26,TRX-USD,0.02324014088837334,Crypto,Crypto
2022-07-26,XLM-USD,-0.0069118261572868045,Crypto,Crypto
2022-07-26,XRP-USD,0.001485278899082454,Crypto,Crypto
2022-07-27,ADA-USD,0.09184210588372288,Crypto,Crypto
2022-07-27,BCH-USD,0.07132273384648391,Crypto,Crypto
2022-07-27,BTC-USD,0.0796052030234431,Crypto,Crypto
2022-07-27,EOS-USD,0.13025146656800435,Crypto,Crypto
2022-07-27,ETC-USD,0.30696935509023837,Crypto,Crypto
2022-07-27,ETH-USD,0.13484879413164408,Crypto,Crypto
2022-07-27,LTC-USD,0.09594376080570344,Crypto,Crypto
2022-07-27,TRX-USD,0.050903730273447634,Crypto,Crypto
2022-07-27,XLM-USD,0.0663847068571255,Crypto,Crypto
2022-07-27,XRP-USD,0.06305803925886244,Crypto,Crypto
2022-07-28,ADA-USD,0.005435309231351493,Crypto,Crypto
2022-07-28,BCH-USD,0.21755684499047323,Crypto,Crypto
2022-07-28,BTC-USD,0.0398306162434614,Crypto,Crypto
2022-07-28,EOS-USD,0.04862842229474218,Crypto,Crypto
2022-07-28,ETC-USD,0.24365283454922881,Crypto,Crypto
2022-07-28,ETH-USD,0.054537154456223425,Crypto,Crypto
2022-07-28,LTC-USD,0.07655497871959338,Crypto,Crypto
2022-07-28,TRX-USD,0.015888785446275255,Crypto,Crypto
2022-07-28,XLM-USD,0.0373814940831676,Crypto,Crypto
2022-07-28,XRP-USD,0.0397028182819239,Crypto,Crypto
2022-07-29,ADA-USD,0.019494288054815234,Crypto,Crypto
2022-07-29,BCH-USD,-0.015784349774895956,Crypto,Crypto
2022-07-29,BTC-USD,-0.0016462880701044735,Crypto,Crypto
2022-07-29,EOS-USD,-0.009652333198266638,Crypto,Crypto
2022-07-29,ETC-USD,-0.002083754579099706,Crypto,Crypto
2022-07-29,ETH-USD,0.0011236618798609044,Crypto,Crypto
2022-07-29,LTC-USD,-0.04004638899070523,Crypto,Crypto
2022-07-29,TRX-USD,-0.006680486349147197,Crypto,Crypto
2022-07-29,XLM-USD,0.009574391653939474,Crypto,Crypto
2022-07-29,XRP-USD,-0.01259057407079267,Crypto,Crypto
2022-08-01,ADA-USD,-0.005603196437785951,Crypto,Crypto
2022-08-01,BCH-USD,-0.012661158491369395,Crypto,Crypto
2022-08-01,BTC-USD,-0.0009725914343493569,Crypto,Crypto
2022-08-01,EOS-USD,-0.056132251427279845,Crypto,Crypto
2022-08-01,ETC-USD,-0.037713626748164364,Crypto,Crypto
2022-08-01,ETH-USD,-0.027547461014490793,Crypto,Crypto
2022-08-01,LTC-USD,-0.006243776630989073,Crypto,Crypto
2022-08-01,TRX-USD,0.014417661538122406,Crypto,Crypto
2022-08-01,XLM-USD,0.006732449859270906,Crypto,Crypto
2022-08-01,XRP-USD,-0.001266875616674601,Crypto,Crypto
2022-08-02,ADA-USD,-0.03363013362737444,Crypto,Crypto
2022-08-02,BCH-USD,-0.03013027428011983,Crypto,Crypto
2022-08-02,BTC-USD,-0.014415336683737068,Crypto,Crypto
2022-08-02,EOS-USD,-0.0563570006755133,Crypto,Crypto
2022-08-02,ETC-USD,0.042318148699935776,Crypto,Crypto
2022-08-02,ETH-USD,-0.0013762059625289647,Crypto,Crypto
2022-08-02,LTC-USD,-0.021694498444914556,Crypto,Crypto
2022-08-02,TRX-USD,-0.022362928308254593,Crypto,Crypto
2022-08-02,XLM-USD,-0.02873167089921813,Crypto,Crypto
2022-08-02,XRP-USD,-0.02093557123169565,Crypto,Crypto
2022-08-03,ADA-USD,0.00836299121303763,Crypto,Crypto
2022-08-03,BCH-USD,0.003397932873893561,Crypto,Crypto
2022-08-03,BTC-USD,-0.0057275961266136655,Crypto,Crypto
2022-08-03,EOS-USD,-0.011210974584221267,Crypto,Crypto
2022-08-03,ETC-USD,-0.015241665358177392,Crypto,Crypto
2022-08-03,ETH-USD,-0.008616897144064772,Crypto,Crypto
2022-08-03,LTC-USD,-0.007531498151363114,Crypto,Crypto
2022-08-03,TRX-USD,-0.00801493406956122,Crypto,Crypto
2022-08-03,XLM-USD,-0.008569723703667043,Crypto,Crypto
2022-08-03,XRP-USD,-0.005830271090502381,Crypto,Crypto
2022-08-04,ADA-USD,-0.0026348025218722038,Crypto,Crypto
2022-08-04,BCH-USD,0.001067510934329663,Crypto,Crypto
2022-08-04,BTC-USD,-0.009434736504108754,Crypto,Crypto
2022-08-04,EOS-USD,0.011963985907953001,Crypto,Crypto
2022-08-04,ETC-USD,-0.03335217056145956,Crypto,Crypto
2022-08-04,ETH-USD,-0.006590196519029812,Crypto,Crypto
2022-08-04,LTC-USD,0.035349499158070286,Crypto,Crypto
2022-08-04,TRX-USD,0.016498381853559563,Crypto,Crypto
2022-08-04,XLM-USD,-0.002399550822355878,Crypto,Crypto
2022-08-04,XRP-USD,0.0040529649302258886,Crypto,Crypto
2022-08-05,ADA-USD,0.035693742531049066,Crypto,Crypto
2022-08-05,BCH-USD,0.048866041393840653,Crypto,Crypto
2022-08-05,BTC-USD,0.029091011085651708,Crypto,Crypto
2022-08-05,EOS-USD,0.059545405568852905,Crypto,Crypto
2022-08-05,ETC-USD,0.09922749492462324,Crypto,Crypto
2022-08-05,ETH-USD,0.07713492098552788,Crypto,Crypto
2022-08-05,LTC-USD,0.04265258116463544,Crypto,Crypto
2022-08-05,TRX-USD,0.01282205762636801,Crypto,Crypto
2022-08-05,XLM-USD,0.038292734454356436,Crypto,Crypto
2022-08-05,XRP-USD,0.014121375177441164,Crypto,Crypto
2022-08-08,ADA-USD,0.017301472471031643,Crypto,Crypto
2022-08-08,BCH-USD,0.01541142062790768,Crypto,Crypto
2022-08-08,BTC-USD,0.02733856978257987,Crypto,Crypto
2022-08-08,EOS-USD,0.017166813554819305,Crypto,Crypto
2022-08-08,ETC-USD,0.007481817281771219,Crypto,Crypto
2022-08-08,ETH-USD,0.044820223025767714,Crypto,Crypto
2022-08-08,LTC-USD,0.02438242476105823,Crypto,Crypto
2022-08-08,TRX-USD,0.006850215755795919,Crypto,Crypto
2022-08-08,XLM-USD,0.051921786674348214,Crypto,Crypto
2022-08-08,XRP-USD,0.0167728772347282,Crypto,Crypto
2022-08-09,ADA-USD,-0.04201303469769302,Crypto,Crypto
2022-08-09,BCH-USD,-0.06127560596146697,Crypto,Crypto
2022-08-09,BTC-USD,-0.02709709734425869,Crypto,Crypto
2022-08-09,EOS-USD,-0.05842983166187332,Crypto,Crypto
2022-08-09,ETC-USD,-0.04165058947903488,Crypto,Crypto
2022-08-09,ETH-USD,-0.04082817853633558,Crypto,Crypto
2022-08-09,LTC-USD,-0.053235614421149546,Crypto,Crypto
2022-08-09,TRX-USD,-0.02333473786677054,Crypto,Crypto
2022-08-09,XLM-USD,-0.060434409144008994,Crypto,Crypto
2022-08-09,XRP-USD,-0.028126407726883795,Crypto,Crypto
2022-08-10,ADA-USD,0.04482233524315604,Crypto,Crypto
2022-08-10,BCH-USD,0.054412734457253586,Crypto,Crypto
2022-08-10,BTC-USD,0.033815983988709775,Crypto,Crypto
2022-08-10,EOS-USD,0.08622359154483994,Crypto,Crypto
2022-08-10,ETC-USD,0.06331010122317893,Crypto,Crypto
2022-08-10,ETH-USD,0.08732558197044393,Crypto,Crypto
2022-08-10,LTC-USD,0.03955202604139285,Crypto,Crypto
2022-08-10,TRX-USD,0.02698830576387934,Crypto,Crypto
2022-08-10,XLM-USD,0.028508276059540316,Crypto,Crypto
2022-08-10,XRP-USD,0.03521862263610176,Crypto,Crypto
2022-08-11,ADA-USD,-0.010864034491464558,Crypto,Crypto
2022-08-11,BCH-USD,0.006354969227213347,Crypto,Crypto
2022-08-11,BTC-USD,0.00041284726535173455,Crypto,Crypto
2022-08-11,EOS-USD,0.026733219264291064,Crypto,Crypto
2022-08-11,ETC-USD,0.09112905942611937,Crypto,Crypto
2022-08-11,ETH-USD,0.015920919087778707,Crypto,Crypto
2022-08-11,LTC-USD,0.004882197623641726,Crypto,Crypto
2022-08-11,TRX-USD,0.00012798699448723916,Crypto,Crypto
2022-08-11,XLM-USD,-0.002926899684827289,Crypto,Crypto
2022-08-11,XRP-USD,-0.0013174133181922398,Crypto,Crypto
2022-08-12,ADA-USD,0.017872709953854038,Crypto,Crypto
2022-08-12,BCH-USD,0.0008635010865534198,Crypto,Crypto
2022-08-12,BTC-USD,0.018586602023192844,Crypto,Crypto
2022-08-12,EOS-USD,0.010877312419439678,Crypto,Crypto
2022-08-12,ETC-USD,0.02810762051372051,Crypto,Crypto
2022-08-12,ETH-USD,0.040411101481618195,Crypto,Crypto
2022-08-12,LTC-USD,0.016599967845546182,Crypto,Crypto
2022-08-12,TRX-USD,0.001706204254874777,Crypto,Crypto
2022-08-12,XLM-USD,0.007649917668114625,Crypto,Crypto
2022-08-12,XRP-USD,-0.0014925320537292341,Crypto,Crypto
2022-08-15,ADA-USD,-0.03361488124699019,Crypto,Crypto
2022-08-15,BCH-USD,-0.014925335611825852,Crypto,Crypto
2022-08-15,BTC-USD,-0.007498615226969818,Crypto,Crypto
2022-08-15,EOS-USD,-0.025558641949417593,Crypto,Crypto
2022-08-15,ETC-USD,0.009580759883547119,Crypto,Crypto
2022-08-15,ETH-USD,-0.016818369924346488,Crypto,Crypto
2022-08-15,LTC-USD,-0.03922430516586184,Crypto,Crypto
2022-08-15,TRX-USD,-0.02079548071484938,Crypto,Crypto
2022-08-15,XLM-USD,-0.01669522015648206,Crypto,Crypto
2022-08-15,XRP-USD,-0.0017983471451239463,Crypto,Crypto
2022-08-16,ADA-USD,0.012235708110043042,Crypto,Crypto
2022-08-16,BCH-USD,-0.006859486222606681,Crypto,Crypto
2022-08-16,BTC-USD,-0.010510085263709001,Crypto,Crypto
2022-08-16,EOS-USD,0.07733857767137065,Crypto,Crypto
2022-08-16,ETC-USD,-0.04869819315779644,Crypto,Crypto
2022-08-16,ETH-USD,-0.01370043034245405,Crypto,Crypto
2022-08-16,LTC-USD,0.00849680941614217,Crypto,Crypto
2022-08-16,TRX-USD,0.011314861723397573,Crypto,Crypto
2022-08-16,XLM-USD,-0.012598387292050983,Crypto,Crypto
2022-08-16,XRP-USD,0.0038932869787118296,Crypto,Crypto
2022-08-17,ADA-USD,-0.03741958022533565,Crypto,Crypto
2022-08-17,BCH-USD,-0.020668079494349456,Crypto,Crypto
2022-08-17,BTC-USD,-0.02291530796119967,Crypto,Crypto
2022-08-17,EOS-USD,0.0755703106251353,Crypto,Crypto
2022-08-17,ETC-USD,0.006425488998786921,Crypto,Crypto
2022-08-17,ETH-USD,-0.02403430246154259,Crypto,Crypto
2022-08-17,LTC-USD,-0.01578325236375977,Crypto,Crypto
2022-08-17,TRX-USD,-0.021472839461445625,Crypto,Crypto
2022-08-17,XLM-USD,-0.007035505604797598,Crypto,Crypto
2022-08-17,XRP-USD,0.006547651823874068,Crypto,Crypto
2022-08-18,ADA-USD,-0.04544371405869674,Crypto,Crypto
2022-08-18,BCH-USD,-0.03354364925214348,Crypto,Crypto
2022-08-18,BTC-USD,-0.005281958173694035,Crypto,Crypto
2022-08-18,EOS-USD,0.0007329975773207043,Crypto,Crypto
2022-08-18,ETC-USD,-0.015422537496979638,Crypto,Crypto
2022-08-18,ETH-USD,0.007642215771740624,Crypto,Crypto
2022-08-18,LTC-USD,-0.005440545083148285,Crypto,Crypto
2022-08-18,TRX-USD,-0.011375135031468808,Crypto,Crypto
2022-08-18,XLM-USD,-0.04222344210243034,Crypto,Crypto
2022-08-18,XRP-USD,-0.023023026794202872,Crypto,Crypto
2022-08-19,ADA-USD,-0.12026735483930984,Crypto,Crypto
2022-08-19,BCH-USD,-0.11346965222357397,Crypto,Crypto
2022-08-19,BTC-USD,-0.10059931398792521,Crypto,Crypto
2022-08-19,EOS-USD,-0.13774876590420926,Crypto,Crypto
2022-08-19,ETC-USD,-0.16770785991580295,Crypto,Crypto
2022-08-19,ETH-USD,-0.12670250024321428,Crypto,Crypto
2022-08-19,LTC-USD,-0.10015808147800054,Crypto,Crypto
2022-08-19,TRX-USD,-0.049834700353931005,Crypto,Crypto
2022-08-19,XLM-USD,-0.06758860866261618,Crypto,Crypto
2022-08-19,XRP-USD,-0.09681775968224993,Crypto,Crypto
2022-08-22,ADA-USD,-0.004530339192632016,Crypto,Crypto
2022-08-22,BCH-USD,0.02973267849441963,Crypto,Crypto
2022-08-22,BTC-USD,-0.006279006699941081,Crypto,Crypto
2022-08-22,EOS-USD,0.17372981746148142,Crypto,Crypto
2022-08-22,ETC-USD,0.010152523520609469,Crypto,Crypto
2022-08-22,ETH-USD,0.0019680431761850414,Crypto,Crypto
2022-08-22,LTC-USD,0.03178202479125791,Crypto,Crypto
2022-08-22,TRX-USD,-0.006410731239346323,Crypto,Crypto
2022-08-22,XLM-USD,-0.013726740869120624,Crypto,Crypto
2022-08-22,XRP-USD,-0.001682574381093982,Crypto,Crypto
2022-08-23,ADA-USD,0.008150516825654597,Crypto,Crypto
2022-08-23,BCH-USD,0.08658090946435237,Crypto,Crypto
2022-08-23,BTC-USD,0.006036741981122917,Crypto,Crypto
2022-08-23,EOS-USD,-0.018678007724924228,Crypto,Crypto
2022-08-23,ETC-USD,0.008457545541859401,Crypto,Crypto
2022-08-23,ETH-USD,0.024815958508431768,Crypto,Crypto
2022-08-23,LTC-USD,-0.003078172154311387,Crypto,Crypto
2022-08-23,TRX-USD,0.010646739052612597,Crypto,Crypto
2022-08-23,XLM-USD,0.01126202316593905,Crypto,Crypto
2022-08-23,XRP-USD,0.006878064396934835,Crypto,Crypto
2022-08-24,ADA-USD,-0.015257764742910518,Crypto,Crypto
2022-08-24,BCH-USD,-0.017098952612855656,Crypto,Crypto
2022-08-24,BTC-USD,-0.006181150878381003,Crypto,Crypto
2022-08-24,EOS-USD,-0.017195784822717664,Crypto,Crypto
2022-08-24,ETC-USD,0.029484841107094706,Crypto,Crypto
2022-08-24,ETH-USD,-0.0034344459615821554,Crypto,Crypto
2022-08-24,LTC-USD,-0.01053382833999339,Crypto,Crypto
2022-08-24,TRX-USD,-0.021204997459799313,Crypto,Crypto
2022-08-24,XLM-USD,-0.012336901304655035,Crypto,Crypto
2022-08-24,XRP-USD,-0.0027283791876940855,Crypto,Crypto
2022-08-25,ADA-USD,0.015040086622155613,Crypto,Crypto
2022-08-25,BCH-USD,-0.004051456839407774,Crypto,Crypto
2022-08-25,BTC-USD,0.009623023027591993,Crypto,Crypto
2022-08-25,EOS-USD,-0.02023029585897318,Crypto,Crypto
2022-08-25,ETC-USD,0.051649881143130516,Crypto,Crypto
2022-08-25,ETH-USD,0.023775751072091955,Crypto,Crypto
2022-08-25,LTC-USD,0.005566882869123546,Crypto,Crypto
2022-08-25,TRX-USD,0.010007327310187941,Crypto,Crypto
2022-08-25,XLM-USD,0.00836080691940877,Crypto,Crypto
2022-08-25,XRP-USD,0.009683763651559207,Crypto,Crypto
2022-08-26,ADA-USD,-0.07341090627649172,Crypto,Crypto
2022-08-26,BCH-USD,-0.1101490608094775,Crypto,Crypto
2022-08-26,BTC-USD,-0.06207539958496022,Crypto,Crypto
2022-08-26,EOS-USD,-0.11472877309289098,Crypto,Crypto
2022-08-26,ETC-USD,-0.08741025297798977,Crypto,Crypto
2022-08-26,ETH-USD,-0.11121660664574373,Crypto,Crypto
2022-08-26,LTC-USD,-0.07127914452022666,Crypto,Crypto
2022-08-26,TRX-USD,-0.05883793833382811,Crypto,Crypto
2022-08-26,XLM-USD,-0.059390689495021576,Crypto,Crypto
2022-08-26,XRP-USD,-0.03183716996415076,Crypto,Crypto
2022-08-29,ADA-USD,0.048027068513276205,Crypto,Crypto
2022-08-29,BCH-USD,0.05415541049821471,Crypto,Crypto
2022-08-29,BTC-USD,0.03472427641744291,Crypto,Crypto
2022-08-29,EOS-USD,0.04877196352798019,Crypto,Crypto
2022-08-29,ETC-USD,0.08779453230308842,Crypto,Crypto
2022-08-29,ETH-USD,0.08562456118434225,Crypto,Crypto
2022-08-29,LTC-USD,0.04028712254081013,Crypto,Crypto
2022-08-29,TRX-USD,0.030746144050940893,Crypto,Crypto
2022-08-29,XLM-USD,0.029294234367783334,Crypto,Crypto
2022-08-29,XRP-USD,0.03312342863183271,Crypto,Crypto
2022-08-30,ADA-USD,0.0032527097814645245,Crypto,Crypto
2022-08-30,BCH-USD,-0.04146009026524211,Crypto,Crypto
2022-08-30,BTC-USD,-0.024691382971281484,Crypto,Crypto
2022-08-30,EOS-USD,-0.0684089256006083,Crypto,Crypto
2022-08-30,ETC-USD,-0.037934466256259514,Crypto,Crypto
2022-08-30,ETH-USD,-0.018800891209749815,Crypto,Crypto
2022-08-30,LTC-USD,-0.04868187427767223,Crypto,Crypto
2022-08-30,TRX-USD,0.021069783537932985,Crypto,Crypto
2022-08-30,XLM-USD,-0.032531701176725325,Crypto,Crypto
2022-08-30,XRP-USD,-0.020755119764357732,Crypto,Crypto
2022-08-31,ADA-USD,-0.01217246669813632,Crypto,Crypto
2022-08-31,BCH-USD,0.00599913295211163,Crypto,Crypto
2022-08-31,BTC-USD,0.012777568511970205,Crypto,Crypto
2022-08-31,EOS-USD,-0.013800263442057759,Crypto,Crypto
2022-08-31,ETC-USD,0.003377537891181337,Crypto,Crypto
2022-08-31,ETH-USD,0.019586105840063928,Crypto,Crypto
2022-08-31,LTC-USD,0.01507535845821173,Crypto,Crypto
2022-08-31,TRX-USD,-0.019923992468344642,Crypto,Crypto
2022-08-31,XLM-USD,0.01810160409135242,Crypto,Crypto
2022-08-31,XRP-USD,0.0030623900428012885,Crypto,Crypto
2022-09-01,ADA-USD,0.02421503390471713,Crypto,Crypto
2022-09-01,BCH-USD,0.011837022494801008,Crypto,Crypto
2022-09-01,BTC-USD,0.0038592451457939436,Crypto,Crypto
2022-09-01,EOS-USD,0.0785574192548919,Crypto,Crypto
2022-09-01,ETC-USD,0.015365403154137036,Crypto,Crypto
2022-09-01,ETH-USD,0.020912747832753542,Crypto,Crypto
2022-09-01,LTC-USD,0.06816810442066945,Crypto,Crypto
2022-09-01,TRX-USD,-0.0024760459126030865,Crypto,Crypto
2022-09-01,XLM-USD,0.0070293793345492794,Crypto,Crypto
2022-09-01,XRP-USD,0.016238070254470882,Crypto,Crypto
2022-09-02,ADA-USD,-0.006387147271606164,Crypto,Crypto
2022-09-02,BCH-USD,-0.002917870651941268,Crypto,Crypto
2022-09-02,BTC-USD,-0.007818752974256604,Crypto,Crypto
2022-09-02,EOS-USD,0.04624644276402701,Crypto,Crypto
2022-09-02,ETC-USD,-0.01356340553087465,Crypto,Crypto
2022-09-02,ETH-USD,-0.005646469590486647,Crypto,Crypto
2022-09-02,LTC-USD,0.061066420911830344,Crypto,Crypto
2022-09-02,TRX-USD,-0.010387346569569966,Crypto,Crypto
2022-09-02,XLM-USD,-0.005370911693422298,Crypto,Crypto
2022-09-02,XRP-USD,-0.005807353846800645,Crypto,Crypto
2022-09-06,ADA-USD,-0.07223698840952819,Crypto,Crypto
2022-09-06,BCH-USD,-0.10478316208439542,Crypto,Crypto
2022-09-06,BTC-USD,-0.04919669232863699,Crypto,Crypto
2022-09-06,EOS-USD,-0.11100585219810766,Crypto,Crypto
2022-09-06,ETC-USD,-0.12378078884445143,Crypto,Crypto
2022-09-06,ETH-USD,-0.0342785476863805,Crypto,Crypto
2022-09-06,LTC-USD,-0.10102130359283534,Crypto,Crypto
2022-09-06,TRX-USD,-0.03478677350625359,Crypto,Crypto
2022-09-06,XLM-USD,-0.04831584877303541,Crypto,Crypto
2022-09-06,XRP-USD,-0.03229223317273355,Crypto,Crypto
2022-09-07,ADA-USD,0.03501872226502423,Crypto,Crypto
2022-09-07,BCH-USD,0.05462323384773238,Crypto,Crypto
2022-09-07,BTC-USD,0.024029314602578067,Crypto,Crypto
2022-09-07,EOS-USD,0.1921498620605171,Crypto,Crypto
2022-09-07,ETC-USD,0.07636679928418943,Crypto,Crypto
2022-09-07,ETH-USD,0.04364200470163615,Crypto,Crypto
2022-09-07,LTC-USD,0.05712880806453624,Crypto,Crypto
2022-09-07,TRX-USD,0.017345513711815252,Crypto,Crypto
2022-09-07,XLM-USD,0.03032122322397579,Crypto,Crypto
2022-09-07,XRP-USD,0.04704728462436214,Crypto,Crypto
2022-09-08,ADA-USD,-1.6664557688117476e-05,Crypto,Crypto
2022-09-08,BCH-USD,0.07162727984864392,Crypto,Crypto
2022-09-08,BTC-USD,0.0020481649337233954,Crypto,Crypto
2022-09-08,EOS-USD,-0.03703209792924278,Crypto,Crypto
2022-09-08,ETC-USD,-0.004032575527606719,Crypto,Crypto
2022-09-08,ETH-USD,0.0033384029125402837,Crypto,Crypto
2022-09-08,LTC-USD,0.010229858893961774,Crypto,Crypto
2022-09-08,TRX-USD,-0.009560146485464327,Crypto,Crypto
2022-09-08,XLM-USD,0.013359958291680574,Crypto,Crypto
2022-09-08,XRP-USD,0.00853079965845005,Crypto,Crypto
2022-09-09,ADA-USD,0.04933705357128981,Crypto,Crypto
2022-09-09,BCH-USD,0.04429263485185864,Crypto,Crypto
2022-09-09,BTC-USD,0.10612188190716765,Crypto,Crypto
2022-09-09,EOS-USD,0.03967407008107915,Crypto,Crypto
2022-09-09,ETC-USD,0.05731056334213158,Crypto,Crypto
2022-09-09,ETH-USD,0.05120488762662756,Crypto,Crypto
2022-09-09,LTC-USD,0.05568007431139055,Crypto,Crypto
2022-09-09,TRX-USD,0.03573523740846629,Crypto,Crypto
2022-09-09,XLM-USD,0.09604296137491009,Crypto,Crypto
2022-09-09,XRP-USD,0.05076340611775976,Crypto,Crypto
2022-09-12,ADA-USD,-0.016097927333245332,Crypto,Crypto
2022-09-12,BCH-USD,-0.011478393945602572,Crypto,Crypto
2022-09-12,BTC-USD,0.027616624254801714,Crypto,Crypto
2022-09-12,EOS-USD,-0.0337629156794087,Crypto,Crypto
2022-09-12,ETC-USD,-0.0030792691809671258,Crypto,Crypto
2022-09-12,ETH-USD,-0.02726460932443109,Crypto,Crypto
2022-09-12,LTC-USD,-0.01416387399165997,Crypto,Crypto
2022-09-12,TRX-USD,-0.004290319940932874,Crypto,Crypto
2022-09-12,XLM-USD,-0.004197605688946782,Crypto,Crypto
2022-09-12,XRP-USD,0.012181876591582208,Crypto,Crypto
2022-09-13,ADA-USD,-0.06512864746357083,Crypto,Crypto
2022-09-13,BCH-USD,-0.07551038764290474,Crypto,Crypto
2022-09-13,BTC-USD,-0.09270006906083372,Crypto,Crypto
2022-09-13,EOS-USD,-0.11126976200157168,Crypto,Crypto
2022-09-13,ETC-USD,-0.05918614931716204,Crypto,Crypto
2022-09-13,ETH-USD,-0.07759364606085906,Crypto,Crypto
2022-09-13,LTC-USD,-0.03682591302925009,Crypto,Crypto
2022-09-13,TRX-USD,-0.04272751511817752,Crypto,Crypto
2022-09-13,XLM-USD,-0.07851938181447249,Crypto,Crypto
2022-09-13,XRP-USD,-0.07164654128651149,Crypto,Crypto
2022-09-14,ADA-USD,0.026648512086287823,Crypto,Crypto
2022-09-14,BCH-USD,0.010016414583502886,Crypto,Crypto
2022-09-14,BTC-USD,-0.0027402074343571003,Crypto,Crypto
2022-09-14,EOS-USD,0.002854640622988569,Crypto,Crypto
2022-09-14,ETC-USD,0.08926133870400421,Crypto,Crypto
2022-09-14,ETH-USD,0.03413932940354747,Crypto,Crypto
2022-09-14,LTC-USD,0.017645482431970283,Crypto,Crypto
2022-09-14,TRX-USD,0.008380256669178632,Crypto,Crypto
2022-09-14,XLM-USD,0.0020871481265938296,Crypto,Crypto
2022-09-14,XRP-USD,0.025142883987151476,Crypto,Crypto
2022-09-15,ADA-USD,-0.032681294017730456,Crypto,Crypto
2022-09-15,BCH-USD,-0.019940007123606773,Crypto,Crypto
2022-09-15,BTC-USD,-0.026672422800232853,Crypto,Crypto
2022-09-15,EOS-USD,-0.06461166767165494,Crypto,Crypto
2022-09-15,ETC-USD,-0.09488338092589466,Crypto,Crypto
2022-09-15,ETH-USD,-0.09974676508128455,Crypto,Crypto
2022-09-15,LTC-USD,-0.06309614167224964,Crypto,Crypto
2022-09-15,TRX-USD,-0.005762263502000153,Crypto,Crypto
2022-09-15,XLM-USD,-0.029225466433628777,Crypto,Crypto
2022-09-15,XRP-USD,-0.04603276755308483,Crypto,Crypto
2022-09-16,ADA-USD,0.01821565216500831,Crypto,Crypto
2022-09-16,BCH-USD,0.01462021870501462,Crypto,Crypto
2022-09-16,BTC-USD,0.003622774615297697,Crypto,Crypto
2022-09-16,EOS-USD,0.02977704718063512,Crypto,Crypto
2022-09-16,ETC-USD,-0.04335069004224468,Crypto,Crypto
2022-09-16,ETH-USD,-0.026667052639602784,Crypto,Crypto
2022-09-16,LTC-USD,-0.008979559342569887,Crypto,Crypto
2022-09-16,TRX-USD,0.0006367045549158235,Crypto,Crypto
2022-09-16,XLM-USD,0.04962031784033538,Crypto,Crypto
2022-09-16,XRP-USD,0.09301171709260636,Crypto,Crypto
2022-09-19,ADA-USD,0.014128356065202574,Crypto,Crypto
2022-09-19,BCH-USD,0.0031857691309651326,Crypto,Crypto
2022-09-19,BTC-USD,0.006417415961943007,Crypto,Crypto
2022-09-19,EOS-USD,0.02061542230589808,Crypto,Crypto
2022-09-19,ETC-USD,0.02980915669988038,Crypto,Crypto
2022-09-19,ETH-USD,0.031611892696747024,Crypto,Crypto
2022-09-19,LTC-USD,0.000578799452414458,Crypto,Crypto
2022-09-19,TRX-USD,-0.008886943168517347,Crypto,Crypto
2022-09-19,XLM-USD,0.042811472481038226,Crypto,Crypto
2022-09-19,XRP-USD,0.08023487679156971,Crypto,Crypto
2022-09-20,ADA-USD,-0.025589619130990338,Crypto,Crypto
2022-09-20,BCH-USD,0.00591208091828932,Crypto,Crypto
2022-09-20,BTC-USD,-0.033428956945789956,Crypto,Crypto
2022-09-20,EOS-USD,0.03102775916506495,Crypto,Crypto
2022-09-20,ETC-USD,-0.04128723001847179,Crypto,Crypto
2022-09-20,ETH-USD,-0.03858555462874502,Crypto,Crypto
2022-09-20,LTC-USD,-0.009717383446734451,Crypto,Crypto
2022-09-20,TRX-USD,-0.009728975325037581,Crypto,Crypto
2022-09-20,XLM-USD,0.049985225798819366,Crypto,Crypto
2022-09-20,XRP-USD,0.07262195185330467,Crypto,Crypto
2022-09-21,ADA-USD,-0.0016745719320702124,Crypto,Crypto
2022-09-21,BCH-USD,-0.03037538109034954,Crypto,Crypto
2022-09-21,BTC-USD,-0.018177571658806957,Crypto,Crypto
2022-09-21,EOS-USD,-0.11414843081712656,Crypto,Crypto
2022-09-21,ETC-USD,-0.04294938850065355,Crypto,Crypto
2022-09-21,ETH-USD,-0.054198909652784066,Crypto,Crypto
2022-09-21,LTC-USD,-0.02148317163333402,Crypto,Crypto
2022-09-21,TRX-USD,-0.009272323901975299,Crypto,Crypto
2022-09-21,XLM-USD,-0.05478356464512901,Crypto,Crypto
2022-09-21,XRP-USD,-0.044209448842636334,Crypto,Crypto
2022-09-22,ADA-USD,0.040364078784881796,Crypto,Crypto
2022-09-22,BCH-USD,0.06464364545559032,Crypto,Crypto
2022-09-22,BTC-USD,0.04669928789927913,Crypto,Crypto
2022-09-22,EOS-USD,0.04254709558093506,Crypto,Crypto
2022-09-22,ETC-USD,0.025887440379298354,Crypto,Crypto
2022-09-22,ETH-USD,0.05993287636350053,Crypto,Crypto
2022-09-22,LTC-USD,0.04439107639805595,Crypto,Crypto
2022-09-22,TRX-USD,0.018008632976894257,Crypto,Crypto
2022-09-22,XLM-USD,0.10825147941106783,Crypto,Crypto
2022-09-22,XRP-USD,0.22244654998618896,Crypto,Crypto
2022-09-23,ADA-USD,0.006220510802908752,Crypto,Crypto
2022-09-23,BCH-USD,0.030221284686267946,Crypto,Crypto
2022-09-23,BTC-USD,-0.005970680514919002,Crypto,Crypto
2022-09-23,EOS-USD,-0.008717243174975353,Crypto,Crypto
2022-09-23,ETC-USD,0.009999796840097552,Crypto,Crypto
2022-09-23,ETH-USD,0.00043635938360231386,Crypto,Crypto
2022-09-23,LTC-USD,0.02951006331426753,Crypto,Crypto
2022-09-23,TRX-USD,0.0031031927022888706,Crypto,Crypto
2022-09-23,XLM-USD,0.0005527359916823738,Crypto,Crypto
2022-09-23,XRP-USD,0.04549559819205773,Crypto,Crypto
2022-09-26,ADA-USD,0.0012752156835766915,Crypto,Crypto
2022-09-26,BCH-USD,0.023810959421790345,Crypto,Crypto
2022-09-26,BTC-USD,0.022368473265013344,Crypto,Crypto
2022-09-26,EOS-USD,0.013941945723692895,Crypto,Crypto
2022-09-26,ETC-USD,0.004158259638217032,Crypto,Crypto
2022-09-26,ETH-USD,0.031759279939756135,Crypto,Crypto
2022-09-26,LTC-USD,0.015201096051412843,Crypto,Crypto
2022-09-26,TRX-USD,-0.002996910591782753,Crypto,Crypto
2022-09-26,XLM-USD,-0.032097015325117106,Crypto,Crypto
2022-09-26,XRP-USD,-0.05064477717511606,Crypto,Crypto
2022-09-27,ADA-USD,-0.010894037674215817,Crypto,Crypto
2022-09-27,BCH-USD,-0.01544990065266627,Crypto,Crypto
2022-09-27,BTC-USD,-0.005832956039052206,Crypto,Crypto
2022-09-27,EOS-USD,-0.021666624148292235,Crypto,Crypto
2022-09-27,ETC-USD,-0.010526778122594393,Crypto,Crypto
2022-09-27,ETH-USD,-0.003888584116399585,Crypto,Crypto
2022-09-27,LTC-USD,-0.013003524335693295,Crypto,Crypto
2022-09-27,TRX-USD,-0.0023175148633435283,Crypto,Crypto
2022-09-27,XLM-USD,-0.029042680483106764,Crypto,Crypto
2022-09-27,XRP-USD,-0.0404167041045278,Crypto,Crypto
2022-09-28,ADA-USD,-0.010409804356376617,Crypto,Crypto
2022-09-28,BCH-USD,-0.001267372523030219,Crypto,Crypto
2022-09-28,BTC-USD,0.016544467837213528,Crypto,Crypto
2022-09-28,EOS-USD,-0.006650514660949569,Crypto,Crypto
2022-09-28,ETC-USD,-0.01684129131769696,Crypto,Crypto
2022-09-28,ETH-USD,0.005475566897929385,Crypto,Crypto
2022-09-28,LTC-USD,0.010830426229584189,Crypto,Crypto
2022-09-28,TRX-USD,0.0031139815961498396,Crypto,Crypto
2022-09-28,XLM-USD,-0.0179830703002255,Crypto,Crypto
2022-09-28,XRP-USD,0.004224811308275012,Crypto,Crypto
2022-09-29,ADA-USD,0.0020123331137467115,Crypto,Crypto
2022-09-29,BCH-USD,0.0216855163119285,Crypto,Crypto
2022-09-29,BTC-USD,0.007532412719634118,Crypto,Crypto
2022-09-29,EOS-USD,0.0488944613447706,Crypto,Crypto
2022-09-29,ETC-USD,0.0049818623924051675,Crypto,Crypto
2022-09-29,ETH-USD,-0.0013148875463555587,Crypto,Crypto
2022-09-29,LTC-USD,0.011360705697612827,Crypto,Crypto
2022-09-29,TRX-USD,0.024112776748687725,Crypto,Crypto
2022-09-29,XLM-USD,0.06449020752241674,Crypto,Crypto
2022-09-29,XRP-USD,0.07709599820606261,Crypto,Crypto
2022-09-30,ADA-USD,-0.008571985326349951,Crypto,Crypto
2022-09-30,BCH-USD,0.02826944609698434,Crypto,Crypto
2022-09-30,BTC-USD,-0.0072171538473359,Crypto,Crypto
2022-09-30,EOS-USD,-0.01940505207179255,Crypto,Crypto
2022-09-30,ETC-USD,-0.0029513638826588195,Crypto,Crypto
2022-09-30,ETH-USD,-0.005745287005705868,Crypto,Crypto
2022-09-30,LTC-USD,-0.009589518160161958,Crypto,Crypto
2022-09-30,TRX-USD,-0.00029493712229877733,Crypto,Crypto
2022-09-30,XLM-USD,-0.007786386321356753,Crypto,Crypto
2022-09-30,XRP-USD,-0.011625077081797941,Crypto,Crypto
2022-10-03,ADA-USD,0.0199340977307203,Crypto,Crypto
2022-10-03,BCH-USD,0.016225105212302804,Crypto,Crypto
2022-10-03,BTC-USD,0.030427924155919772,Crypto,Crypto
2022-10-03,EOS-USD,0.024531348153696397,Crypto,Crypto
2022-10-03,ETC-USD,0.019875575361258502,Crypto,Crypto
2022-10-03,ETH-USD,0.037102064157215064,Crypto,Crypto
2022-10-03,LTC-USD,0.04362367060217487,Crypto,Crypto
2022-10-03,TRX-USD,0.00845938724331452,Crypto,Crypto
2022-10-03,XLM-USD,-0.013696398151854305,Crypto,Crypto
2022-10-03,XRP-USD,0.031255421735224775,Crypto,Crypto
2022-10-04,ADA-USD,0.018147261759612565,Crypto,Crypto
2022-10-04,BCH-USD,0.04288151259428852,Crypto,Crypto
2022-10-04,BTC-USD,0.036347275524413414,Crypto,Crypto
2022-10-04,EOS-USD,0.010099838138022177,Crypto,Crypto
2022-10-04,ETC-USD,0.017330183060149773,Crypto,Crypto
2022-10-04,ETH-USD,0.02923245561039156,Crypto,Crypto
2022-10-04,LTC-USD,0.02071487557217422,Crypto,Crypto
2022-10-04,TRX-USD,0.01508295406292337,Crypto,Crypto
2022-10-04,XLM-USD,0.01876919115201292,Crypto,Crypto
2022-10-04,XRP-USD,0.037363982507451654,Crypto,Crypto
2022-10-05,ADA-USD,-0.010308273640122212,Crypto,Crypto
2022-10-05,BCH-USD,0.008026980783861992,Crypto,Crypto
2022-10-05,BTC-USD,-0.008660486125090072,Crypto,Crypto
2022-10-05,EOS-USD,-0.020486273128845878,Crypto,Crypto
2022-10-05,ETC-USD,-0.011163940853987864,Crypto,Crypto
2022-10-05,ETH-USD,-0.006819798394790189,Crypto,Crypto
2022-10-05,LTC-USD,-0.013004961313892838,Crypto,Crypto
2022-10-05,TRX-USD,0.0017008890842660218,Crypto,Crypto
2022-10-05,XLM-USD,-0.0016534957950328222,Crypto,Crypto
2022-10-05,XRP-USD,0.019803231958160694,Crypto,Crypto
2022-10-06,ADA-USD,-0.005996218261183794,Crypto,Crypto
2022-10-06,BCH-USD,-0.03092818256687313,Crypto,Crypto
2022-10-06,BTC-USD,-0.01018185214187517,Crypto,Crypto
2022-10-06,EOS-USD,-0.016625073887582942,Crypto,Crypto
2022-10-06,ETC-USD,0.006745464888963104,Crypto,Crypto
2022-10-06,ETH-USD,-0.0008335707960394068,Crypto,Crypto
2022-10-06,LTC-USD,-0.019891473351506428,Crypto,Crypto
2022-10-06,TRX-USD,0.005734796285236543,Crypto,Crypto
2022-10-06,XLM-USD,0.004102720731862464,Crypto,Crypto
2022-10-06,XRP-USD,0.007149519187318321,Crypto,Crypto
2022-10-07,ADA-USD,-0.010186905225950782,Crypto,Crypto
2022-10-07,BCH-USD,-0.013847707171611656,Crypto,Crypto
2022-10-07,BTC-USD,-0.02047530303595302,Crypto,Crypto
2022-10-07,EOS-USD,-0.0301787921654163,Crypto,Crypto
2022-10-07,ETC-USD,-0.011925881310039466,Crypto,Crypto
2022-10-07,ETH-USD,-0.01419869082155445,Crypto,Crypto
2022-10-07,LTC-USD,-0.011715507010677695,Crypto,Crypto
2022-10-07,TRX-USD,-0.004539366771863729,Crypto,Crypto
2022-10-07,XLM-USD,0.02418929326752184,Crypto,Crypto
2022-10-07,XRP-USD,0.050881623232643,Crypto,Crypto
2022-10-10,ADA-USD,-0.05027754060121836,Crypto,Crypto
2022-10-10,BCH-USD,-0.046896448491080545,Crypto,Crypto
2022-10-10,BTC-USD,-0.01568110303046133,Crypto,Crypto
2022-10-10,EOS-USD,-0.07597535191563942,Crypto,Crypto
2022-10-10,ETC-USD,-0.10205848229109571,Crypto,Crypto
2022-10-10,ETH-USD,-0.023640179296771646,Crypto,Crypto
2022-10-10,LTC-USD,-0.02140906227363293,Crypto,Crypto
2022-10-10,TRX-USD,0.006487556108803139,Crypto,Crypto
2022-10-10,XLM-USD,-0.03901735608247037,Crypto,Crypto
2022-10-10,XRP-USD,-0.06936853191893755,Crypto,Crypto
2022-10-11,ADA-USD,-0.02802627819605752,Crypto,Crypto
2022-10-11,BCH-USD,-0.005524857351337897,Crypto,Crypto
2022-10-11,BTC-USD,-0.00470529894576166,Crypto,Crypto
2022-10-11,EOS-USD,0.006407096184271932,Crypto,Crypto
2022-10-11,ETC-USD,-0.020476771027723162,Crypto,Crypto
2022-10-11,ETH-USD,-0.009108355915005362,Crypto,Crypto
2022-10-11,LTC-USD,-0.013978603630637854,Crypto,Crypto
2022-10-11,TRX-USD,-0.01917808349128114,Crypto,Crypto
2022-10-11,XLM-USD,-0.06316784912654427,Crypto,Crypto
2022-10-11,XRP-USD,-0.023373537553647128,Crypto,Crypto
2022-10-12,ADA-USD,-0.02365955177625012,Crypto,Crypto
2022-10-12,BCH-USD,0.007098828246340894,Crypto,Crypto
2022-10-12,BTC-USD,0.005565325579645286,Crypto,Crypto
2022-10-12,EOS-USD,-0.0030161307224116918,Crypto,Crypto
2022-10-12,ETC-USD,0.0037441434700016263,Crypto,Crypto
2022-10-12,ETH-USD,0.011981072064065401,Crypto,Crypto
2022-10-12,LTC-USD,0.0039010533416024007,Crypto,Crypto
2022-10-12,TRX-USD,0.00241777848489666,Crypto,Crypto
2022-10-12,XLM-USD,0.003431228936607411,Crypto,Crypto
2022-10-12,XRP-USD,0.0061248631672647935,Crypto,Crypto
2022-10-13,ADA-USD,-0.009603960512118426,Crypto,Crypto
2022-10-13,BCH-USD,-0.026132735100460214,Crypto,Crypto
2022-10-13,BTC-USD,0.011768739552548313,Crypto,Crypto
2022-10-13,EOS-USD,-0.0219384651714688,Crypto,Crypto
2022-10-13,ETC-USD,-0.03423044041768242,Crypto,Crypto
2022-10-13,ETH-USD,-0.005237807805579919,Crypto,Crypto
2022-10-13,LTC-USD,-0.01872535567919764,Crypto,Crypto
2022-10-13,TRX-USD,-0.012415825030035466,Crypto,Crypto
2022-10-13,XLM-USD,-0.03672991007771864,Crypto,Crypto
2022-10-13,XRP-USD,-0.015475946815819208,Crypto,Crypto
2022-10-14,ADA-USD,-0.028564418425104265,Crypto,Crypto
2022-10-14,BCH-USD,-0.013109371219520938,Crypto,Crypto
2022-10-14,BTC-USD,-0.010176392755898878,Crypto,Crypto
2022-10-14,EOS-USD,-0.007737417721305095,Crypto,Crypto
2022-10-14,ETC-USD,0.006974740512235567,Crypto,Crypto
2022-10-14,ETH-USD,0.007218418789969316,Crypto,Crypto
2022-10-14,LTC-USD,0.0014065925754542796,Crypto,Crypto
2022-10-14,TRX-USD,0.048058497235662356,Crypto,Crypto
2022-10-14,XLM-USD,0.00299691231042698,Crypto,Crypto
2022-10-14,XRP-USD,0.016958758905607718,Crypto,Crypto
2022-10-17,ADA-USD,0.005574116896932102,Crypto,Crypto
2022-10-17,BCH-USD,0.002275054433690471,Crypto,Crypto
2022-10-17,BTC-USD,0.014670058500208416,Crypto,Crypto
2022-10-17,EOS-USD,0.011536175103466606,Crypto,Crypto
2022-10-17,ETC-USD,0.03128580567110695,Crypto,Crypto
2022-10-17,ETH-USD,0.019457289858260562,Crypto,Crypto
2022-10-17,LTC-USD,0.007049579953605001,Crypto,Crypto
2022-10-17,TRX-USD,0.013652347690393585,Crypto,Crypto
2022-10-17,XLM-USD,0.006873045352579821,Crypto,Crypto
2022-10-17,XRP-USD,0.006096290094840695,Crypto,Crypto
2022-10-18,ADA-USD,-0.02826676378130799,Crypto,Crypto
2022-10-18,BCH-USD,-0.016841660231481814,Crypto,Crypto
2022-10-18,BTC-USD,-0.011065647631146036,Crypto,Crypto
2022-10-18,EOS-USD,-0.015239616577654491,Crypto,Crypto
2022-10-18,ETC-USD,-0.018451990594859136,Crypto,Crypto
2022-10-18,ETH-USD,-0.01596935046278447,Crypto,Crypto
2022-10-18,LTC-USD,0.0006397091626380025,Crypto,Crypto
2022-10-18,TRX-USD,-0.00789917289222819,Crypto,Crypto
2022-10-18,XLM-USD,-0.016041370684628298,Crypto,Crypto
2022-10-18,XRP-USD,-0.02904869140483335,Crypto,Crypto
2022-10-19,ADA-USD,-0.0325797639585641,Crypto,Crypto
2022-10-19,BCH-USD,-0.023603583360800373,Crypto,Crypto
2022-10-19,BTC-USD,-0.010079479991405349,Crypto,Crypto
2022-10-19,EOS-USD,-0.04287701468587746,Crypto,Crypto
2022-10-19,ETC-USD,-0.04522768530800747,Crypto,Crypto
2022-10-19,ETH-USD,-0.01885063522910002,Crypto,Crypto
2022-10-19,LTC-USD,-0.017163085156565727,Crypto,Crypto
2022-10-19,TRX-USD,-0.006224836163922887,Crypto,Crypto
2022-10-19,XLM-USD,-0.014986578431816944,Crypto,Crypto
2022-10-19,XRP-USD,-0.03165393012890971,Crypto,Crypto
2022-10-20,ADA-USD,-0.027934568597609677,Crypto,Crypto
2022-10-20,BCH-USD,0.002207263731793585,Crypto,Crypto
2022-10-20,BTC-USD,-0.004482602172654282,Crypto,Crypto
2022-10-20,EOS-USD,0.03811578240021429,Crypto,Crypto
2022-10-20,ETC-USD,-0.0301310027643803,Crypto,Crypto
2022-10-20,ETH-USD,-0.001978103293734268,Crypto,Crypto
2022-10-20,LTC-USD,0.004008277818678074,Crypto,Crypto
2022-10-20,TRX-USD,0.0069598283917247095,Crypto,Crypto
2022-10-20,XLM-USD,-0.005995501086852761,Crypto,Crypto
2022-10-20,XRP-USD,-0.006965479589867485,Crypto,Crypto
2022-10-21,ADA-USD,0.025930561625922,Crypto,Crypto
2022-10-21,BCH-USD,0.0057848202896397805,Crypto,Crypto
2022-10-21,BTC-USD,0.006231244583192241,Crypto,Crypto
2022-10-21,EOS-USD,0.028305438763302604,Crypto,Crypto
2022-10-21,ETC-USD,0.016987622088387333,Crypto,Crypto
2022-10-21,ETH-USD,0.013049775009127629,Crypto,Crypto
2022-10-21,LTC-USD,0.0084461959367228,Crypto,Crypto
2022-10-21,TRX-USD,-0.008856673657611336,Crypto,Crypto
2022-10-21,XLM-USD,0.007630406814480795,Crypto,Crypto
2022-10-21,XRP-USD,0.02904363652132691,Crypto,Crypto
2022-10-24,ADA-USD,-0.011715036659180833,Crypto,Crypto
2022-10-24,BCH-USD,-0.02664973178603014,Crypto,Crypto
2022-10-24,BTC-USD,-0.011316781236911488,Crypto,Crypto
2022-10-24,EOS-USD,-0.02435902311951077,Crypto,Crypto
2022-10-24,ETC-USD,-0.03186247028200073,Crypto,Crypto
2022-10-24,ETH-USD,-0.013530768733529763,Crypto,Crypto
2022-10-24,LTC-USD,-0.025599873857764077,Crypto,Crypto
2022-10-24,TRX-USD,-0.008322544158957945,Crypto,Crypto
2022-10-24,XLM-USD,-0.014604212957996299,Crypto,Crypto
2022-10-24,XRP-USD,-0.03243268453138293,Crypto,Crypto
2022-10-25,ADA-USD,0.12332024283109289,Crypto,Crypto
2022-10-25,BCH-USD,0.045069918762403516,Crypto,Crypto
2022-10-25,BTC-USD,0.03878330120960949,Crypto,Crypto
2022-10-25,EOS-USD,0.03100339049842815,Crypto,Crypto
2022-10-25,ETC-USD,0.0917860750355588,Crypto,Crypto
2022-10-25,ETH-USD,0.0867412618435559,Crypto,Crypto
2022-10-25,LTC-USD,0.06574014463113365,Crypto,Crypto
2022-10-25,TRX-USD,0.017061847527843677,Crypto,Crypto
2022-10-25,XLM-USD,0.015364529972311303,Crypto,Crypto
2022-10-25,XRP-USD,0.017017730707435508,Crypto,Crypto
2022-10-26,ADA-USD,0.003741415173645679,Crypto,Crypto
2022-10-26,BCH-USD,0.015902741605001935,Crypto,Crypto
2022-10-26,BTC-USD,0.03356831063305088,Crypto,Crypto
2022-10-26,EOS-USD,0.024506217559715937,Crypto,Crypto
2022-10-26,ETC-USD,0.03049111137185334,Crypto,Crypto
2022-10-26,ETH-USD,0.07176830260791678,Crypto,Crypto
2022-10-26,LTC-USD,0.006542128236389777,Crypto,Crypto
2022-10-26,TRX-USD,0.016343000791352535,Crypto,Crypto
2022-10-26,XLM-USD,0.014123204559717495,Crypto,Crypto
2022-10-26,XRP-USD,0.01696910933516671,Crypto,Crypto
2022-10-27,ADA-USD,-0.036667406507670974,Crypto,Crypto
2022-10-27,BCH-USD,-0.017753742622664492,Crypto,Crypto
2022-10-27,BTC-USD,-0.0233314959115013,Crypto,Crypto
2022-10-27,EOS-USD,-0.0016011332821582736,Crypto,Crypto
2022-10-27,ETC-USD,-0.02711850661859616,Crypto,Crypto
2022-10-27,ETH-USD,-0.03331602421634816,Crypto,Crypto
2022-10-27,LTC-USD,-0.02809046225530587,Crypto,Crypto
2022-10-27,TRX-USD,-0.007141549166819305,Crypto,Crypto
2022-10-27,XLM-USD,-0.020687370434202434,Crypto,Crypto
2022-10-27,XRP-USD,-0.014847382274330578,Crypto,Crypto
2022-10-28,ADA-USD,0.040674388750567614,Crypto,Crypto
2022-10-28,BCH-USD,0.026854917114541133,Crypto,Crypto
2022-10-28,BTC-USD,0.015257721000682789,Crypto,Crypto
2022-10-28,EOS-USD,0.011523853847876131,Crypto,Crypto
2022-10-28,ETC-USD,0.02831226633160422,Crypto,Crypto
2022-10-28,ETH-USD,0.027141910462713303,Crypto,Crypto
2022-10-28,LTC-USD,0.003581419880972936,Crypto,Crypto
2022-10-28,TRX-USD,0.009257061897588237,Crypto,Crypto
2022-10-28,XLM-USD,0.012593709072655557,Crypto,Crypto
2022-10-28,XRP-USD,0.02502989854731341,Crypto,Crypto
2022-10-31,ADA-USD,0.000711796742909776,Crypto,Crypto
2022-10-31,BCH-USD,-0.010146468913219242,Crypto,Crypto
2022-10-31,BTC-USD,-0.006776156462742766,Crypto,Crypto
2022-10-31,EOS-USD,0.03565506231608184,Crypto,Crypto
2022-10-31,ETC-USD,-0.010367958739022964,Crypto,Crypto
2022-10-31,ETH-USD,-0.011358459301194612,Crypto,Crypto
2022-10-31,LTC-USD,-0.005508594019616564,Crypto,Crypto
2022-10-31,TRX-USD,0.0027243428994909724,Crypto,Crypto
2022-10-31,XLM-USD,0.00177128735230081,Crypto,Crypto
2022-10-31,XRP-USD,0.01627204020074635,Crypto,Crypto
2022-11-01,ADA-USD,-0.012142691699670305,Crypto,Crypto
2022-11-01,BCH-USD,-0.0009115377561749183,Crypto,Crypto
2022-11-01,BTC-USD,-0.0005123007449325812,Crypto,Crypto
2022-11-01,EOS-USD,-0.007346225241462778,Crypto,Crypto
2022-11-01,ETC-USD,-0.009403623757315405,Crypto,Crypto
2022-11-01,ETH-USD,0.004444616238050703,Crypto,Crypto
2022-11-01,LTC-USD,0.0007761743827274792,Crypto,Crypto
2022-11-01,TRX-USD,-0.007787285384490805,Crypto,Crypto
2022-11-01,XLM-USD,-0.013373276264106448,Crypto,Crypto
2022-11-01,XRP-USD,-0.002871779362706217,Crypto,Crypto
2022-11-02,ADA-USD,-0.0381811586111207,Crypto,Crypto
2022-11-02,BCH-USD,-0.013031498471069769,Crypto,Crypto
2022-11-02,BTC-USD,-0.015902620594443806,Crypto,Crypto
2022-11-02,EOS-USD,-0.0215929521078847,Crypto,Crypto
2022-11-02,ETC-USD,-0.046426443079214064,Crypto,Crypto
2022-11-02,ETH-USD,-0.03797722576567086,Crypto,Crypto
2022-11-02,LTC-USD,0.09852267573586304,Crypto,Crypto
2022-11-02,TRX-USD,-0.019963439196848398,Crypto,Crypto
2022-11-02,XLM-USD,-0.020813991144649546,Crypto,Crypto
2022-11-02,XRP-USD,-0.029495624916565766,Crypto,Crypto
2022-11-03,ADA-USD,0.008661505395667124,Crypto,Crypto
2022-11-03,BCH-USD,0.019834109247641063,Crypto,Crypto
2022-11-03,BTC-USD,0.0025042468919260763,Crypto,Crypto
2022-11-03,EOS-USD,0.027913504894021113,Crypto,Crypto
2022-11-03,ETC-USD,0.04639275621103356,Crypto,Crypto
2022-11-03,ETH-USD,0.007784341818641627,Crypto,Crypto
2022-11-03,LTC-USD,0.02250463762640198,Crypto,Crypto
2022-11-03,TRX-USD,0.0037036263805090286,Crypto,Crypto
2022-11-03,XLM-USD,0.01008934217710511,Crypto,Crypto
2022-11-03,XRP-USD,0.009450505098844042,Crypto,Crypto
2022-11-04,ADA-USD,0.08244311695463757,Crypto,Crypto
2022-11-04,BCH-USD,0.07105988011007214,Crypto,Crypto
2022-11-04,BTC-USD,0.0463751969796804,Crypto,Crypto
2022-11-04,EOS-USD,0.04129925739898699,Crypto,Crypto
2022-11-04,ETC-USD,0.07440238210982231,Crypto,Crypto
2022-11-04,ETH-USD,0.074142044046136,Crypto,Crypto
2022-11-04,LTC-USD,0.0916531180637914,Crypto,Crypto
2022-11-04,TRX-USD,0.03178563974080384,Crypto,Crypto
2022-11-04,XLM-USD,0.06364742397014167,Crypto,Crypto
2022-11-04,XRP-USD,0.1082514459988857,Crypto,Crypto
2022-11-07,ADA-USD,0.0031116048358732495,Crypto,Crypto
2022-11-07,BCH-USD,0.008823663835989981,Crypto,Crypto
2022-11-07,BTC-USD,-0.015466997985227438,Crypto,Crypto
2022-11-07,EOS-USD,0.017442188298296246,Crypto,Crypto
2022-11-07,ETC-USD,0.008036656813394272,Crypto,Crypto
2022-11-07,ETH-USD,-0.002317359184151657,Crypto,Crypto
2022-11-07,LTC-USD,-0.006371121140049341,Crypto,Crypto
2022-11-07,TRX-USD,-0.007537490063893815,Crypto,Crypto
2022-11-07,XLM-USD,0.005771069073875701,Crypto,Crypto
2022-11-07,XRP-USD,-0.01022588079008091,Crypto,Crypto
2022-11-08,ADA-USD,-0.08020844721670939,Crypto,Crypto
2022-11-08,BCH-USD,-0.12345588833863852,Crypto,Crypto
2022-11-08,BTC-USD,-0.10006131594948431,Crypto,Crypto
2022-11-08,EOS-USD,-0.1515183733124439,Crypto,Crypto
2022-11-08,ETC-USD,-0.12762194887499012,Crypto,Crypto
2022-11-08,ETH-USD,-0.1502977455077471,Crypto,Crypto
2022-11-08,LTC-USD,-0.1516647423719325,Crypto,Crypto
2022-11-08,TRX-USD,-0.056470747977050095,Crypto,Crypto
2022-11-08,XLM-USD,-0.09852905400797407,Crypto,Crypto
2022-11-08,XRP-USD,-0.12796842440684286,Crypto,Crypto
2022-11-09,ADA-USD,-0.1452180504122932,Crypto,Crypto
2022-11-09,BCH-USD,-0.13402882533850757,Crypto,Crypto
2022-11-09,BTC-USD,-0.14349022466876316,Crypto,Crypto
2022-11-09,EOS-USD,-0.14620379859967836,Crypto,Crypto
2022-11-09,ETC-USD,-0.1604949434498839,Crypto,Crypto
2022-11-09,ETH-USD,-0.17456449729905577,Crypto,Crypto
2022-11-09,LTC-USD,-0.11732035477497149,Crypto,Crypto
2022-11-09,TRX-USD,-0.08891654045217112,Crypto,Crypto
2022-11-09,XLM-USD,-0.16329046823704196,Crypto,Crypto
2022-11-09,XRP-USD,-0.17984604459468778,Crypto,Crypto
2022-11-10,ADA-USD,0.1609001166449755,Crypto,Crypto
2022-11-10,BCH-USD,0.15081810914690985,Crypto,Crypto
2022-11-10,BTC-USD,0.10742489862358795,Crypto,Crypto
2022-11-10,EOS-USD,0.14321586830674038,Crypto,Crypto
2022-11-10,ETC-USD,0.19697191169633488,Crypto,Crypto
2022-11-10,ETH-USD,0.18114912792558768,Crypto,Crypto
2022-11-10,LTC-USD,0.19152682690050082,Crypto,Crypto
2022-11-10,TRX-USD,0.07818747065806719,Crypto,Crypto
2022-11-10,XLM-USD,0.17396608854454887,Crypto,Crypto
2022-11-10,XRP-USD,0.18765782513464813,Crypto,Crypto
2022-11-11,ADA-USD,-0.038782910396683135,Crypto,Crypto
2022-11-11,BCH-USD,-0.0009385044043078716,Crypto,Crypto
2022-11-11,BTC-USD,-0.03141443647663533,Crypto,Crypto
2022-11-11,EOS-USD,-0.00453344798801103,Crypto,Crypto
2022-11-11,ETC-USD,-0.022368374082366138,Crypto,Crypto
2022-11-11,ETH-USD,-0.009421980619647496,Crypto,Crypto
2022-11-11,LTC-USD,0.01459930451875735,Crypto,Crypto
2022-11-11,TRX-USD,-0.03211833521262886,Crypto,Crypto
2022-11-11,XLM-USD,-0.020345214882217078,Crypto,Crypto
2022-11-11,XRP-USD,-0.029178340726831564,Crypto,Crypto
2022-11-14,ADA-USD,0.005216198571049935,Crypto,Crypto
2022-11-14,BCH-USD,0.040093433307298865,Crypto,Crypto
2022-11-14,BTC-USD,0.016194463988263186,Crypto,Crypto
2022-11-14,EOS-USD,0.029647019529035257,Crypto,Crypto
2022-11-14,ETC-USD,0.02156876687045961,Crypto,Crypto
2022-11-14,ETH-USD,0.016193094653558227,Crypto,Crypto
2022-11-14,LTC-USD,-0.016368436775833772,Crypto,Crypto
2022-11-14,TRX-USD,-0.015267972964396526,Crypto,Crypto
2022-11-14,XLM-USD,0.03169333389238349,Crypto,Crypto
2022-11-14,XRP-USD,0.10611354143942098,Crypto,Crypto
2022-11-15,ADA-USD,0.015549252110798273,Crypto,Crypto
2022-11-15,BCH-USD,0.0020968717191520714,Crypto,Crypto
2022-11-15,BTC-USD,0.016031463998783302,Crypto,Crypto
2022-11-15,EOS-USD,0.014283828189754377,Crypto,Crypto
2022-11-15,ETC-USD,0.008133317591649591,Crypto,Crypto
2022-11-15,ETH-USD,0.008160376403149927,Crypto,Crypto
2022-11-15,LTC-USD,0.025838400992711064,Crypto,Crypto
2022-11-15,TRX-USD,0.01111469246989416,Crypto,Crypto
2022-11-15,XLM-USD,0.014311748177341377,Crypto,Crypto
2022-11-15,XRP-USD,0.03218591474803434,Crypto,Crypto
2022-11-16,ADA-USD,-0.013729660016770229,Crypto,Crypto
2022-11-16,BCH-USD,0.0059539380241264706,Crypto,Crypto
2022-11-16,BTC-USD,-0.0127437818409466,Crypto,Crypto
2022-11-16,EOS-USD,-0.028584432439113572,Crypto,Crypto
2022-11-16,ETC-USD,-0.030023623396823074,Crypto,Crypto
2022-11-16,ETH-USD,-0.028866838569826303,Crypto,Crypto
2022-11-16,LTC-USD,-0.008461714704789958,Crypto,Crypto
2022-11-16,TRX-USD,-0.009137404624488643,Crypto,Crypto
2022-11-16,XLM-USD,-0.027505426819800505,Crypto,Crypto
2022-11-16,XRP-USD,-0.03145260025983765,Crypto,Crypto
2022-11-17,ADA-USD,-0.022633597447262344,Crypto,Crypto
2022-11-17,BCH-USD,-0.006873273064857743,Crypto,Crypto
2022-11-17,BTC-USD,0.0010845070736082985,Crypto,Crypto
2022-11-17,EOS-USD,0.0010617758442881264,Crypto,Crypto
2022-11-17,ETC-USD,-0.014167424290186581,Crypto,Crypto
2022-11-17,ETH-USD,-0.012170051342529575,Crypto,Crypto
2022-11-17,LTC-USD,0.08636999890897656,Crypto,Crypto
2022-11-17,TRX-USD,-0.0032265371738469106,Crypto,Crypto
2022-11-17,XLM-USD,0.005952605468992456,Crypto,Crypto
2022-11-17,XRP-USD,0.016590496576820657,Crypto,Crypto
2022-11-18,ADA-USD,0.004192575743828808,Crypto,Crypto
2022-11-18,BCH-USD,0.009268720769621375,Crypto,Crypto
2022-11-18,BTC-USD,0.0006148167681003791,Crypto,Crypto
2022-11-18,EOS-USD,-0.0006874826391600752,Crypto,Crypto
2022-11-18,ETC-USD,-0.004962174976228972,Crypto,Crypto
2022-11-18,ETH-USD,0.009569967502366605,Crypto,Crypto
2022-11-18,LTC-USD,0.0025550316865199374,Crypto,Crypto
2022-11-18,TRX-USD,0.012388603616120486,Crypto,Crypto
2022-11-18,XLM-USD,-0.011668958567698007,Crypto,Crypto
2022-11-18,XRP-USD,0.001356648195507626,Crypto,Crypto
2022-11-21,ADA-USD,-0.024844159200189675,Crypto,Crypto
2022-11-21,BCH-USD,-0.015651943180304717,Crypto,Crypto
2022-11-21,BTC-USD,-0.030969374751391165,Crypto,Crypto
2022-11-21,EOS-USD,-0.0271632389529316,Crypto,Crypto
2022-11-21,ETC-USD,-0.00834045717657439,Crypto,Crypto
2022-11-21,ETH-USD,-0.0298596433605115,Crypto,Crypto
2022-11-21,LTC-USD,-0.010142161048259157,Crypto,Crypto
2022-11-21,TRX-USD,0.02742029966118298,Crypto,Crypto
2022-11-21,XLM-USD,-0.02599966851119706,Crypto,Crypto
2022-11-21,XRP-USD,0.007885147122745462,Crypto,Crypto
2022-11-22,ADA-USD,0.024212992841230463,Crypto,Crypto
2022-11-22,BCH-USD,0.055355050892354596,Crypto,Crypto
2022-11-22,BTC-USD,0.025494274188105903,Crypto,Crypto
2022-11-22,EOS-USD,0.034879087656617624,Crypto,Crypto
2022-11-22,ETC-USD,0.022542509021489465,Crypto,Crypto
2022-11-22,ETH-USD,0.024198458350936924,Crypto,Crypto
2022-11-22,LTC-USD,0.14777236086065915,Crypto,Crypto
2022-11-22,TRX-USD,-0.015231095101136072,Crypto,Crypto
2022-11-22,XLM-USD,0.03178108702655136,Crypto,Crypto
2022-11-22,XRP-USD,0.03087179467907797,Crypto,Crypto
2022-11-23,ADA-USD,0.020501862824212402,Crypto,Crypto
2022-11-23,BCH-USD,0.054395338868709064,Crypto,Crypto
2022-11-23,BTC-USD,0.02600021570334854,Crypto,Crypto
2022-11-23,EOS-USD,0.036435568261685924,Crypto,Crypto
2022-11-23,ETC-USD,0.10426339725678724,Crypto,Crypto
2022-11-23,ETH-USD,0.04230729897957275,Crypto,Crypto
2022-11-23,LTC-USD,0.12147834124221624,Crypto,Crypto
2022-11-23,TRX-USD,0.02196541532479568,Crypto,Crypto
2022-11-23,XLM-USD,0.018056013924442782,Crypto,Crypto
2022-11-23,XRP-USD,0.014678512436449465,Crypto,Crypto
2022-11-25,ADA-USD,-0.004641963021755902,Crypto,Crypto
2022-11-25,BCH-USD,-0.01807890015713054,Crypto,Crypto
2022-11-25,BTC-USD,-0.004975953615638518,Crypto,Crypto
2022-11-25,EOS-USD,0.023649648590061467,Crypto,Crypto
2022-11-25,ETC-USD,-0.0060977888437717676,Crypto,Crypto
2022-11-25,ETH-USD,-0.004200433335394882,Crypto,Crypto
2022-11-25,LTC-USD,-0.06090622482137542,Crypto,Crypto
2022-11-25,TRX-USD,0.0012668861212645766,Crypto,Crypto
2022-11-25,XLM-USD,-0.007523108523769251,Crypto,Crypto
2022-11-25,XRP-USD,0.015970507864670802,Crypto,Crypto
2022-11-28,ADA-USD,-0.01841549239351803,Crypto,Crypto
2022-11-28,BCH-USD,-0.01043070214483477,Crypto,Crypto
2022-11-28,BTC-USD,-0.013822428939733733,Crypto,Crypto
2022-11-28,EOS-USD,-0.027107307115458834,Crypto,Crypto
2022-11-28,ETC-USD,-0.02487820431656451,Crypto,Crypto
2022-11-28,ETH-USD,-0.02095239457105269,Crypto,Crypto
2022-11-28,LTC-USD,-0.012313992108138438,Crypto,Crypto
2022-11-28,TRX-USD,-0.0038694401071242,Crypto,Crypto
2022-11-28,XLM-USD,-0.031150555646519695,Crypto,Crypto
2022-11-28,XRP-USD,-0.01638770650140675,Crypto,Crypto
2022-11-29,ADA-USD,0.008712150952314035,Crypto,Crypto
2022-11-29,BCH-USD,0.009365822865873286,Crypto,Crypto
2022-11-29,BTC-USD,0.014038085481754337,Crypto,Crypto
2022-11-29,EOS-USD,0.015311779962937422,Crypto,Crypto
2022-11-29,ETC-USD,0.009850656054265494,Crypto,Crypto
2022-11-29,ETH-USD,0.040009927654150346,Crypto,Crypto
2022-11-29,LTC-USD,0.025142237546842194,Crypto,Crypto
2022-11-29,TRX-USD,0.00531758817331518,Crypto,Crypto
2022-11-29,XLM-USD,0.014953968659531025,Crypto,Crypto
2022-11-29,XRP-USD,0.02108789263779154,Crypto,Crypto
2022-11-30,ADA-USD,0.030742904064637866,Crypto,Crypto
2022-11-30,BCH-USD,0.020509268996204977,Crypto,Crypto
2022-11-30,BTC-USD,0.044000289316970864,Crypto,Crypto
2022-11-30,EOS-USD,0.034951266914752255,Crypto,Crypto
2022-11-30,ETC-USD,0.03944387135074523,Crypto,Crypto
2022-11-30,ETH-USD,0.06474424595402373,Crypto,Crypto
2022-11-30,LTC-USD,0.043613711544283174,Crypto,Crypto
2022-11-30,TRX-USD,0.024609430764192197,Crypto,Crypto
2022-11-30,XLM-USD,0.013030047253159038,Crypto,Crypto
2022-11-30,XRP-USD,0.025577793007372618,Crypto,Crypto
2022-12-01,ADA-USD,-0.013795033204865303,Crypto,Crypto
2022-12-01,BCH-USD,-0.02718964545913971,Crypto,Crypto
2022-12-01,BTC-USD,-0.011732697360023692,Crypto,Crypto
2022-12-01,EOS-USD,-0.0199372562228316,Crypto,Crypto
2022-12-01,ETC-USD,-0.027637935886688836,Crypto,Crypto
2022-12-01,ETH-USD,-0.014984057799110495,Crypto,Crypto
2022-12-01,LTC-USD,-0.02244328756943259,Crypto,Crypto
2022-12-01,TRX-USD,-0.00862241869779945,Crypto,Crypto
2022-12-01,XLM-USD,-0.025234946439306016,Crypto,Crypto
2022-12-01,XRP-USD,-0.029443886788168894,Crypto,Crypto
2022-12-02,ADA-USD,0.015654170092449737,Crypto,Crypto
2022-12-02,BCH-USD,0.014747915151816171,Crypto,Crypto
2022-12-02,BTC-USD,0.007162515027905547,Crypto,Crypto
2022-12-02,EOS-USD,0.012776695011234018,Crypto,Crypto
2022-12-02,ETC-USD,0.006479436125589766,Crypto,Crypto
2022-12-02,ETH-USD,0.014126606037395906,Crypto,Crypto
2022-12-02,LTC-USD,0.0055919822369896455,Crypto,Crypto
2022-12-02,TRX-USD,0.004930365263350556,Crypto,Crypto
2022-12-02,XLM-USD,0.006591971895317794,Crypto,Crypto
2022-12-02,XRP-USD,-0.001096586121638543,Crypto,Crypto
2022-12-05,ADA-USD,-0.010017089127087875,Crypto,Crypto
2022-12-05,BCH-USD,-0.006815845801629972,Crypto,Crypto
2022-12-05,BTC-USD,-0.00908673304822849,Crypto,Crypto
2022-12-05,EOS-USD,-0.0007208408755773332,Crypto,Crypto
2022-12-05,ETC-USD,-0.0036432651890609957,Crypto,Crypto
2022-12-05,ETH-USD,-0.016074772913678648,Crypto,Crypto
2022-12-05,LTC-USD,0.03949071950158056,Crypto,Crypto
2022-12-05,TRX-USD,0.0020866779521142576,Crypto,Crypto
2022-12-05,XLM-USD,-0.011064723032069956,Crypto,Crypto
2022-12-05,XRP-USD,-0.002945718944654452,Crypto,Crypto
2022-12-06,ADA-USD,-0.003295523238932563,Crypto,Crypto
2022-12-06,BCH-USD,0.014789512883325528,Crypto,Crypto
2022-12-06,BTC-USD,0.006755753090715411,Crypto,Crypto
2022-12-06,EOS-USD,0.030804870701336196,Crypto,Crypto
2022-12-06,ETC-USD,0.005735792131690953,Crypto,Crypto
2022-12-06,ETH-USD,0.009508035062938625,Crypto,Crypto
2022-12-06,LTC-USD,-0.004264896578064059,Crypto,Crypto
2022-12-06,TRX-USD,0.0066972759430599105,Crypto,Crypto
2022-12-06,XLM-USD,-0.008840269412997204,Crypto,Crypto
2022-12-06,XRP-USD,0.006442721883804348,Crypto,Crypto
2022-12-07,ADA-USD,-0.025572814365575347,Crypto,Crypto
2022-12-07,BCH-USD,-0.02526153149005106,Crypto,Crypto
2022-12-07,BTC-USD,-0.01412428087141393,Crypto,Crypto
2022-12-07,EOS-USD,0.034010375766569956,Crypto,Crypto
2022-12-07,ETC-USD,-0.043243580181327235,Crypto,Crypto
2022-12-07,ETH-USD,-0.030838824473082838,Crypto,Crypto
2022-12-07,LTC-USD,-0.03610007948119376,Crypto,Crypto
2022-12-07,TRX-USD,-0.010305188214220218,Crypto,Crypto
2022-12-07,XLM-USD,-0.021182934867837844,Crypto,Crypto
2022-12-07,XRP-USD,-0.021354554189259134,Crypto,Crypto
2022-12-08,ADA-USD,0.014575306808253918,Crypto,Crypto
2022-12-08,BCH-USD,0.024249064507368745,Crypto,Crypto
2022-12-08,BTC-USD,0.022871839541696026,Crypto,Crypto
2022-12-08,EOS-USD,0.0033104004543247356,Crypto,Crypto
2022-12-08,ETC-USD,0.024848901391609113,Crypto,Crypto
2022-12-08,ETH-USD,0.0394980134958669,Crypto,Crypto
2022-12-08,LTC-USD,0.01757376003612854,Crypto,Crypto
2022-12-08,TRX-USD,0.02604076684764589,Crypto,Crypto
2022-12-08,XLM-USD,0.015305588894468869,Crypto,Crypto
2022-12-08,XRP-USD,0.028207981956484884,Crypto,Crypto
2022-12-09,ADA-USD,-0.010055774225420588,Crypto,Crypto
2022-12-09,BCH-USD,-0.01877426011033334,Crypto,Crypto
2022-12-09,BTC-USD,-0.005821360340788395,Crypto,Crypto
2022-12-09,EOS-USD,0.037129282880999925,Crypto,Crypto
2022-12-09,ETC-USD,-0.0013950850387053348,Crypto,Crypto
2022-12-09,ETH-USD,-0.013138184671514397,Crypto,Crypto
2022-12-09,LTC-USD,-0.026219018976386455,Crypto,Crypto
2022-12-09,TRX-USD,0.0029545546992206795,Crypto,Crypto
2022-12-09,XLM-USD,-0.004873050287956482,Crypto,Crypto
2022-12-09,XRP-USD,-0.013666338009838297,Crypto,Crypto
2022-12-12,ADA-USD,-0.002476400155427494,Crypto,Crypto
2022-12-12,BCH-USD,-0.0008846215326494544,Crypto,Crypto
2022-12-12,BTC-USD,0.005977723618808328,Crypto,Crypto
2022-12-12,EOS-USD,-0.02253703440611199,Crypto,Crypto
2022-12-12,ETC-USD,-0.01952656551962262,Crypto,Crypto
2022-12-12,ETH-USD,0.00850601785212901,Crypto,Crypto
2022-12-12,LTC-USD,-0.005305167610002326,Crypto,Crypto
2022-12-12,TRX-USD,-0.00826674600916244,Crypto,Crypto
2022-12-12,XLM-USD,0.004301854086415036,Crypto,Crypto
2022-12-12,XRP-USD,0.014787221011866913,Crypto,Crypto
2022-12-13,ADA-USD,0.019273558840094962,Crypto,Crypto
2022-12-13,BCH-USD,0.03570658676528815,Crypto,Crypto
2022-12-13,BTC-USD,0.033410801008343594,Crypto,Crypto
2022-12-13,EOS-USD,0.017914576032253215,Crypto,Crypto
2022-12-13,ETC-USD,0.03818825014103511,Crypto,Crypto
2022-12-13,ETH-USD,0.03603443469196854,Crypto,Crypto
2022-12-13,LTC-USD,0.014732784358913564,Crypto,Crypto
2022-12-13,TRX-USD,0.01734416634714564,Crypto,Crypto
2022-12-13,XLM-USD,-0.0033816206460264286,Crypto,Crypto
2022-12-13,XRP-USD,0.019897011920959384,Crypto,Crypto
2022-12-14,ADA-USD,-0.015121536878380804,Crypto,Crypto
2022-12-14,BCH-USD,-0.008459290035039646,Crypto,Crypto
2022-12-14,BTC-USD,0.0019307922256450727,Crypto,Crypto
2022-12-14,EOS-USD,-0.020515634081856082,Crypto,Crypto
2022-12-14,ETC-USD,-0.02416185772806756,Crypto,Crypto
2022-12-14,ETH-USD,-0.008496812562910572,Crypto,Crypto
2022-12-14,LTC-USD,-0.024159730179322825,Crypto,Crypto
2022-12-14,TRX-USD,0.02265170619228485,Crypto,Crypto
2022-12-14,XLM-USD,-0.011667555477969382,Crypto,Crypto
2022-12-14,XRP-USD,-0.02198926593803341,Crypto,Crypto
2022-12-15,ADA-USD,-0.025745263612167224,Crypto,Crypto
2022-12-15,BCH-USD,-0.017008378884123987,Crypto,Crypto
2022-12-15,BTC-USD,-0.02530276169357326,Crypto,Crypto
2022-12-15,EOS-USD,-0.02393507743256984,Crypto,Crypto
2022-12-15,ETC-USD,-0.03436482598910329,Crypto,Crypto
2022-12-15,ETH-USD,-0.03282205022719986,Crypto,Crypto
2022-12-15,LTC-USD,-0.04160785268274658,Crypto,Crypto
2022-12-15,TRX-USD,0.0019401410505497374,Crypto,Crypto
2022-12-15,XLM-USD,-0.014069889023016646,Crypto,Crypto
2022-12-15,XRP-USD,-0.021161196498323043,Crypto,Crypto
2022-12-16,ADA-USD,-0.12035601048895306,Crypto,Crypto
2022-12-16,BCH-USD,-0.06580944101547381,Crypto,Crypto
2022-12-16,BTC-USD,-0.04131220425223303,Crypto,Crypto
2022-12-16,EOS-USD,-0.08519904054338567,Crypto,Crypto
2022-12-16,ETC-USD,-0.12209162228254589,Crypto,Crypto
2022-12-16,ETH-USD,-0.07746214058242495,Crypto,Crypto
2022-12-16,LTC-USD,-0.0830667782564466,Crypto,Crypto
2022-12-16,TRX-USD,-0.05054322753452689,Crypto,Crypto
2022-12-16,XLM-USD,-0.08897192800776033,Crypto,Crypto
2022-12-16,XRP-USD,-0.06939834194905448,Crypto,Crypto
2022-12-19,ADA-USD,-0.05027884951078243,Crypto,Crypto
2022-12-19,BCH-USD,-0.03468748045512904,Crypto,Crypto
2022-12-19,BTC-USD,-0.01899375344110854,Crypto,Crypto
2022-12-19,EOS-USD,-0.044074549147292696,Crypto,Crypto
2022-12-19,ETC-USD,-0.0503884747435871,Crypto,Crypto
2022-12-19,ETH-USD,-0.014438361671959554,Crypto,Crypto
2022-12-19,LTC-USD,-0.018785783027757463,Crypto,Crypto
2022-12-19,TRX-USD,-0.002900279985477816,Crypto,Crypto
2022-12-19,XLM-USD,-0.04190765684159847,Crypto,Crypto
2022-12-19,XRP-USD,-0.03254636155482582,Crypto,Crypto
2022-12-20,ADA-USD,0.023969789541946396,Crypto,Crypto
2022-12-20,BCH-USD,0.03279455377639562,Crypto,Crypto
2022-12-20,BTC-USD,0.028384068842582266,Crypto,Crypto
2022-12-20,EOS-USD,0.0533498035207669,Crypto,Crypto
2022-12-20,ETC-USD,0.05188837019268688,Crypto,Crypto
2022-12-20,ETH-USD,0.04290281503722926,Crypto,Crypto
2022-12-20,LTC-USD,0.03796808783313699,Crypto,Crypto
2022-12-20,TRX-USD,0.025227534308138067,Crypto,Crypto
2022-12-20,XLM-USD,0.035564957629751426,Crypto,Crypto
2022-12-20,XRP-USD,0.030994257993648633,Crypto,Crypto
2022-12-21,ADA-USD,-0.022597833832499137,Crypto,Crypto
2022-12-21,BCH-USD,-0.014262285780713424,Crypto,Crypto
2022-12-21,BTC-USD,-0.005250676176186131,Crypto,Crypto
2022-12-21,EOS-USD,-0.003131060696244914,Crypto,Crypto
2022-12-21,ETC-USD,0.04211147726598008,Crypto,Crypto
2022-12-21,ETH-USD,-0.0033699807166168716,Crypto,Crypto
2022-12-21,LTC-USD,-0.005399239455480709,Crypto,Crypto
2022-12-21,TRX-USD,-0.002509836771517282,Crypto,Crypto
2022-12-21,XLM-USD,-0.01190836012625307,Crypto,Crypto
2022-12-21,XRP-USD,-0.009597191438753816,Crypto,Crypto
2022-12-22,ADA-USD,0.013308118405465086,Crypto,Crypto
2022-12-22,BCH-USD,0.010157908159036833,Crypto,Crypto
2022-12-22,BTC-USD,0.0007615052090579333,Crypto,Crypto
2022-12-22,EOS-USD,-0.0014674425901096688,Crypto,Crypto
2022-12-22,ETC-USD,-0.007907032466754504,Crypto,Crypto
2022-12-22,ETH-USD,0.003775670247603724,Crypto,Crypto
2022-12-22,LTC-USD,0.011626439070808958,Crypto,Crypto
2022-12-22,TRX-USD,0.01285393977631677,Crypto,Crypto
2022-12-22,XLM-USD,0.008376396190055813,Crypto,Crypto
2022-12-22,XRP-USD,0.010346147734314748,Crypto,Crypto
2022-12-23,ADA-USD,0.01132839747364045,Crypto,Crypto
2022-12-23,BCH-USD,0.005816001108583935,Crypto,Crypto
2022-12-23,BTC-USD,-0.001983838015767403,Crypto,Crypto
2022-12-23,EOS-USD,-0.0010703516557611925,Crypto,Crypto
2022-12-23,ETC-USD,-0.005822311241030498,Crypto,Crypto
2022-12-23,ETH-USD,0.0016231521337866095,Crypto,Crypto
2022-12-23,LTC-USD,-0.0057360293920905026,Crypto,Crypto
2022-12-23,TRX-USD,-0.023689512816616465,Crypto,Crypto
2022-12-23,XLM-USD,-0.004675049475548865,Crypto,Crypto
2022-12-23,XRP-USD,0.013366717164100983,Crypto,Crypto
2022-12-27,ADA-USD,-0.018571674105161917,Crypto,Crypto
2022-12-27,BCH-USD,-0.01637593473270471,Crypto,Crypto
2022-12-27,BTC-USD,-0.011975957353969946,Crypto,Crypto
2022-12-27,EOS-USD,0.009239307326598167,Crypto,Crypto
2022-12-27,ETC-USD,-0.02534542937916273,Crypto,Crypto
2022-12-27,ETH-USD,-0.011559116196452335,Crypto,Crypto
2022-12-27,LTC-USD,-0.027401049845592884,Crypto,Crypto
2022-12-27,TRX-USD,-0.008175671010812735,Crypto,Crypto
2022-12-27,XLM-USD,-0.014030678850851519,Crypto,Crypto
2022-12-27,XRP-USD,0.006570521857409695,Crypto,Crypto
2022-12-28,ADA-USD,-0.046057507485491755,Crypto,Crypto
2022-12-28,BCH-USD,-0.024727861850782462,Crypto,Crypto
2022-12-28,BTC-USD,-0.009846255365429935,Crypto,Crypto
2022-12-28,EOS-USD,-0.027646082188649057,Crypto,Crypto
2022-12-28,ETC-USD,-0.046101650398290395,Crypto,Crypto
2022-12-28,ETH-USD,-0.018804171717317075,Crypto,Crypto
2022-12-28,LTC-USD,-0.035038796234704406,Crypto,Crypto
2022-12-28,TRX-USD,0.0007208084787291291,Crypto,Crypto
2022-12-28,XLM-USD,-0.03180603989749253,Crypto,Crypto
2022-12-28,XRP-USD,-0.03149739654908468,Crypto,Crypto
2022-12-29,ADA-USD,-0.01706268131277422,Crypto,Crypto
2022-12-29,BCH-USD,-0.007825423174807056,Crypto,Crypto
2022-12-29,BTC-USD,0.0054232979508825885,Crypto,Crypto
2022-12-29,EOS-USD,-0.0062694442515154325,Crypto,Crypto
2022-12-29,ETC-USD,0.0409951347289097,Crypto,Crypto
2022-12-29,ETH-USD,0.009755788816300015,Crypto,Crypto
2022-12-29,LTC-USD,0.006210672240320347,Crypto,Crypto
2022-12-29,TRX-USD,-0.002419426193155827,Crypto,Crypto
2022-12-29,XLM-USD,0.0035246990506760945,Crypto,Crypto
2022-12-29,XRP-USD,-0.03838372608655127,Crypto,Crypto
2022-12-30,ADA-USD,0.005804030991778619,Crypto,Crypto
2022-12-30,BCH-USD,-0.017828394367560008,Crypto,Crypto
2022-12-30,BTC-USD,-0.002388838052975517,Crypto,Crypto
2022-12-30,EOS-USD,-0.00311115187607669,Crypto,Crypto
2022-12-30,ETC-USD,-0.01232546381256483,Crypto,Crypto
2022-12-30,ETH-USD,-0.001966176761464933,Crypto,Crypto
2022-12-30,LTC-USD,0.01862079457120469,Crypto,Crypto
2022-12-30,TRX-USD,0.006664885887726957,Crypto,Crypto
2022-12-30,XLM-USD,0.004317555358823499,Crypto,Crypto
2022-12-30,XRP-USD,0.006332230615725631,Crypto,Crypto
2023-01-03,ADA-USD,-0.004065725073482018,Crypto,Crypto
2023-01-03,BCH-USD,0.003416593382980615,Crypto,Crypto
2023-01-03,BTC-USD,-0.000516121662866742,Crypto,Crypto
2023-01-03,EOS-USD,-0.0018821338193766302,Crypto,Crypto
2023-01-03,ETC-USD,-0.013599928123315341,Crypto,Crypto
2023-01-03,ETH-USD,0.00010059829352737637,Crypto,Crypto
2023-01-03,LTC-USD,0.009882260573348178,Crypto,Crypto
2023-01-03,TRX-USD,-0.0058741353391380535,Crypto,Crypto
2023-01-03,XLM-USD,-0.000935997045560355,Crypto,Crypto
2023-01-03,XRP-USD,-0.01357604685317959,Crypto,Crypto
2023-01-04,ADA-USD,0.05886570657969781,Crypto,Crypto
2023-01-04,BCH-USD,0.018398329714483408,Crypto,Crypto
2023-01-04,BTC-USD,0.010994150293785143,Crypto,Crypto
2023-01-04,EOS-USD,0.030567563477605475,Crypto,Crypto
2023-01-04,ETC-USD,0.20719556337595058,Crypto,Crypto
2023-01-04,ETH-USD,0.03436658792451519,Crypto,Crypto
2023-01-04,LTC-USD,-0.002232930348961548,Crypto,Crypto
2023-01-04,TRX-USD,-0.0018419578179974527,Crypto,Crypto
2023-01-04,XLM-USD,0.002539099389064381,Crypto,Crypto
2023-01-04,XRP-USD,0.011546597029909123,Crypto,Crypto
2023-01-05,ADA-USD,0.005323572800400855,Crypto,Crypto
2023-01-05,BCH-USD,-0.003923679542489289,Crypto,Crypto
2023-01-05,BTC-USD,-0.0015715814888571655,Crypto,Crypto
2023-01-05,EOS-USD,-0.01740038183669379,Crypto,Crypto
2023-01-05,ETC-USD,-0.050623219647585316,Crypto,Crypto
2023-01-05,ETH-USD,-0.004845112423745301,Crypto,Crypto
2023-01-05,LTC-USD,-0.01568389989838448,Crypto,Crypto
2023-01-05,TRX-USD,-0.019568052265690805,Crypto,Crypto
2023-01-05,XLM-USD,-0.012812181511790977,Crypto,Crypto
2023-01-05,XRP-USD,-0.028048171255772303,Crypto,Crypto
2023-01-06,ADA-USD,0.03548842053853085,Crypto,Crypto
2023-01-06,BCH-USD,0.005361468944070857,Crypto,Crypto
2023-01-06,BTC-USD,0.006844106816741524,Crypto,Crypto
2023-01-06,EOS-USD,0.00414160448008194,Crypto,Crypto
2023-01-06,ETC-USD,0.12214984105590099,Crypto,Crypto
2023-01-06,ETH-USD,0.015147028977039678,Crypto,Crypto
2023-01-06,LTC-USD,0.02345789781182095,Crypto,Crypto
2023-01-06,TRX-USD,-0.02174762565764965,Crypto,Crypto
2023-01-06,XLM-USD,0.0295376837474306,Crypto,Crypto
2023-01-06,XRP-USD,0.019542072276044875,Crypto,Crypto
2023-01-09,ADA-USD,0.07412825443333015,Crypto,Crypto
2023-01-09,BCH-USD,0.0356513613064906,Crypto,Crypto
2023-01-09,BTC-USD,0.006167530562816603,Crypto,Crypto
2023-01-09,EOS-USD,0.03057362536460495,Crypto,Crypto
2023-01-09,ETC-USD,-0.008355099863224691,Crypto,Crypto
2023-01-09,ETH-USD,0.026550037838815266,Crypto,Crypto
2023-01-09,LTC-USD,0.05232906281111971,Crypto,Crypto
2023-01-09,TRX-USD,0.015070137078777135,Crypto,Crypto
2023-01-09,XLM-USD,0.029752888935575594,Crypto,Crypto
2023-01-09,XRP-USD,0.01152999941665267,Crypto,Crypto
2023-01-10,ADA-USD,0.01701033732803503,Crypto,Crypto
2023-01-10,BCH-USD,0.003255162887781049,Crypto,Crypto
2023-01-10,BTC-USD,0.014522576515372032,Crypto,Crypto
2023-01-10,EOS-USD,0.010389936790141885,Crypto,Crypto
2023-01-10,ETC-USD,0.0047724756475582275,Crypto,Crypto
2023-01-10,ETH-USD,0.011386058087499595,Crypto,Crypto
2023-01-10,LTC-USD,-0.010517710856327134,Crypto,Crypto
2023-01-10,TRX-USD,0.0028557876995038978,Crypto,Crypto
2023-01-10,XLM-USD,0.0011199544854998411,Crypto,Crypto
2023-01-10,XRP-USD,0.005441692284658517,Crypto,Crypto
2023-01-11,ADA-USD,0.0007844807908941043,Crypto,Crypto
2023-01-11,BCH-USD,0.021331513327430107,Crypto,Crypto
2023-01-11,BTC-USD,0.02800615102017323,Crypto,Crypto
2023-01-11,EOS-USD,0.032643492607105085,Crypto,Crypto
2023-01-11,ETC-USD,0.013503899719821577,Crypto,Crypto
2023-01-11,ETH-USD,0.03841629150614301,Crypto,Crypto
2023-01-11,LTC-USD,0.03934837747542019,Crypto,Crypto
2023-01-11,TRX-USD,0.031105106677934202,Crypto,Crypto
2023-01-11,XLM-USD,0.02324211427763867,Crypto,Crypto
2023-01-11,XRP-USD,0.0652458082223768,Crypto,Crypto
2023-01-12,ADA-USD,0.02171656559084645,Crypto,Crypto
2023-01-12,BCH-USD,0.09073797031140418,Crypto,Crypto
2023-01-12,BTC-USD,0.052115795988246116,Crypto,Crypto
2023-01-12,EOS-USD,0.012619910113433441,Crypto,Crypto
2023-01-12,ETC-USD,0.01935201069791992,Crypto,Crypto
2023-01-12,ETH-USD,0.021619013988194213,Crypto,Crypto
2023-01-12,LTC-USD,0.022527729619691517,Crypto,Crypto
2023-01-12,TRX-USD,0.011064678165608077,Crypto,Crypto
2023-01-12,XLM-USD,0.0029605355287145585,Crypto,Crypto
2023-01-12,XRP-USD,0.0027768974051785023,Crypto,Crypto
2023-01-13,ADA-USD,0.04855993424940008,Crypto,Crypto
2023-01-13,BCH-USD,0.038762986203920935,Crypto,Crypto
2023-01-13,BTC-USD,0.05511441660269112,Crypto,Crypto
2023-01-13,EOS-USD,0.020452518625811766,Crypto,Crypto
2023-01-13,ETC-USD,0.033113460193509026,Crypto,Crypto
2023-01-13,ETH-USD,0.02375024880007759,Crypto,Crypto
2023-01-13,LTC-USD,0.004371687320606776,Crypto,Crypto
2023-01-13,TRX-USD,0.050778321577011454,Crypto,Crypto
2023-01-13,XLM-USD,0.03598552738109406,Crypto,Crypto
2023-01-13,XRP-USD,0.02827049351039701,Crypto,Crypto
2023-01-17,ADA-USD,-0.012224282320736357,Crypto,Crypto
2023-01-17,BCH-USD,-0.009246329366660921,Crypto,Crypto
2023-01-17,BTC-USD,-0.00038325091993141047,Crypto,Crypto
2023-01-17,EOS-USD,-0.011842137372384931,Crypto,Crypto
2023-01-17,ETC-USD,-0.0005457074243953031,Crypto,Crypto
2023-01-17,ETH-USD,-0.0056996675806778585,Crypto,Crypto
2023-01-17,LTC-USD,0.01494870216590849,Crypto,Crypto
2023-01-17,TRX-USD,-0.011276655695469207,Crypto,Crypto
2023-01-17,XLM-USD,-0.01572170308193621,Crypto,Crypto
2023-01-17,XRP-USD,0.002936011689773199,Crypto,Crypto
2023-01-18,ADA-USD,-0.05473721609396598,Crypto,Crypto
2023-01-18,BCH-USD,-0.030212980967527336,Crypto,Crypto
2023-01-18,BTC-USD,-0.022339524368838015,Crypto,Crypto
2023-01-18,EOS-USD,-0.06295822017493236,Crypto,Crypto
2023-01-18,ETC-USD,-0.06532354288795905,Crypto,Crypto
2023-01-18,ETH-USD,-0.033382812478710555,Crypto,Crypto
2023-01-18,LTC-USD,-0.04984185965860255,Crypto,Crypto
2023-01-18,TRX-USD,-0.04411432680885485,Crypto,Crypto
2023-01-18,XLM-USD,-0.044145015754989525,Crypto,Crypto
2023-01-18,XRP-USD,-0.021301945620643248,Crypto,Crypto
2023-01-19,ADA-USD,0.037523469778639296,Crypto,Crypto
2023-01-19,BCH-USD,0.02161133259431569,Crypto,Crypto
2023-01-19,BTC-USD,0.019238045679950355,Crypto,Crypto
2023-01-19,EOS-USD,0.022323802481680755,Crypto,Crypto
2023-01-19,ETC-USD,0.015519927034928216,Crypto,Crypto
2023-01-19,ETH-USD,0.024446974889233086,Crypto,Crypto
2023-01-19,LTC-USD,0.01760113435349453,Crypto,Crypto
2023-01-19,TRX-USD,0.01949054888225832,Crypto,Crypto
2023-01-19,XLM-USD,0.021880976746607272,Crypto,Crypto
2023-01-19,XRP-USD,0.03777292013946276,Crypto,Crypto
2023-01-20,ADA-USD,0.07516096026515084,Crypto,Crypto
2023-01-20,BCH-USD,0.05128422350593964,Crypto,Crypto
2023-01-20,BTC-USD,0.07539125404137925,Crypto,Crypto
2023-01-20,EOS-USD,0.06744091863015811,Crypto,Crypto
2023-01-20,ETC-USD,0.08507978373645941,Crypto,Crypto
2023-01-20,ETH-USD,0.0690458804911851,Crypto,Crypto
2023-01-20,LTC-USD,0.07432965849710316,Crypto,Crypto
2023-01-20,TRX-USD,0.044519798419515366,Crypto,Crypto
2023-01-20,XLM-USD,0.053276463245832684,Crypto,Crypto
2023-01-20,XRP-USD,0.04966922551575581,Crypto,Crypto
2023-01-23,ADA-USD,-0.0028944165892843543,Crypto,Crypto
2023-01-23,BCH-USD,0.03703239762444155,Crypto,Crypto
2023-01-23,BTC-USD,0.009419529327844067,Crypto,Crypto
2023-01-23,EOS-USD,0.012460624472923287,Crypto,Crypto
2023-01-23,ETC-USD,0.010021334680341498,Crypto,Crypto
2023-01-23,ETH-USD,-8.043655534839544e-05,Crypto,Crypto
2023-01-23,LTC-USD,0.0273416754339868,Crypto,Crypto
2023-01-23,TRX-USD,0.018547632608415965,Crypto,Crypto
2023-01-23,XLM-USD,0.03780926608474178,Crypto,Crypto
2023-01-23,XRP-USD,0.059795439646445514,Crypto,Crypto
2023-01-24,ADA-USD,-0.04316060630375518,Crypto,Crypto
2023-01-24,BCH-USD,-0.038245094926139034,Crypto,Crypto
2023-01-24,BTC-USD,-0.012991945703908492,Crypto,Crypto
2023-01-24,EOS-USD,-0.05433932453780166,Crypto,Crypto
2023-01-24,ETC-USD,-0.0686223975840281,Crypto,Crypto
2023-01-24,ETH-USD,-0.04400233517182761,Crypto,Crypto
2023-01-24,LTC-USD,-0.031358120821249114,Crypto,Crypto
2023-01-24,TRX-USD,-0.0416885279341932,Crypto,Crypto
2023-01-24,XLM-USD,-0.042052192546060185,Crypto,Crypto
2023-01-24,XRP-USD,-0.04056072069858163,Crypto,Crypto
2023-01-25,ADA-USD,0.03927942311247823,Crypto,Crypto
2023-01-25,BCH-USD,0.02803976630415983,Crypto,Crypto
2023-01-25,BTC-USD,0.021266153759075257,Crypto,Crypto
2023-01-25,EOS-USD,0.05357387918082379,Crypto,Crypto
2023-01-25,ETC-USD,0.03117494196831383,Crypto,Crypto
2023-01-25,ETH-USD,0.035401940854640435,Crypto,Crypto
2023-01-25,LTC-USD,0.024977742501742783,Crypto,Crypto
2023-01-25,TRX-USD,0.0272074777079081,Crypto,Crypto
2023-01-25,XLM-USD,0.021645252575144935,Crypto,Crypto
2023-01-25,XRP-USD,0.024493038459393324,Crypto,Crypto
2023-01-26,ADA-USD,0.017806211870169397,Crypto,Crypto
2023-01-26,BCH-USD,0.01611574655631065,Crypto,Crypto
2023-01-26,BTC-USD,-0.003680359408276712,Crypto,Crypto
2023-01-26,EOS-USD,-0.0027513129305920536,Crypto,Crypto
2023-01-26,ETC-USD,0.00565781707260804,Crypto,Crypto
2023-01-26,ETH-USD,-0.005339109940311948,Crypto,Crypto
2023-01-26,LTC-USD,-0.020044048200702158,Crypto,Crypto
2023-01-26,TRX-USD,-0.0017948765058580785,Crypto,Crypto
2023-01-26,XLM-USD,-0.005169573551276896,Crypto,Crypto
2023-01-26,XRP-USD,-0.018171231164805235,Crypto,Crypto
2023-01-27,ADA-USD,0.023469998111766976,Crypto,Crypto
2023-01-27,BCH-USD,0.00668489640824288,Crypto,Crypto
2023-01-27,BTC-USD,0.0019950339114214177,Crypto,Crypto
2023-01-27,EOS-USD,0.020537786380351086,Crypto,Crypto
2023-01-27,ETC-USD,0.0004380922941031873,Crypto,Crypto
2023-01-27,ETH-USD,-0.0030874209336673175,Crypto,Crypto
2023-01-27,LTC-USD,0.014343682018026271,Crypto,Crypto
2023-01-27,TRX-USD,0.029984993472549792,Crypto,Crypto
2023-01-27,XLM-USD,0.005718218923596696,Crypto,Crypto
2023-01-27,XRP-USD,0.006554500971711397,Crypto,Crypto
2023-01-30,ADA-USD,-0.06005861908558374,Crypto,Crypto
2023-01-30,BCH-USD,-0.042522701575357535,Crypto,Crypto
2023-01-30,BTC-USD,-0.03930367092328346,Crypto,Crypto
2023-01-30,EOS-USD,-0.060499458170715004,Crypto,Crypto
2023-01-30,ETC-USD,-0.062103055975393895,Crypto,Crypto
2023-01-30,ETH-USD,-0.04788678522483769,Crypto,Crypto
2023-01-30,LTC-USD,-0.03984869326328477,Crypto,Crypto
2023-01-30,TRX-USD,-0.02424994913741496,Crypto,Crypto
2023-01-30,XLM-USD,-0.04761752612634018,Crypto,Crypto
2023-01-30,XRP-USD,-0.046338000129072965,Crypto,Crypto
2023-01-31,ADA-USD,0.049434792643964,Crypto,Crypto
2023-01-31,BCH-USD,0.01902692079722068,Crypto,Crypto
2023-01-31,BTC-USD,0.013097316769725253,Crypto,Crypto
2023-01-31,EOS-USD,0.015236372344547222,Crypto,Crypto
2023-01-31,ETC-USD,0.01623319422747138,Crypto,Crypto
2023-01-31,ETH-USD,0.012255813857491304,Crypto,Crypto
2023-01-31,LTC-USD,0.03337273605056024,Crypto,Crypto
2023-01-31,TRX-USD,-0.00043377036335812136,Crypto,Crypto
2023-01-31,XLM-USD,0.00893899036153667,Crypto,Crypto
2023-01-31,XRP-USD,0.029899298934606966,Crypto,Crypto
2023-02-01,ADA-USD,0.016159041875995817,Crypto,Crypto
2023-02-01,BCH-USD,0.021702556584729304,Crypto,Crypto
2023-02-01,BTC-USD,0.025259482888651652,Crypto,Crypto
2023-02-01,EOS-USD,0.013587714183437294,Crypto,Crypto
2023-02-01,ETC-USD,0.030430468286701817,Crypto,Crypto
2023-02-01,ETH-USD,0.034828926102213,Crypto,Crypto
2023-02-01,LTC-USD,0.06505817054444685,Crypto,Crypto
2023-02-01,TRX-USD,0.01563807661021821,Crypto,Crypto
2023-02-01,XLM-USD,0.016849049775301106,Crypto,Crypto
2023-02-01,XRP-USD,0.018462613206423617,Crypto,Crypto
2023-02-02,ADA-USD,0.0008055959282970981,Crypto,Crypto
2023-02-02,BCH-USD,0.002894530664850903,Crypto,Crypto
2023-02-02,BTC-USD,-0.01061797692681965,Crypto,Crypto
2023-02-02,EOS-USD,-0.009426887534360384,Crypto,Crypto
2023-02-02,ETC-USD,4.7752971151560075e-05,Crypto,Crypto
2023-02-02,ETH-USD,0.0008824820072261819,Crypto,Crypto
2023-02-02,LTC-USD,-0.01745696486389614,Crypto,Crypto
2023-02-02,TRX-USD,0.008988376160641964,Crypto,Crypto
2023-02-02,XLM-USD,-0.00695740639439002,Crypto,Crypto
2023-02-02,XRP-USD,-0.010014681113667878,Crypto,Crypto
2023-02-03,ADA-USD,0.017036280581987917,Crypto,Crypto
2023-02-03,BCH-USD,0.008878894451717967,Crypto,Crypto
2023-02-03,BTC-USD,-0.0009606745041729203,Crypto,Crypto
2023-02-03,EOS-USD,0.025802615535099438,Crypto,Crypto
2023-02-03,ETC-USD,0.03664925216022841,Crypto,Crypto
2023-02-03,ETH-USD,0.013086346292204398,Crypto,Crypto
2023-02-03,LTC-USD,0.01297736774401037,Crypto,Crypto
2023-02-03,TRX-USD,0.005661697782517239,Crypto,Crypto
2023-02-03,XLM-USD,0.012822765470134945,Crypto,Crypto
2023-02-03,XRP-USD,0.005998838591914968,Crypto,Crypto
2023-02-06,ADA-USD,-0.025609500974814292,Crypto,Crypto
2023-02-06,BCH-USD,-0.02127151089596402,Crypto,Crypto
2023-02-06,BTC-USD,-0.008518883333286542,Crypto,Crypto
2023-02-06,EOS-USD,-0.021290369325677072,Crypto,Crypto
2023-02-06,ETC-USD,-0.0322275190469784,Crypto,Crypto
2023-02-06,ETH-USD,-0.009437589342205732,Crypto,Crypto
2023-02-06,LTC-USD,-0.004108504899374643,Crypto,Crypto
2023-02-06,TRX-USD,-0.013903410200011734,Crypto,Crypto
2023-02-06,XLM-USD,-0.02337721445268215,Crypto,Crypto
2023-02-06,XRP-USD,-0.015323203823905729,Crypto,Crypto
2023-02-07,ADA-USD,0.04390192924378655,Crypto,Crypto
2023-02-07,BCH-USD,0.033179534996754745,Crypto,Crypto
2023-02-07,BTC-USD,0.022151986720186922,Crypto,Crypto
2023-02-07,EOS-USD,0.05020985747917872,Crypto,Crypto
2023-02-07,ETC-USD,0.04777501494710812,Crypto,Crypto
2023-02-07,ETH-USD,0.03449749159686455,Crypto,Crypto
2023-02-07,LTC-USD,0.05064633759502146,Crypto,Crypto
2023-02-07,TRX-USD,0.04082669211737433,Crypto,Crypto
2023-02-07,XLM-USD,0.03551693030610181,Crypto,Crypto
2023-02-07,XRP-USD,0.028206008260686977,Crypto,Crypto
2023-02-08,ADA-USD,-0.012968089843687358,Crypto,Crypto
2023-02-08,BCH-USD,-0.03290281833058428,Crypto,Crypto
2023-02-08,BTC-USD,-0.013965290320121615,Crypto,Crypto
2023-02-08,EOS-USD,-0.02602735308747206,Crypto,Crypto
2023-02-08,ETC-USD,-0.025738862414379837,Crypto,Crypto
2023-02-08,ETH-USD,-0.01273127876485547,Crypto,Crypto
2023-02-08,LTC-USD,-0.017042373713516246,Crypto,Crypto
2023-02-08,TRX-USD,0.016723876440481567,Crypto,Crypto
2023-02-08,XLM-USD,-0.011215506600624203,Crypto,Crypto
2023-02-08,XRP-USD,-0.014488552118021025,Crypto,Crypto
2023-02-09,ADA-USD,-0.0799476370175548,Crypto,Crypto
2023-02-09,BCH-USD,-0.038543936103489496,Crypto,Crypto
2023-02-09,BTC-USD,-0.04883996317743455,Crypto,Crypto
2023-02-09,EOS-USD,-0.0362606910324349,Crypto,Crypto
2023-02-09,ETC-USD,-0.07585434826982818,Crypto,Crypto
2023-02-09,ETH-USD,-0.0631716867790626,Crypto,Crypto
2023-02-09,LTC-USD,-0.07165935277710556,Crypto,Crypto
2023-02-09,TRX-USD,-0.06370183148322195,Crypto,Crypto
2023-02-09,XLM-USD,-0.05997830575230034,Crypto,Crypto
2023-02-09,XRP-USD,-0.039155734149800336,Crypto,Crypto
2023-02-10,ADA-USD,-0.01074666147999892,Crypto,Crypto
2023-02-10,BCH-USD,-0.013805280063406977,Crypto,Crypto
2023-02-10,BTC-USD,-0.007693073387383564,Crypto,Crypto
2023-02-10,EOS-USD,0.007618952835673376,Crypto,Crypto
2023-02-10,ETC-USD,0.0066357550817068844,Crypto,Crypto
2023-02-10,ETH-USD,-0.02041406577709526,Crypto,Crypto
2023-02-10,LTC-USD,0.015535727451284176,Crypto,Crypto
2023-02-10,TRX-USD,0.011323302049082162,Crypto,Crypto
2023-02-10,XLM-USD,0.0018123364147291099,Crypto,Crypto
2023-02-10,XRP-USD,0.0004680744327958397,Crypto,Crypto
2023-02-13,ADA-USD,-0.012816448641557843,Crypto,Crypto
2023-02-13,BCH-USD,0.007791825650630191,Crypto,Crypto
2023-02-13,BTC-USD,0.0009132665684197239,Crypto,Crypto
2023-02-13,EOS-USD,-0.010142444360016323,Crypto,Crypto
2023-02-13,ETC-USD,-0.017435628031113204,Crypto,Crypto
2023-02-13,ETH-USD,-0.005193150420476522,Crypto,Crypto
2023-02-13,LTC-USD,-0.013788372299263774,Crypto,Crypto
2023-02-13,TRX-USD,0.027617229904049356,Crypto,Crypto
2023-02-13,XLM-USD,0.0008228693748513205,Crypto,Crypto
2023-02-13,XRP-USD,-0.009611372724475986,Crypto,Crypto
2023-02-14,ADA-USD,0.07456053991520739,Crypto,Crypto
2023-02-14,BCH-USD,0.023202508857468773,Crypto,Crypto
2023-02-14,BTC-USD,0.018924303145655852,Crypto,Crypto
2023-02-14,EOS-USD,0.016974024908566587,Crypto,Crypto
2023-02-14,ETC-USD,0.02630126791152887,Crypto,Crypto
2023-02-14,ETH-USD,0.03298192238041198,Crypto,Crypto
2023-02-14,LTC-USD,0.05010687812879122,Crypto,Crypto
2023-02-14,TRX-USD,0.017469453471521845,Crypto,Crypto
2023-02-14,XLM-USD,0.009326265713115456,Crypto,Crypto
2023-02-14,XRP-USD,0.028874674614059348,Crypto,Crypto
2023-02-15,ADA-USD,0.08196334826581841,Crypto,Crypto
2023-02-15,BCH-USD,0.061880986206789945,Crypto,Crypto
2023-02-15,BTC-USD,0.09392266116037784,Crypto,Crypto
2023-02-15,EOS-USD,0.04907018928001139,Crypto,Crypto
2023-02-15,ETC-USD,0.05767874751822877,Crypto,Crypto
2023-02-15,ETH-USD,0.0750675811775845,Crypto,Crypto
2023-02-15,LTC-USD,0.07428056312082587,Crypto,Crypto
2023-02-15,TRX-USD,0.061052435587402254,Crypto,Crypto
2023-02-15,XLM-USD,0.04917955605012225,Crypto,Crypto
2023-02-15,XRP-USD,0.049541400231462474,Crypto,Crypto
2023-02-16,ADA-USD,-0.0722600220348234,Crypto,Crypto
2023-02-16,BCH-USD,-0.04874565902734096,Crypto,Crypto
2023-02-16,BTC-USD,-0.028154173176657027,Crypto,Crypto
2023-02-16,EOS-USD,-0.048456271091952385,Crypto,Crypto
2023-02-16,ETC-USD,-0.047626841591575375,Crypto,Crypto
2023-02-16,ETH-USD,-0.020121538929091298,Crypto,Crypto
2023-02-16,LTC-USD,-0.037385963914877585,Crypto,Crypto
2023-02-16,TRX-USD,-0.055619133224216855,Crypto,Crypto
2023-02-16,XLM-USD,-0.039143234434384055,Crypto,Crypto
2023-02-16,XRP-USD,-0.04035111246353906,Crypto,Crypto
2023-02-17,ADA-USD,0.04135325666106149,Crypto,Crypto
2023-02-17,BCH-USD,0.04269112664314689,Crypto,Crypto
2023-02-17,BTC-USD,0.03988096453648349,Crypto,Crypto
2023-02-17,EOS-USD,0.141623721857149,Crypto,Crypto
2023-02-17,ETC-USD,0.04942993125481521,Crypto,Crypto
2023-02-17,ETH-USD,0.03336185492779764,Crypto,Crypto
2023-02-17,LTC-USD,0.013716798704812794,Crypto,Crypto
2023-02-17,TRX-USD,0.05345230734954187,Crypto,Crypto
2023-02-17,XLM-USD,0.046428968599397935,Crypto,Crypto
2023-02-17,XRP-USD,0.026339931122020266,Crypto,Crypto
2023-02-21,ADA-USD,-0.028677957384617758,Crypto,Crypto
2023-02-21,BCH-USD,0.004854176759301332,Crypto,Crypto
2023-02-21,BTC-USD,-0.01581991113645098,Crypto,Crypto
2023-02-21,EOS-USD,-0.03949227674492917,Crypto,Crypto
2023-02-21,ETC-USD,-0.016053705072846314,Crypto,Crypto
2023-02-21,ETH-USD,-0.026216858452078218,Crypto,Crypto
2023-02-21,LTC-USD,-0.023257446926101544,Crypto,Crypto
2023-02-21,TRX-USD,-0.034375824325369786,Crypto,Crypto
2023-02-21,XLM-USD,0.003831472613609721,Crypto,Crypto
2023-02-21,XRP-USD,-0.016611228601255745,Crypto,Crypto
2023-02-22,ADA-USD,-0.008908943574741479,Crypto,Crypto
2023-02-22,BCH-USD,-0.023133955249321603,Crypto,Crypto
2023-02-22,BTC-USD,-0.01012875204423358,Crypto,Crypto
2023-02-22,EOS-USD,-0.008668993392563551,Crypto,Crypto
2023-02-22,ETC-USD,-0.014181813314549707,Crypto,Crypto
2023-02-22,ETH-USD,-0.008929048666112882,Crypto,Crypto
2023-02-22,LTC-USD,0.01610771061613625,Crypto,Crypto
2023-02-22,TRX-USD,-0.0004750258561432297,Crypto,Crypto
2023-02-22,XLM-USD,-0.025399910067958054,Crypto,Crypto
2023-02-22,XRP-USD,0.009392592479933626,Crypto,Crypto
2023-02-23,ADA-USD,-0.015165030743623964,Crypto,Crypto
2023-02-23,BCH-USD,-0.020946298010043662,Crypto,Crypto
2023-02-23,BTC-USD,-0.00997780485063493,Crypto,Crypto
2023-02-23,EOS-USD,-0.025436377714104563,Crypto,Crypto
2023-02-23,ETC-USD,-0.015736371647885106,Crypto,Crypto
2023-02-23,ETH-USD,0.004772402538407272,Crypto,Crypto
2023-02-23,LTC-USD,-0.00553389738500798,Crypto,Crypto
2023-02-23,TRX-USD,0.002304364052392982,Crypto,Crypto
2023-02-23,XLM-USD,-0.015319014618482396,Crypto,Crypto
2023-02-23,XRP-USD,-0.01632013587205461,Crypto,Crypto
2023-02-24,ADA-USD,-0.0449163285836367,Crypto,Crypto
2023-02-24,BCH-USD,-0.04390302951214109,Crypto,Crypto
2023-02-24,BTC-USD,-0.03129201289670536,Crypto,Crypto
2023-02-24,EOS-USD,-0.051322428452903135,Crypto,Crypto
2023-02-24,ETC-USD,-0.0459547062284863,Crypto,Crypto
2023-02-24,ETH-USD,-0.025862370437327087,Crypto,Crypto
2023-02-24,LTC-USD,-0.03312734374955939,Crypto,Crypto
2023-02-24,TRX-USD,-0.02503096914390912,Crypto,Crypto
2023-02-24,XLM-USD,-0.020929944911805443,Crypto,Crypto
2023-02-24,XRP-USD,-0.027376427544505533,Crypto,Crypto
2023-02-27,ADA-USD,-0.011041397648707263,Crypto,Crypto
2023-02-27,BCH-USD,-0.008278102866355108,Crypto,Crypto
2023-02-27,BTC-USD,-0.0016273269569350157,Crypto,Crypto
2023-02-27,EOS-USD,0.0006848184547336711,Crypto,Crypto
2023-02-27,ETC-USD,-0.004631590310266276,Crypto,Crypto
2023-02-27,ETH-USD,-0.003955786725572508,Crypto,Crypto
2023-02-27,LTC-USD,-0.012271667302745759,Crypto,Crypto
2023-02-27,TRX-USD,-0.001668725107522806,Crypto,Crypto
2023-02-27,XLM-USD,-0.006218633698571785,Crypto,Crypto
2023-02-27,XRP-USD,0.002840925439916875,Crypto,Crypto
2023-02-28,ADA-USD,-0.03410533454851561,Crypto,Crypto
2023-02-28,BCH-USD,-0.02361462827336991,Crypto,Crypto
2023-02-28,BTC-USD,-0.01596393470118429,Crypto,Crypto
2023-02-28,EOS-USD,0.02014234263953707,Crypto,Crypto
2023-02-28,ETC-USD,-0.027182340216586498,Crypto,Crypto
2023-02-28,ETH-USD,-0.01739632556596371,Crypto,Crypto
2023-02-28,LTC-USD,-0.0031237104315078312,Crypto,Crypto
2023-02-28,TRX-USD,-0.005562195280637061,Crypto,Crypto
2023-02-28,XLM-USD,-0.015162767632742158,Crypto,Crypto
2023-02-28,XRP-USD,-0.005183087980273227,Crypto,Crypto
2023-03-01,ADA-USD,0.02241993628827177,Crypto,Crypto
2023-03-01,BCH-USD,0.01745032993101603,Crypto,Crypto
2023-03-01,BTC-USD,0.02156606219747892,Crypto,Crypto
2023-03-01,EOS-USD,0.05331299774770959,Crypto,Crypto
2023-03-01,ETC-USD,0.026048911072900527,Crypto,Crypto
2023-03-01,ETH-USD,0.035829596047825873,Crypto,Crypto
2023-03-01,LTC-USD,0.0420595843026379,Crypto,Crypto
2023-03-01,TRX-USD,0.012563130904183595,Crypto,Crypto
2023-03-01,XLM-USD,0.012271020534509791,Crypto,Crypto
2023-03-01,XRP-USD,0.017841725527208308,Crypto,Crypto
2023-03-02,ADA-USD,-0.028166633185960355,Crypto,Crypto
2023-03-02,BCH-USD,-0.018791155666985637,Crypto,Crypto
2023-03-02,BTC-USD,-0.007235050302163204,Crypto,Crypto
2023-03-02,EOS-USD,0.02455924908489915,Crypto,Crypto
2023-03-02,ETC-USD,-0.008973388393375359,Crypto,Crypto
2023-03-02,ETH-USD,-0.009687419299942324,Crypto,Crypto
2023-03-02,LTC-USD,-0.025378374013351856,Crypto,Crypto
2023-03-02,TRX-USD,-0.0032484737493850835,Crypto,Crypto
2023-03-02,XLM-USD,-0.007377768005513818,Crypto,Crypto
2023-03-02,XRP-USD,-0.016408865196855915,Crypto,Crypto
2023-03-03,ADA-USD,-0.021327443546541702,Crypto,Crypto
2023-03-03,BCH-USD,-0.042467778013715374,Crypto,Crypto
2023-03-03,BTC-USD,-0.047402129167592566,Crypto,Crypto
2023-03-03,EOS-USD,0.07258089969334858,Crypto,Crypto
2023-03-03,ETC-USD,-0.034080428432538556,Crypto,Crypto
2023-03-03,ETH-USD,-0.04744176292568125,Crypto,Crypto
2023-03-03,LTC-USD,-0.04942686978242139,Crypto,Crypto
2023-03-03,TRX-USD,-0.03577842580317758,Crypto,Crypto
2023-03-03,XLM-USD,-0.020971562436608693,Crypto,Crypto
2023-03-03,XRP-USD,0.0002410516862489942,Crypto,Crypto
2023-03-06,ADA-USD,-0.018632308708857126,Crypto,Crypto
2023-03-06,BCH-USD,0.0012754344956193986,Crypto,Crypto
2023-03-06,BTC-USD,-0.00025655126328649747,Crypto,Crypto
2023-03-06,EOS-USD,-0.009969936838815308,Crypto,Crypto
2023-03-06,ETC-USD,-0.005580885207663311,Crypto,Crypto
2023-03-06,ETH-USD,0.0018727965263767299,Crypto,Crypto
2023-03-06,LTC-USD,-0.028130426835810463,Crypto,Crypto
2023-03-06,TRX-USD,0.002155878155053026,Crypto,Crypto
2023-03-06,XLM-USD,0.009123501384722399,Crypto,Crypto
2023-03-06,XRP-USD,0.008924448092060056,Crypto,Crypto
2023-03-07,ADA-USD,-0.0010217547642626945,Crypto,Crypto
2023-03-07,BCH-USD,-0.016412464735413912,Crypto,Crypto
2023-03-07,BTC-USD,-0.00936203961743065,Crypto,Crypto
2023-03-07,EOS-USD,-0.025135988230344797,Crypto,Crypto
2023-03-07,ETC-USD,-0.022529548396110544,Crypto,Crypto
2023-03-07,ETH-USD,-0.0034870363462051746,Crypto,Crypto
2023-03-07,LTC-USD,-0.012822923932799712,Crypto,Crypto
2023-03-07,TRX-USD,-0.016884047581753103,Crypto,Crypto
2023-03-07,XLM-USD,-0.008490171618166342,Crypto,Crypto
2023-03-07,XRP-USD,0.027200508666115786,Crypto,Crypto
2023-03-08,ADA-USD,-0.03905188928043213,Crypto,Crypto
2023-03-08,BCH-USD,-0.04566272186873088,Crypto,Crypto
2023-03-08,BTC-USD,-0.022578517406286358,Crypto,Crypto
2023-03-08,EOS-USD,-0.05104398211239314,Crypto,Crypto
2023-03-08,ETC-USD,-0.05053981235207872,Crypto,Crypto
2023-03-08,ETH-USD,-0.017827171045494916,Crypto,Crypto
2023-03-08,LTC-USD,-0.04076818087507672,Crypto,Crypto
2023-03-08,TRX-USD,-0.015136610098711811,Crypto,Crypto
2023-03-08,XLM-USD,-0.012198223105104655,Crypto,Crypto
2023-03-08,XRP-USD,0.022704077477204265,Crypto,Crypto
2023-03-09,ADA-USD,-0.024872758517268445,Crypto,Crypto
2023-03-09,BCH-USD,-0.05506720365016149,Crypto,Crypto
2023-03-09,BTC-USD,-0.06239311158608585,Crypto,Crypto
2023-03-09,EOS-USD,-0.05785870179305819,Crypto,Crypto
2023-03-09,ETC-USD,-0.06515181785098711,Crypto,Crypto
2023-03-09,ETH-USD,-0.0622046937711358,Crypto,Crypto
2023-03-09,LTC-USD,-0.07311215791417303,Crypto,Crypto
2023-03-09,TRX-USD,-0.1042445932201087,Crypto,Crypto
2023-03-09,XLM-USD,-0.05750162103802181,Crypto,Crypto
2023-03-09,XRP-USD,-0.04382967983262398,Crypto,Crypto
2023-03-10,ADA-USD,0.01829003348933589,Crypto,Crypto
2023-03-10,BCH-USD,0.013926270364160276,Crypto,Crypto
2023-03-10,BTC-USD,-0.008632183779056501,Crypto,Crypto
2023-03-10,EOS-USD,-0.010522727678171195,Crypto,Crypto
2023-03-10,ETC-USD,0.022761083160734774,Crypto,Crypto
2023-03-10,ETH-USD,-0.0066052302026157195,Crypto,Crypto
2023-03-10,LTC-USD,-0.06475649707694675,Crypto,Crypto
2023-03-10,TRX-USD,-0.017790799615420183,Crypto,Crypto
2023-03-10,XLM-USD,0.013867652113198181,Crypto,Crypto
2023-03-10,XRP-USD,-0.004052340543002408,Crypto,Crypto
2023-03-13,ADA-USD,0.039349808707780376,Crypto,Crypto
2023-03-13,BCH-USD,0.04977583665813601,Crypto,Crypto
2023-03-13,BTC-USD,0.09175187888693825,Crypto,Crypto
2023-03-13,EOS-USD,0.026137842175027126,Crypto,Crypto
2023-03-13,ETC-USD,0.04328442970157864,Crypto,Crypto
2023-03-13,ETH-USD,0.05660340137307651,Crypto,Crypto
2023-03-13,LTC-USD,0.07150192564824298,Crypto,Crypto
2023-03-13,TRX-USD,0.03878849941665319,Crypto,Crypto
2023-03-13,XLM-USD,0.02032098838072871,Crypto,Crypto
2023-03-13,XRP-USD,0.0012536649382470788,Crypto,Crypto
2023-03-14,ADA-USD,-0.0008039020427846877,Crypto,Crypto
2023-03-14,BCH-USD,0.034137111875386816,Crypto,Crypto
2023-03-14,BTC-USD,0.022669294883089997,Crypto,Crypto
2023-03-14,EOS-USD,0.02447566804938517,Crypto,Crypto
2023-03-14,ETC-USD,0.032315442703349184,Crypto,Crypto
2023-03-14,ETH-USD,0.013805865867504874,Crypto,Crypto
2023-03-14,LTC-USD,0.03158012202994853,Crypto,Crypto
2023-03-14,TRX-USD,-0.001294264006359458,Crypto,Crypto
2023-03-14,XLM-USD,0.04343102409151367,Crypto,Crypto
2023-03-14,XRP-USD,0.0013189097873518296,Crypto,Crypto
2023-03-15,ADA-USD,-0.05713196825187161,Crypto,Crypto
2023-03-15,BCH-USD,-0.06012543958849903,Crypto,Crypto
2023-03-15,BTC-USD,-0.014956444322371198,Crypto,Crypto
2023-03-15,EOS-USD,-0.06077833221525297,Crypto,Crypto
2023-03-15,ETC-USD,-0.08982402815775459,Crypto,Crypto
2023-03-15,ETH-USD,-0.027781826468116,Crypto,Crypto
2023-03-15,LTC-USD,-0.0939221747045087,Crypto,Crypto
2023-03-15,TRX-USD,-0.027110443786368288,Crypto,Crypto
2023-03-15,XLM-USD,-0.05100862458032773,Crypto,Crypto
2023-03-15,XRP-USD,-0.03665978990373142,Crypto,Crypto
2023-03-16,ADA-USD,0.0022979874249633436,Crypto,Crypto
2023-03-16,BCH-USD,0.021551504422351098,Crypto,Crypto
2023-03-16,BTC-USD,0.027766213062754286,Crypto,Crypto
2023-03-16,EOS-USD,0.03909013172903486,Crypto,Crypto
2023-03-16,ETC-USD,0.018448785404096446,Crypto,Crypto
2023-03-16,ETH-USD,0.012700856927151394,Crypto,Crypto
2023-03-16,LTC-USD,0.03435117285183642,Crypto,Crypto
2023-03-16,TRX-USD,0.0008268156577531105,Crypto,Crypto
2023-03-16,XLM-USD,0.009913599899433745,Crypto,Crypto
2023-03-16,XRP-USD,0.015162602341697307,Crypto,Crypto
2023-03-17,ADA-USD,0.0772658687336063,Crypto,Crypto
2023-03-17,BCH-USD,0.07500398281745424,Crypto,Crypto
2023-03-17,BTC-USD,0.0946457745317153,Crypto,Crypto
2023-03-17,EOS-USD,0.06132191082631433,Crypto,Crypto
2023-03-17,ETC-USD,0.08229569480531818,Crypto,Crypto
2023-03-17,ETH-USD,0.06872680134113085,Crypto,Crypto
2023-03-17,LTC-USD,0.0815746864874678,Crypto,Crypto
2023-03-17,TRX-USD,0.03714416629337958,Crypto,Crypto
2023-03-17,XLM-USD,0.03937141808308309,Crypto,Crypto
2023-03-17,XRP-USD,0.03922409823802964,Crypto,Crypto
2023-03-20,ADA-USD,-0.038770581203426024,Crypto,Crypto
2023-03-20,BCH-USD,-0.040565944783146346,Crypto,Crypto
2023-03-20,BTC-USD,-0.00968089417783835,Crypto,Crypto
2023-03-20,EOS-USD,-0.005142429345192379,Crypto,Crypto
2023-03-20,ETC-USD,-0.07400672797457042,Crypto,Crypto
2023-03-20,ETH-USD,-0.028145110529571027,Crypto,Crypto
2023-03-20,LTC-USD,-0.07119636678013097,Crypto,Crypto
2023-03-20,TRX-USD,-0.02483188517028745,Crypto,Crypto
2023-03-20,XLM-USD,-0.016035482828204106,Crypto,Crypto
2023-03-20,XRP-USD,-0.03561963193384565,Crypto,Crypto
2023-03-21,ADA-USD,0.1161803599916702,Crypto,Crypto
2023-03-21,BCH-USD,0.029538424942909813,Crypto,Crypto
2023-03-21,BTC-USD,0.014714466837708162,Crypto,Crypto
2023-03-21,EOS-USD,0.03118304641412495,Crypto,Crypto
2023-03-21,ETC-USD,0.07268684572360007,Crypto,Crypto
2023-03-21,ETH-USD,0.04116785380048826,Crypto,Crypto
2023-03-21,LTC-USD,0.05496746216144088,Crypto,Crypto
2023-03-21,TRX-USD,0.03182268095502372,Crypto,Crypto
2023-03-21,XLM-USD,0.11584602064771832,Crypto,Crypto
2023-03-21,XRP-USD,0.25380372827341624,Crypto,Crypto
2023-03-22,ADA-USD,-0.02861524236162749,Crypto,Crypto
2023-03-22,BCH-USD,-0.06117513619081072,Crypto,Crypto
2023-03-22,BTC-USD,-0.030820008681536337,Crypto,Crypto
2023-03-22,EOS-USD,-0.0783633059941613,Crypto,Crypto
2023-03-22,ETC-USD,-0.044164639771488656,Crypto,Crypto
2023-03-22,ETH-USD,-0.03821408090164813,Crypto,Crypto
2023-03-22,LTC-USD,0.05585926895338811,Crypto,Crypto
2023-03-22,TRX-USD,-0.10877755166543757,Crypto,Crypto
2023-03-22,XLM-USD,-0.058502450496543346,Crypto,Crypto
2023-03-22,XRP-USD,-0.1005514168904067,Crypto,Crypto
2023-03-23,ADA-USD,0.031701636440629954,Crypto,Crypto
2023-03-23,BCH-USD,0.020411629172932377,Crypto,Crypto
2023-03-23,BTC-USD,0.03759177902540278,Crypto,Crypto
2023-03-23,EOS-USD,0.05975667420086195,Crypto,Crypto
2023-03-23,ETC-USD,0.03686637827461303,Crypto,Crypto
2023-03-23,ETH-USD,0.04528246457522944,Crypto,Crypto
2023-03-23,LTC-USD,0.07262296505113253,Crypto,Crypto
2023-03-23,TRX-USD,0.08998752097750629,Crypto,Crypto
2023-03-23,XLM-USD,0.018218860760738753,Crypto,Crypto
2023-03-23,XRP-USD,0.05294927877079658,Crypto,Crypto
2023-03-24,ADA-USD,-0.03215201446935978,Crypto,Crypto
2023-03-24,BCH-USD,-0.038192841159600865,Crypto,Crypto
2023-03-24,BTC-USD,-0.02967065403073854,Crypto,Crypto
2023-03-24,EOS-USD,0.0025342499842224697,Crypto,Crypto
2023-03-24,ETC-USD,-0.02956169651722873,Crypto,Crypto
2023-03-24,ETH-USD,-0.035432817130064076,Crypto,Crypto
2023-03-24,LTC-USD,9.502036301856087e-05,Crypto,Crypto
2023-03-24,TRX-USD,-0.027887246827769552,Crypto,Crypto
2023-03-24,XLM-USD,-0.039621364862379105,Crypto,Crypto
2023-03-24,XRP-USD,-0.04259410777567618,Crypto,Crypto
2023-03-27,ADA-USD,-0.030133769754197015,Crypto,Crypto
2023-03-27,BCH-USD,-0.03688047482638368,Crypto,Crypto
2023-03-27,BTC-USD,-0.03052194511765327,Crypto,Crypto
2023-03-27,EOS-USD,-0.04893856626958293,Crypto,Crypto
2023-03-27,ETC-USD,-0.0328554345695945,Crypto,Crypto
2023-03-27,ETH-USD,-0.03391154505901961,Crypto,Crypto
2023-03-27,LTC-USD,-0.04574511112013879,Crypto,Crypto
2023-03-27,TRX-USD,-0.009904134227396777,Crypto,Crypto
2023-03-27,XLM-USD,0.006926717811190919,Crypto,Crypto
2023-03-27,XRP-USD,0.0694580937329845,Crypto,Crypto
2023-03-28,ADA-USD,0.06611671545307884,Crypto,Crypto
2023-03-28,BCH-USD,0.006722247258524883,Crypto,Crypto
2023-03-28,BTC-USD,0.004725228944394866,Crypto,Crypto
2023-03-28,EOS-USD,0.025641329677297264,Crypto,Crypto
2023-03-28,ETC-USD,0.0251045834536181,Crypto,Crypto
2023-03-28,ETH-USD,0.033416577391890856,Crypto,Crypto
2023-03-28,LTC-USD,-0.0012045034923762188,Crypto,Crypto
2023-03-28,TRX-USD,0.009987387448830098,Crypto,Crypto
2023-03-28,XLM-USD,0.05523820512442956,Crypto,Crypto
2023-03-28,XRP-USD,0.07305760493486058,Crypto,Crypto
2023-03-29,ADA-USD,0.035930118902979036,Crypto,Crypto
2023-03-29,BCH-USD,0.01845650440233948,Crypto,Crypto
2023-03-29,BTC-USD,0.0396180637553154,Crypto,Crypto
2023-03-29,EOS-USD,0.032206523558913736,Crypto,Crypto
2023-03-29,ETC-USD,0.02384610352558414,Crypto,Crypto
2023-03-29,ETH-USD,0.011403627159211949,Crypto,Crypto
2023-03-29,LTC-USD,0.024706950107140857,Crypto,Crypto
2023-03-29,TRX-USD,0.0019622241680996577,Crypto,Crypto
2023-03-29,XLM-USD,0.04272673226152346,Crypto,Crypto
2023-03-29,XRP-USD,0.05537053193413577,Crypto,Crypto
2023-03-30,ADA-USD,-0.01344376547270143,Crypto,Crypto
2023-03-30,BCH-USD,-0.01775247911170974,Crypto,Crypto
2023-03-30,BTC-USD,-0.0111074503792854,Crypto,Crypto
2023-03-30,EOS-USD,0.0351406949011257,Crypto,Crypto
2023-03-30,ETC-USD,-0.018587824996325275,Crypto,Crypto
2023-03-30,ETH-USD,-0.00014760076254038967,Crypto,Crypto
2023-03-30,LTC-USD,-0.02498140714967767,Crypto,Crypto
2023-03-30,TRX-USD,0.007444674741593049,Crypto,Crypto
2023-03-30,XLM-USD,0.0429879834533915,Crypto,Crypto
2023-03-30,XRP-USD,-0.017160415973799137,Crypto,Crypto
2023-03-31,ADA-USD,0.059671855342376956,Crypto,Crypto
2023-03-31,BCH-USD,0.023832813346320147,Crypto,Crypto
2023-03-31,BTC-USD,0.015871042968584437,Crypto,Crypto
2023-03-31,EOS-USD,0.004181942029278796,Crypto,Crypto
2023-03-31,ETC-USD,0.023124642555314434,Crypto,Crypto
2023-03-31,ETH-USD,0.016335306922469428,Crypto,Crypto
2023-03-31,LTC-USD,0.007009182869084141,Crypto,Crypto
2023-03-31,TRX-USD,0.012280124823089045,Crypto,Crypto
2023-03-31,XLM-USD,0.05471961940615788,Crypto,Crypto
2023-03-31,XRP-USD,0.007942019885507579,Crypto,Crypto
2023-04-03,ADA-USD,0.014108585772830473,Crypto,Crypto
2023-04-03,BCH-USD,0.03901554285588138,Crypto,Crypto
2023-04-03,BTC-USD,-0.014507018470504951,Crypto,Crypto
2023-04-03,EOS-USD,-0.04431242365234944,Crypto,Crypto
2023-04-03,ETC-USD,0.012738275089063444,Crypto,Crypto
2023-04-03,ETH-USD,0.008124365544173617,Crypto,Crypto
2023-04-03,LTC-USD,0.00022966274845614976,Crypto,Crypto
2023-04-03,TRX-USD,0.006874721367533754,Crypto,Crypto
2023-04-03,XLM-USD,0.001519380167798401,Crypto,Crypto
2023-04-03,XRP-USD,-0.04237957996629449,Crypto,Crypto
2023-04-04,ADA-USD,0.006571323723392419,Crypto,Crypto
2023-04-04,BCH-USD,-0.005468388184122985,Crypto,Crypto
2023-04-04,BTC-USD,0.0135971982612757,Crypto,Crypto
2023-04-04,EOS-USD,0.015912496992956715,Crypto,Crypto
2023-04-04,ETC-USD,0.02060502196839309,Crypto,Crypto
2023-04-04,ETH-USD,0.03353483092395293,Crypto,Crypto
2023-04-04,LTC-USD,-0.004696098843831598,Crypto,Crypto
2023-04-04,TRX-USD,0.0003345685821407596,Crypto,Crypto
2023-04-04,XLM-USD,-0.005815245447117534,Crypto,Crypto
2023-04-04,XRP-USD,0.013117735061943137,Crypto,Crypto
2023-04-05,ADA-USD,0.0068799179417651235,Crypto,Crypto
2023-04-05,BCH-USD,0.0008734327792510044,Crypto,Crypto
2023-04-05,BTC-USD,0.000351267384649967,Crypto,Crypto
2023-04-05,EOS-USD,-0.0041663416679808,Crypto,Crypto
2023-04-05,ETC-USD,0.00040823034268422376,Crypto,Crypto
2023-04-05,ETH-USD,0.020368135912491647,Crypto,Crypto
2023-04-05,LTC-USD,0.00023423616558604365,Crypto,Crypto
2023-04-05,TRX-USD,0.004955689869292401,Crypto,Crypto
2023-04-05,XLM-USD,0.010521145522781383,Crypto,Crypto
2023-04-05,XRP-USD,0.005473911610498261,Crypto,Crypto
2023-04-06,ADA-USD,-0.023330356625408277,Crypto,Crypto
2023-04-06,BCH-USD,-0.009231001862976318,Crypto,Crypto
2023-04-06,BTC-USD,-0.004749940528704033,Crypto,Crypto
2023-04-06,EOS-USD,0.025612206583316866,Crypto,Crypto
2023-04-06,ETC-USD,-0.02098400861221228,Crypto,Crypto
2023-04-06,ETH-USD,-0.018957173846517184,Crypto,Crypto
2023-04-06,LTC-USD,-0.018278168519277216,Crypto,Crypto
2023-04-06,TRX-USD,-0.0001664600473345601,Crypto,Crypto
2023-04-06,XLM-USD,-0.014009596917652578,Crypto,Crypto
2023-04-06,XRP-USD,-0.005801690620299893,Crypto,Crypto
2023-04-10,ADA-USD,0.018722420215408153,Crypto,Crypto
2023-04-10,BCH-USD,0.019394560833347896,Crypto,Crypto
2023-04-10,BTC-USD,0.04658621825410658,Crypto,Crypto
2023-04-10,EOS-USD,0.024757056963781165,Crypto,Crypto
2023-04-10,ETC-USD,0.020116568913731925,Crypto,Crypto
2023-04-10,ETH-USD,0.02786922752961596,Crypto,Crypto
2023-04-10,LTC-USD,0.03467875478127236,Crypto,Crypto
2023-04-10,TRX-USD,0.010262265981658691,Crypto,Crypto
2023-04-10,XLM-USD,0.008729817242442817,Crypto,Crypto
2023-04-10,XRP-USD,0.024680061924334806,Crypto,Crypto
2023-04-11,ADA-USD,0.01125222772909007,Crypto,Crypto
2023-04-11,BCH-USD,0.009008032686554035,Crypto,Crypto
2023-04-11,BTC-USD,0.019629666758571807,Crypto,Crypto
2023-04-11,EOS-USD,-0.0022589283357249412,Crypto,Crypto
2023-04-11,ETC-USD,0.025433473138740448,Crypto,Crypto
2023-04-11,ETH-USD,-0.009950684094362172,Crypto,Crypto
2023-04-11,LTC-USD,0.005228774752515486,Crypto,Crypto
2023-04-11,TRX-USD,-0.013425230022953927,Crypto,Crypto
2023-04-11,XLM-USD,-0.005145247140143416,Crypto,Crypto
2023-04-11,XRP-USD,-0.0015434801533084075,Crypto,Crypto
2023-04-12,ADA-USD,0.012721233189722181,Crypto,Crypto
2023-04-12,BCH-USD,-0.0021137022708149766,Crypto,Crypto
2023-04-12,BTC-USD,-0.003175315803583212,Crypto,Crypto
2023-04-12,EOS-USD,-0.019685564009852663,Crypto,Crypto
2023-04-12,ETC-USD,0.017889112877304436,Crypto,Crypto
2023-04-12,ETH-USD,0.015057915008098277,Crypto,Crypto
2023-04-12,LTC-USD,-0.01916663781395922,Crypto,Crypto
2023-04-12,TRX-USD,-0.021164485206505934,Crypto,Crypto
2023-04-12,XLM-USD,-0.005780390631297538,Crypto,Crypto
2023-04-12,XRP-USD,-0.022033948474122322,Crypto,Crypto
2023-04-13,ADA-USD,0.04721524885920236,Crypto,Crypto
2023-04-13,BCH-USD,0.018376737323958725,Crypto,Crypto
2023-04-13,BTC-USD,0.00862713483952482,Crypto,Crypto
2023-04-13,EOS-USD,0.0405179220705536,Crypto,Crypto
2023-04-13,ETC-USD,0.02503829396383983,Crypto,Crypto
2023-04-13,ETH-USD,0.04787492592582243,Crypto,Crypto
2023-04-13,LTC-USD,0.018975801885489085,Crypto,Crypto
2023-04-13,TRX-USD,0.004352149183020959,Crypto,Crypto
2023-04-13,XLM-USD,0.008338443424539932,Crypto,Crypto
2023-04-13,XRP-USD,0.01418056173679072,Crypto,Crypto
2023-04-14,ADA-USD,0.029526110728182564,Crypto,Crypto
2023-04-14,BCH-USD,0.009595310127362255,Crypto,Crypto
2023-04-14,BTC-USD,0.002849851088919886,Crypto,Crypto
2023-04-14,EOS-USD,-0.006583366845626104,Crypto,Crypto
2023-04-14,ETC-USD,-3.4333170789047074e-05,Crypto,Crypto
2023-04-14,ETH-USD,0.044221068526871576,Crypto,Crypto
2023-04-14,LTC-USD,0.023259983321436417,Crypto,Crypto
2023-04-14,TRX-USD,0.014530850392202366,Crypto,Crypto
2023-04-14,XLM-USD,0.015315631868910273,Crypto,Crypto
2023-04-14,XRP-USD,0.02084778330094106,Crypto,Crypto
2023-04-17,ADA-USD,-0.03893258528515775,Crypto,Crypto
2023-04-17,BCH-USD,-0.02110761078542156,Crypto,Crypto
2023-04-17,BTC-USD,-0.028708571396173888,Crypto,Crypto
2023-04-17,EOS-USD,-0.026100321939328763,Crypto,Crypto
2023-04-17,ETC-USD,-0.025492994102758182,Crypto,Crypto
2023-04-17,ETH-USD,-0.020642838914618267,Crypto,Crypto
2023-04-17,LTC-USD,-0.01588502125396285,Crypto,Crypto
2023-04-17,TRX-USD,-0.01153982476044113,Crypto,Crypto
2023-04-17,XLM-USD,-0.03144603415060854,Crypto,Crypto
2023-04-17,XRP-USD,-0.019687668690938853,Crypto,Crypto
2023-04-18,ADA-USD,0.02207674276354976,Crypto,Crypto
2023-04-18,BCH-USD,0.015088857895767971,Crypto,Crypto
2023-04-18,BTC-USD,0.032348662229154,Crypto,Crypto
2023-04-18,EOS-USD,0.010762560092352436,Crypto,Crypto
2023-04-18,ETC-USD,0.00807451363704037,Crypto,Crypto
2023-04-18,ETH-USD,0.013627708647316883,Crypto,Crypto
2023-04-18,LTC-USD,0.03219386260011792,Crypto,Crypto
2023-04-18,TRX-USD,0.014866843976229838,Crypto,Crypto
2023-04-18,XLM-USD,0.014499191407080447,Crypto,Crypto
2023-04-18,XRP-USD,0.04135371313476588,Crypto,Crypto
2023-04-19,ADA-USD,-0.06300589005420199,Crypto,Crypto
2023-04-19,BCH-USD,-0.06368756652793828,Crypto,Crypto
2023-04-19,BTC-USD,-0.0518092051895368,Crypto,Crypto
2023-04-19,EOS-USD,-0.09672206537173011,Crypto,Crypto
2023-04-19,ETC-USD,-0.07107411617556281,Crypto,Crypto
2023-04-19,ETH-USD,-0.07989115082796949,Crypto,Crypto
2023-04-19,LTC-USD,-0.112033159276694,Crypto,Crypto
2023-04-19,TRX-USD,-0.013675467968596866,Crypto,Crypto
2023-04-19,XLM-USD,-0.07476513178623334,Crypto,Crypto
2023-04-19,XRP-USD,-0.07640005921673554,Crypto,Crypto
2023-04-20,ADA-USD,-0.036224766333101566,Crypto,Crypto
2023-04-20,BCH-USD,-0.01584698483713798,Crypto,Crypto
2023-04-20,BTC-USD,-0.020008250880993006,Crypto,Crypto
2023-04-20,EOS-USD,-0.022171342710319175,Crypto,Crypto
2023-04-20,ETC-USD,-0.012499645714952878,Crypto,Crypto
2023-04-20,ETH-USD,0.0034570346864029045,Crypto,Crypto
2023-04-20,LTC-USD,-0.0022227488035716503,Crypto,Crypto
2023-04-20,TRX-USD,-0.0066212172453749,Crypto,Crypto
2023-04-20,XLM-USD,-0.019746135712068513,Crypto,Crypto
2023-04-20,XRP-USD,-0.03405419414288591,Crypto,Crypto
2023-04-21,ADA-USD,-0.04439882760321967,Crypto,Crypto
2023-04-21,BCH-USD,-0.027290931796281837,Crypto,Crypto
2023-04-21,BTC-USD,-0.034308522518338824,Crypto,Crypto
2023-04-21,EOS-USD,-0.030988623337734333,Crypto,Crypto
2023-04-21,ETC-USD,-0.0366617801146637,Crypto,Crypto
2023-04-21,ETH-USD,-0.04791204292839435,Crypto,Crypto
2023-04-21,LTC-USD,-0.05233079571575394,Crypto,Crypto
2023-04-21,TRX-USD,-0.0062983622003046635,Crypto,Crypto
2023-04-21,XLM-USD,-0.028696417223172177,Crypto,Crypto
2023-04-21,XRP-USD,-0.053620182269030425,Crypto,Crypto
2023-04-24,ADA-USD,-0.013069429298548374,Crypto,Crypto
2023-04-24,BCH-USD,-0.005008982872647616,Crypto,Crypto
2023-04-24,BTC-USD,-0.002393679129772508,Crypto,Crypto
2023-04-24,EOS-USD,-0.006157255415456864,Crypto,Crypto
2023-04-24,ETC-USD,-0.014744436950949846,Crypto,Crypto
2023-04-24,ETH-USD,-0.010367305335802768,Crypto,Crypto
2023-04-24,LTC-USD,0.017377029951168632,Crypto,Crypto
2023-04-24,TRX-USD,-0.00805364927840202,Crypto,Crypto
2023-04-24,XLM-USD,-0.011557211782872834,Crypto,Crypto
2023-04-24,XRP-USD,-0.00804916996019056,Crypto,Crypto
2023-04-25,ADA-USD,0.028659961281106483,Crypto,Crypto
2023-04-25,BCH-USD,0.007296129738071144,Crypto,Crypto
2023-04-25,BTC-USD,0.02841955147295372,Crypto,Crypto
2023-04-25,EOS-USD,0.011284908594263454,Crypto,Crypto
2023-04-25,ETC-USD,0.019356009430115062,Crypto,Crypto
2023-04-25,ETH-USD,0.013021906854120191,Crypto,Crypto
2023-04-25,LTC-USD,0.030551807097285,Crypto,Crypto
2023-04-25,TRX-USD,-0.00418816331031957,Crypto,Crypto
2023-04-25,XLM-USD,0.015361602235110405,Crypto,Crypto
2023-04-25,XRP-USD,0.018908492795530973,Crypto,Crypto
2023-04-26,ADA-USD,0.016659066144764978,Crypto,Crypto
2023-04-26,BCH-USD,-0.021221046089185736,Crypto,Crypto
2023-04-26,BTC-USD,0.004066170397882152,Crypto,Crypto
2023-04-26,EOS-USD,-0.03128196442473674,Crypto,Crypto
2023-04-26,ETC-USD,-0.022828334982164633,Crypto,Crypto
2023-04-26,ETH-USD,-0.00010148801571707722,Crypto,Crypto
2023-04-26,LTC-USD,-0.03132705893347487,Crypto,Crypto
2023-04-26,TRX-USD,-0.010324455411787059,Crypto,Crypto
2023-04-26,XLM-USD,-0.014307412980663958,Crypto,Crypto
2023-04-26,XRP-USD,-0.016932084539309833,Crypto,Crypto
2023-04-27,ADA-USD,0.020784681633519764,Crypto,Crypto
2023-04-27,BCH-USD,-0.0038318059739675947,Crypto,Crypto
2023-04-27,BTC-USD,0.036980508331842854,Crypto,Crypto
2023-04-27,EOS-USD,0.0037245687068241384,Crypto,Crypto
2023-04-27,ETC-USD,0.024337479878711932,Crypto,Crypto
2023-04-27,ETH-USD,0.022620260136523074,Crypto,Crypto
2023-04-27,LTC-USD,0.016255587888053036,Crypto,Crypto
2023-04-27,TRX-USD,0.009373606223726183,Crypto,Crypto
2023-04-27,XLM-USD,0.008625688870923076,Crypto,Crypto
2023-04-27,XRP-USD,0.01045590741482405,Crypto,Crypto
2023-04-28,ADA-USD,-0.011982650730811062,Crypto,Crypto
2023-04-28,BCH-USD,0.007938772437285246,Crypto,Crypto
2023-04-28,BTC-USD,-0.00453030993708059,Crypto,Crypto
2023-04-28,EOS-USD,0.009673050097580127,Crypto,Crypto
2023-04-28,ETC-USD,-0.002384662326175069,Crypto,Crypto
2023-04-28,ETH-USD,-0.00852560546680392,Crypto,Crypto
2023-04-28,LTC-USD,0.00047466367781656693,Crypto,Crypto
2023-04-28,TRX-USD,0.013922306004232166,Crypto,Crypto
2023-04-28,XLM-USD,0.004069336311302241,Crypto,Crypto
2023-04-28,XRP-USD,0.02870832455873873,Crypto,Crypto
2023-05-01,ADA-USD,-0.026417259207013433,Crypto,Crypto
2023-05-01,BCH-USD,-0.010483267282495823,Crypto,Crypto
2023-05-01,BTC-USD,-0.04022160164248023,Crypto,Crypto
2023-05-01,EOS-USD,-0.01635135204251248,Crypto,Crypto
2023-05-01,ETC-USD,-0.01369500131423751,Crypto,Crypto
2023-05-01,ETH-USD,-0.023959134648528724,Crypto,Crypto
2023-05-01,LTC-USD,-0.02022969285726417,Crypto,Crypto
2023-05-01,TRX-USD,0.017240124160491588,Crypto,Crypto
2023-05-01,XLM-USD,-0.02124715825004886,Crypto,Crypto
2023-05-01,XRP-USD,-0.015594966241045394,Crypto,Crypto
2023-05-02,ADA-USD,0.01270749255417658,Crypto,Crypto
2023-05-02,BCH-USD,0.01941908029547279,Crypto,Crypto
2023-05-02,BTC-USD,0.020966033026897257,Crypto,Crypto
2023-05-02,EOS-USD,0.014651446296031878,Crypto,Crypto
2023-05-02,ETC-USD,0.002871894386888174,Crypto,Crypto
2023-05-02,ETH-USD,0.02119837887694409,Crypto,Crypto
2023-05-02,LTC-USD,0.01790558060105929,Crypto,Crypto
2023-05-02,TRX-USD,0.01083153306271356,Crypto,Crypto
2023-05-02,XLM-USD,0.00986646750624609,Crypto,Crypto
2023-05-02,XRP-USD,-3.2240138395422946e-05,Crypto,Crypto
2023-05-03,ADA-USD,0.0055364027227111645,Crypto,Crypto
2023-05-03,BCH-USD,0.007823258427857693,Crypto,Crypto
2023-05-03,BTC-USD,0.01135862564681589,Crypto,Crypto
2023-05-03,EOS-USD,0.008246885012853866,Crypto,Crypto
2023-05-03,ETC-USD,0.01524960830468336,Crypto,Crypto
2023-05-03,ETH-USD,0.018100674783592785,Crypto,Crypto
2023-05-03,LTC-USD,0.0067846954827857076,Crypto,Crypto
2023-05-03,TRX-USD,-1.4417840420555272e-05,Crypto,Crypto
2023-05-03,XLM-USD,0.00038482971325004556,Crypto,Crypto
2023-05-03,XRP-USD,-0.003133675833352778,Crypto,Crypto
2023-05-04,ADA-USD,-0.016484623822672795,Crypto,Crypto
2023-05-04,BCH-USD,-0.023049469013329826,Crypto,Crypto
2023-05-04,BTC-USD,-0.005467695268338013,Crypto,Crypto
2023-05-04,EOS-USD,-0.025886916423317197,Crypto,Crypto
2023-05-04,ETC-USD,-0.013451948348559561,Crypto,Crypto
2023-05-04,ETH-USD,-0.014148388236346676,Crypto,Crypto
2023-05-04,LTC-USD,-0.0045041782151263865,Crypto,Crypto
2023-05-04,TRX-USD,0.0030182139761028015,Crypto,Crypto
2023-05-04,XLM-USD,-0.001154045028932682,Crypto,Crypto
2023-05-04,XRP-USD,-0.004144601839036088,Crypto,Crypto
2023-05-05,ADA-USD,0.018675987058441423,Crypto,Crypto
2023-05-05,BCH-USD,0.023693545568856944,Crypto,Crypto
2023-05-05,BTC-USD,0.023803407820215394,Crypto,Crypto
2023-05-05,EOS-USD,0.011332219752781425,Crypto,Crypto
2023-05-05,ETC-USD,0.017536161543472373,Crypto,Crypto
2023-05-05,ETH-USD,0.06250016252602375,Crypto,Crypto
2023-05-05,LTC-USD,0.0038896832482049337,Crypto,Crypto
2023-05-05,TRX-USD,0.022302503401109508,Crypto,Crypto
2023-05-05,XLM-USD,0.00969199553757405,Crypto,Crypto
2023-05-05,XRP-USD,0.013490794701901176,Crypto,Crypto
2023-05-08,ADA-USD,-0.029391943475012394,Crypto,Crypto
2023-05-08,BCH-USD,-0.04282910598331613,Crypto,Crypto
2023-05-08,BTC-USD,-0.026733637409259936,Crypto,Crypto
2023-05-08,EOS-USD,-0.0654135705100497,Crypto,Crypto
2023-05-08,ETC-USD,-0.025083583145995014,Crypto,Crypto
2023-05-08,ETH-USD,-0.012831132355707098,Crypto,Crypto
2023-05-08,LTC-USD,-0.06819426897628256,Crypto,Crypto
2023-05-08,TRX-USD,-0.013022452311321708,Crypto,Crypto
2023-05-08,XLM-USD,-0.027453648373165218,Crypto,Crypto
2023-05-08,XRP-USD,-0.04762592024673851,Crypto,Crypto
2023-05-09,ADA-USD,-0.005527182516940066,Crypto,Crypto
2023-05-09,BCH-USD,0.09490698699442346,Crypto,Crypto
2023-05-09,BTC-USD,-0.0012817829272578907,Crypto,Crypto
2023-05-09,EOS-USD,0.012968117571078519,Crypto,Crypto
2023-05-09,ETC-USD,0.02503201654393128,Crypto,Crypto
2023-05-09,ETH-USD,-0.0002377312267921594,Crypto,Crypto
2023-05-09,LTC-USD,0.027585113667280448,Crypto,Crypto
2023-05-09,TRX-USD,0.009380640204090573,Crypto,Crypto
2023-05-09,XLM-USD,-0.004446012109658892,Crypto,Crypto
2023-05-09,XRP-USD,0.0022685521309444567,Crypto,Crypto
2023-05-10,ADA-USD,0.01685236969604431,Crypto,Crypto
2023-05-10,BCH-USD,-0.048600564927932854,Crypto,Crypto
2023-05-10,BTC-USD,-0.0013384371045779275,Crypto,Crypto
2023-05-10,EOS-USD,-0.0059040085636741235,Crypto,Crypto
2023-05-10,ETC-USD,0.005746733047051089,Crypto,Crypto
2023-05-10,ETH-USD,-0.0033547817757508813,Crypto,Crypto
2023-05-10,LTC-USD,0.01310138093884694,Crypto,Crypto
2023-05-10,TRX-USD,0.004733552310503875,Crypto,Crypto
2023-05-10,XLM-USD,8.978718430907584e-05,Crypto,Crypto
2023-05-10,XRP-USD,0.002291286414753513,Crypto,Crypto
2023-05-11,ADA-USD,-0.026755925589779683,Crypto,Crypto
2023-05-11,BCH-USD,-0.021873253714780105,Crypto,Crypto
2023-05-11,BTC-USD,-0.022481076150133283,Crypto,Crypto
2023-05-11,EOS-USD,-0.03208974134855114,Crypto,Crypto
2023-05-11,ETC-USD,-0.03918613528026382,Crypto,Crypto
2023-05-11,ETH-USD,-0.02491904665707234,Crypto,Crypto
2023-05-11,LTC-USD,-0.0003589307890341509,Crypto,Crypto
2023-05-11,TRX-USD,-0.024536099162453695,Crypto,Crypto
2023-05-11,XLM-USD,0.004218615676137016,Crypto,Crypto
2023-05-11,XRP-USD,-0.02087393021531292,Crypto,Crypto
2023-05-12,ADA-USD,0.028952469119860602,Crypto,Crypto
2023-05-12,BCH-USD,0.012869611670107695,Crypto,Crypto
2023-05-12,BTC-USD,-0.007251596524522896,Crypto,Crypto
2023-05-12,EOS-USD,-0.010959535289374545,Crypto,Crypto
2023-05-12,ETC-USD,0.005866100833278098,Crypto,Crypto
2023-05-12,ETH-USD,0.006417609310578776,Crypto,Crypto
2023-05-12,LTC-USD,-0.006635448998747018,Crypto,Crypto
2023-05-12,TRX-USD,0.020545027511741587,Crypto,Crypto
2023-05-12,XLM-USD,-0.004424315404825241,Crypto,Crypto
2023-05-12,XRP-USD,0.020951531904342513,Crypto,Crypto
2023-05-15,ADA-USD,-0.008843973498222524,Crypto,Crypto
2023-05-15,BCH-USD,0.00803566579922177,Crypto,Crypto
2023-05-15,BTC-USD,0.009730726801279843,Crypto,Crypto
2023-05-15,EOS-USD,0.003119685271170791,Crypto,Crypto
2023-05-15,ETC-USD,0.009424801315625064,Crypto,Crypto
2023-05-15,ETH-USD,0.009469003581360047,Crypto,Crypto
2023-05-15,LTC-USD,0.043409421286651595,Crypto,Crypto
2023-05-15,TRX-USD,0.012117968683322156,Crypto,Crypto
2023-05-15,XLM-USD,-0.007213433366372146,Crypto,Crypto
2023-05-15,XRP-USD,0.003996643687073531,Crypto,Crypto
2023-05-16,ADA-USD,0.0009469898180549663,Crypto,Crypto
2023-05-16,BCH-USD,0.005099989599624877,Crypto,Crypto
2023-05-16,BTC-USD,-0.005738415341494774,Crypto,Crypto
2023-05-16,EOS-USD,0.014544589719921897,Crypto,Crypto
2023-05-16,ETC-USD,-0.0011798707667263209,Crypto,Crypto
2023-05-16,ETH-USD,0.003615599828306948,Crypto,Crypto
2023-05-16,LTC-USD,0.03205768950530885,Crypto,Crypto
2023-05-16,TRX-USD,0.004512967183376793,Crypto,Crypto
2023-05-16,XLM-USD,-0.0020548455038359448,Crypto,Crypto
2023-05-16,XRP-USD,0.03241632163718222,Crypto,Crypto
2023-05-17,ADA-USD,0.020648132236327887,Crypto,Crypto
2023-05-17,BCH-USD,0.009793728216991315,Crypto,Crypto
2023-05-17,BTC-USD,0.013394867282656264,Crypto,Crypto
2023-05-17,EOS-USD,0.01496597839617797,Crypto,Crypto
2023-05-17,ETC-USD,0.0157869665966619,Crypto,Crypto
2023-05-17,ETH-USD,-0.0012399617404649232,Crypto,Crypto
2023-05-17,LTC-USD,0.04487108025238262,Crypto,Crypto
2023-05-17,TRX-USD,0.006987024339012882,Crypto,Crypto
2023-05-17,XLM-USD,0.007701724537034105,Crypto,Crypto
2023-05-17,XRP-USD,0.016236190613019508,Crypto,Crypto
2023-05-18,ADA-USD,-0.008915254239979076,Crypto,Crypto
2023-05-18,BCH-USD,-0.0218605710242602,Crypto,Crypto
2023-05-18,BTC-USD,-0.02067950762275983,Crypto,Crypto
2023-05-18,EOS-USD,-0.023322186126756406,Crypto,Crypto
2023-05-18,ETC-USD,-0.01178276904114317,Crypto,Crypto
2023-05-18,ETH-USD,-0.011049755592651422,Crypto,Crypto
2023-05-18,LTC-USD,-0.03564633279742957,Crypto,Crypto
2023-05-18,TRX-USD,-0.010921583090038434,Crypto,Crypto
2023-05-18,XLM-USD,0.0018175820212380511,Crypto,Crypto
2023-05-18,XRP-USD,0.026104046671342473,Crypto,Crypto
2023-05-19,ADA-USD,-0.010382249997717197,Crypto,Crypto
2023-05-19,BCH-USD,0.0008055153910480062,Crypto,Crypto
2023-05-19,BTC-USD,0.0021585968530852817,Crypto,Crypto
2023-05-19,EOS-USD,-0.004148271928508085,Crypto,Crypto
2023-05-19,ETC-USD,-0.0019817337383722933,Crypto,Crypto
2023-05-19,ETH-USD,0.0060280790473556944,Crypto,Crypto
2023-05-19,LTC-USD,0.012805831656504507,Crypto,Crypto
2023-05-19,TRX-USD,0.005677627425380027,Crypto,Crypto
2023-05-19,XLM-USD,0.005228756084662001,Crypto,Crypto
2023-05-19,XRP-USD,0.016691344442508527,Crypto,Crypto
2023-05-22,ADA-USD,0.021184150285284753,Crypto,Crypto
2023-05-22,BCH-USD,0.0010071845744252794,Crypto,Crypto
2023-05-22,BTC-USD,0.0036425134576618667,Crypto,Crypto
2023-05-22,EOS-USD,1.1199709366582766e-06,Crypto,Crypto
2023-05-22,ETC-USD,0.017164824049762606,Crypto,Crypto
2023-05-22,ETH-USD,0.0072059805498594365,Crypto,Crypto
2023-05-22,LTC-USD,-0.014443113518976536,Crypto,Crypto
2023-05-22,TRX-USD,0.040519596749887254,Crypto,Crypto
2023-05-22,XLM-USD,0.00015885756470601642,Crypto,Crypto
2023-05-22,XRP-USD,0.008853677139654348,Crypto,Crypto
2023-05-23,ADA-USD,0.006758217774153197,Crypto,Crypto
2023-05-23,BCH-USD,0.00767125749991715,Crypto,Crypto
2023-05-23,BTC-USD,0.013945303754316907,Crypto,Crypto
2023-05-23,EOS-USD,0.010353279736717624,Crypto,Crypto
2023-05-23,ETC-USD,0.006553296658674768,Crypto,Crypto
2023-05-23,ETH-USD,0.020272418111193735,Crypto,Crypto
2023-05-23,LTC-USD,0.007545750659117445,Crypto,Crypto
2023-05-23,TRX-USD,0.004004277354753949,Crypto,Crypto
2023-05-23,XLM-USD,6.804684835315378e-05,Crypto,Crypto
2023-05-23,XRP-USD,0.008295048040969588,Crypto,Crypto
2023-05-24,ADA-USD,-0.01686980850074571,Crypto,Crypto
2023-05-24,BCH-USD,-0.0299347576809047,Crypto,Crypto
2023-05-24,BTC-USD,-0.03272302765106416,Crypto,Crypto
2023-05-24,EOS-USD,-0.027180113300469766,Crypto,Crypto
2023-05-24,ETC-USD,-0.03153459152150773,Crypto,Crypto
2023-05-24,ETH-USD,-0.02927157413235626,Crypto,Crypto
2023-05-24,LTC-USD,-0.06146264668392887,Crypto,Crypto
2023-05-24,TRX-USD,-0.020170518141001348,Crypto,Crypto
2023-05-24,XLM-USD,-0.018571214845206074,Crypto,Crypto
2023-05-24,XRP-USD,-0.025398023299765038,Crypto,Crypto
2023-05-25,ADA-USD,-0.015973273690614187,Crypto,Crypto
2023-05-25,BCH-USD,-0.0021765684914543115,Crypto,Crypto
2023-05-25,BTC-USD,0.005368887301425707,Crypto,Crypto
2023-05-25,EOS-USD,0.007693375391895518,Crypto,Crypto
2023-05-25,ETC-USD,-0.004153083600777263,Crypto,Crypto
2023-05-25,ETH-USD,0.0032519081412238915,Crypto,Crypto
2023-05-25,LTC-USD,0.006980333988630516,Crypto,Crypto
2023-05-25,TRX-USD,-0.0011054081091359524,Crypto,Crypto
2023-05-25,XLM-USD,0.005976138851051749,Crypto,Crypto
2023-05-25,XRP-USD,0.0002756134583989933,Crypto,Crypto
2023-05-26,ADA-USD,0.01246602799081531,Crypto,Crypto
2023-05-26,BCH-USD,0.01184130464058919,Crypto,Crypto
2023-05-26,BTC-USD,0.009181223884829448,Crypto,Crypto
2023-05-26,EOS-USD,0.04076292963839068,Crypto,Crypto
2023-05-26,ETC-USD,0.01811951769143061,Crypto,Crypto
2023-05-26,ETH-USD,0.012589448704585227,Crypto,Crypto
2023-05-26,LTC-USD,0.0077065091793409035,Crypto,Crypto
2023-05-26,TRX-USD,-0.01723663986786772,Crypto,Crypto
2023-05-26,XLM-USD,0.009238507791488937,Crypto,Crypto
2023-05-26,XRP-USD,0.033953775510948025,Crypto,Crypto
2023-05-30,ADA-USD,-0.0031755826237879203,Crypto,Crypto
2023-05-30,BCH-USD,-0.007351777061542553,Crypto,Crypto
2023-05-30,BTC-USD,-0.0015690671469931194,Crypto,Crypto
2023-05-30,EOS-USD,0.01768002939559299,Crypto,Crypto
2023-05-30,ETC-USD,-0.005366666483219262,Crypto,Crypto
2023-05-30,ETH-USD,0.004198710144688311,Crypto,Crypto
2023-05-30,LTC-USD,0.014567542941537726,Crypto,Crypto
2023-05-30,TRX-USD,0.003177551368995335,Crypto,Crypto
2023-05-30,XLM-USD,0.017108015111544805,Crypto,Crypto
2023-05-30,XRP-USD,0.05623186021360893,Crypto,Crypto
2023-05-31,ADA-USD,-0.009342924627727234,Crypto,Crypto
2023-05-31,BCH-USD,-0.007621400053917204,Crypto,Crypto
2023-05-31,BTC-USD,-0.01742420455507676,Crypto,Crypto
2023-05-31,EOS-USD,-0.02302941696301175,Crypto,Crypto
2023-05-31,ETC-USD,-0.01447901539772145,Crypto,Crypto
2023-05-31,ETH-USD,-0.014148207081263298,Crypto,Crypto
2023-05-31,LTC-USD,-0.019356406647578983,Crypto,Crypto
2023-05-31,TRX-USD,-0.014659316009756895,Crypto,Crypto
2023-05-31,XLM-USD,0.019098904831981622,Crypto,Crypto
2023-05-31,XRP-USD,-0.008721354825985683,Crypto,Crypto
2023-06-01,ADA-USD,-0.025851795129779198,Crypto,Crypto
2023-06-01,BCH-USD,0.0008860319958992058,Crypto,Crypto
2023-06-01,BTC-USD,-0.014683709247646393,Crypto,Crypto
2023-06-01,EOS-USD,-0.009317462401626786,Crypto,Crypto
2023-06-01,ETC-USD,-0.010311440677966077,Crypto,Crypto
2023-06-01,ETH-USD,-0.006365126223573547,Crypto,Crypto
2023-06-01,LTC-USD,0.037920966393809374,Crypto,Crypto
2023-06-01,TRX-USD,-0.006761261850171119,Crypto,Crypto
2023-06-01,XLM-USD,-0.016105367551803695,Crypto,Crypto
2023-06-01,XRP-USD,-0.019461315666963963,Crypto,Crypto
2023-06-02,ADA-USD,0.03723361791165902,Crypto,Crypto
2023-06-02,BCH-USD,0.012895919334114048,Crypto,Crypto
2023-06-02,BTC-USD,0.01601855426947596,Crypto,Crypto
2023-06-02,EOS-USD,0.027306010699223116,Crypto,Crypto
2023-06-02,ETC-USD,0.01879882174883818,Crypto,Crypto
2023-06-02,ETH-USD,0.024194577124557304,Crypto,Crypto
2023-06-02,LTC-USD,0.015381246721033248,Crypto,Crypto
2023-06-02,TRX-USD,0.10673642184398302,Crypto,Crypto
2023-06-02,XLM-USD,0.010517451652244603,Crypto,Crypto
2023-06-02,XRP-USD,0.035618720236126666,Crypto,Crypto
2023-06-05,ADA-USD,-0.06798645716963114,Crypto,Crypto
2023-06-05,BCH-USD,-0.05990136861170714,Crypto,Crypto
2023-06-05,BTC-USD,-0.05011119223804861,Crypto,Crypto
2023-06-05,EOS-USD,-0.07745424578017668,Crypto,Crypto
2023-06-05,ETC-USD,-0.06599428214206404,Crypto,Crypto
2023-06-05,ETH-USD,-0.041621061468822385,Crypto,Crypto
2023-06-05,LTC-USD,-0.06846240660881409,Crypto,Crypto
2023-06-05,TRX-USD,-0.038427577993436546,Crypto,Crypto
2023-06-05,XLM-USD,-0.03810127108591388,Crypto,Crypto
2023-06-05,XRP-USD,-0.04761433396043535,Crypto,Crypto
2023-06-06,ADA-USD,0.0048293792330511565,Crypto,Crypto
2023-06-06,BCH-USD,0.055048502226831886,Crypto,Crypto
2023-06-06,BTC-USD,0.057402171630208665,Crypto,Crypto
2023-06-06,EOS-USD,0.05974092774508666,Crypto,Crypto
2023-06-06,ETC-USD,0.03431177374719985,Crypto,Crypto
2023-06-06,ETH-USD,0.040106725970251,Crypto,Crypto
2023-06-06,LTC-USD,0.03513550347239569,Crypto,Crypto
2023-06-06,TRX-USD,-0.0014422442332102658,Crypto,Crypto
2023-06-06,XLM-USD,0.020237497101337265,Crypto,Crypto
2023-06-06,XRP-USD,0.0393225964295183,Crypto,Crypto
2023-06-07,ADA-USD,-0.08887666439795538,Crypto,Crypto
2023-06-07,BCH-USD,-0.031365080529825784,Crypto,Crypto
2023-06-07,BTC-USD,-0.03277624957004588,Crypto,Crypto
2023-06-07,EOS-USD,-0.03150599258807685,Crypto,Crypto
2023-06-07,ETC-USD,-0.03928056028912663,Crypto,Crypto
2023-06-07,ETH-USD,-0.027646069882318547,Crypto,Crypto
2023-06-07,LTC-USD,-0.022792678792598275,Crypto,Crypto
2023-06-07,TRX-USD,-0.019083767364831195,Crypto,Crypto
2023-06-07,XLM-USD,-0.026002139845615058,Crypto,Crypto
2023-06-07,XRP-USD,-0.020427409480467285,Crypto,Crypto
2023-06-08,ADA-USD,0.0027275194646128043,Crypto,Crypto
2023-06-08,BCH-USD,0.005326461212089795,Crypto,Crypto
2023-06-08,BTC-USD,0.0061572444403654725,Crypto,Crypto
2023-06-08,EOS-USD,0.03375375055874086,Crypto,Crypto
2023-06-08,ETC-USD,0.004886864148425429,Crypto,Crypto
2023-06-08,ETH-USD,0.0075889075389308225,Crypto,Crypto
2023-06-08,LTC-USD,-0.004297526537207053,Crypto,Crypto
2023-06-08,TRX-USD,0.009825239856726231,Crypto,Crypto
2023-06-08,XLM-USD,-0.0023238872425960233,Crypto,Crypto
2023-06-08,XRP-USD,0.00946453800686875,Crypto,Crypto
2023-06-09,ADA-USD,-0.08589015387311116,Crypto,Crypto
2023-06-09,BCH-USD,-0.00894784498592649,Crypto,Crypto
2023-06-09,BTC-USD,-0.0010503081775867784,Crypto,Crypto
2023-06-09,EOS-USD,0.0029107645558779094,Crypto,Crypto
2023-06-09,ETC-USD,-0.0029586536127881313,Crypto,Crypto
2023-06-09,ETH-USD,-0.003291260341800495,Crypto,Crypto
2023-06-09,LTC-USD,0.008652675191188619,Crypto,Crypto
2023-06-09,TRX-USD,-0.0711142739931141,Crypto,Crypto
2023-06-09,XLM-USD,0.02111305604178826,Crypto,Crypto
2023-06-09,XRP-USD,0.02549059579188362,Crypto,Crypto
2023-06-12,ADA-USD,0.008869095736802057,Crypto,Crypto
2023-06-12,BCH-USD,-0.0009718121789330514,Crypto,Crypto
2023-06-12,BTC-USD,-0.001452109670044499,Crypto,Crypto
2023-06-12,EOS-USD,-0.013936605072029762,Crypto,Crypto
2023-06-12,ETC-USD,0.004766094883705829,Crypto,Crypto
2023-06-12,ETH-USD,-0.006208795362955821,Crypto,Crypto
2023-06-12,LTC-USD,-0.0019413490859084837,Crypto,Crypto
2023-06-12,TRX-USD,0.012197795582693072,Crypto,Crypto
2023-06-12,XLM-USD,-0.005076964979843557,Crypto,Crypto
2023-06-12,XRP-USD,0.008633634535087031,Crypto,Crypto
2023-06-13,ADA-USD,-0.00022537460130089837,Crypto,Crypto
2023-06-13,BCH-USD,0.024773901460955816,Crypto,Crypto
2023-06-13,BTC-USD,0.0006265231396582749,Crypto,Crypto
2023-06-13,EOS-USD,-0.00043278769162047315,Crypto,Crypto
2023-06-13,ETC-USD,0.006572858673246307,Crypto,Crypto
2023-06-13,ETH-USD,-0.0020034613456795247,Crypto,Crypto
2023-06-13,LTC-USD,-0.0013445969770524702,Crypto,Crypto
2023-06-13,TRX-USD,0.01247308548201942,Crypto,Crypto
2023-06-13,XLM-USD,-0.006727670742621705,Crypto,Crypto
2023-06-13,XRP-USD,-0.010718656800604576,Crypto,Crypto
2023-06-14,ADA-USD,-0.042765800668234655,Crypto,Crypto
2023-06-14,BCH-USD,-0.03306023144292691,Crypto,Crypto
2023-06-14,BTC-USD,-0.030636253390914137,Crypto,Crypto
2023-06-14,EOS-USD,-0.05588577871747635,Crypto,Crypto
2023-06-14,ETC-USD,-0.033541613027031514,Crypto,Crypto
2023-06-14,ETH-USD,-0.050900745714856144,Crypto,Crypto
2023-06-14,LTC-USD,-0.05527274575776275,Crypto,Crypto
2023-06-14,TRX-USD,-0.013264952518982853,Crypto,Crypto
2023-06-14,XLM-USD,-0.03974262992295019,Crypto,Crypto
2023-06-14,XRP-USD,-0.07665270964329651,Crypto,Crypto
2023-06-15,ADA-USD,-0.00482100050054346,Crypto,Crypto
2023-06-15,BCH-USD,0.02873481333269079,Crypto,Crypto
2023-06-15,BTC-USD,0.017979087727655774,Crypto,Crypto
2023-06-15,EOS-USD,0.004406965996237133,Crypto,Crypto
2023-06-15,ETC-USD,0.021302574243587058,Crypto,Crypto
2023-06-15,ETH-USD,0.00908834473998854,Crypto,Crypto
2023-06-15,LTC-USD,0.01863152798238188,Crypto,Crypto
2023-06-15,TRX-USD,-0.00019727529121205123,Crypto,Crypto
2023-06-15,XLM-USD,-0.03702163292293448,Crypto,Crypto
2023-06-15,XRP-USD,-0.0002123683922601316,Crypto,Crypto
2023-06-16,ADA-USD,0.004687810373320556,Crypto,Crypto
2023-06-16,BCH-USD,0.03193303257657454,Crypto,Crypto
2023-06-16,BTC-USD,0.029365685552642073,Crypto,Crypto
2023-06-16,EOS-USD,-0.016532576639526786,Crypto,Crypto
2023-06-16,ETC-USD,0.012072115007811801,Crypto,Crypto
2023-06-16,ETH-USD,0.030710561716126294,Crypto,Crypto
2023-06-16,LTC-USD,0.020431539519195185,Crypto,Crypto
2023-06-16,TRX-USD,-0.0061450934706530624,Crypto,Crypto
2023-06-16,XLM-USD,0.014269418986099236,Crypto,Crypto
2023-06-16,XRP-USD,-0.009112365439118975,Crypto,Crypto
2023-06-20,ADA-USD,0.027679380079774107,Crypto,Crypto
2023-06-20,BCH-USD,0.029808489565015917,Crypto,Crypto
2023-06-20,BTC-USD,0.05498705349618893,Crypto,Crypto
2023-06-20,EOS-USD,0.017886322458607218,Crypto,Crypto
2023-06-20,ETC-USD,0.028501656776341866,Crypto,Crypto
2023-06-20,ETH-USD,0.03134133797581806,Crypto,Crypto
2023-06-20,LTC-USD,0.03728746750546419,Crypto,Crypto
2023-06-20,TRX-USD,0.008889712365350855,Crypto,Crypto
2023-06-20,XLM-USD,0.03620159286225988,Crypto,Crypto
2023-06-20,XRP-USD,-0.0010640515417482677,Crypto,Crypto
2023-06-21,ADA-USD,0.06166930665824699,Crypto,Crypto
2023-06-21,BCH-USD,0.2376461564331187,Crypto,Crypto
2023-06-21,BTC-USD,0.06000562340273241,Crypto,Crypto
2023-06-21,EOS-USD,0.06477396909731503,Crypto,Crypto
2023-06-21,ETC-USD,0.06319647126357752,Crypto,Crypto
2023-06-21,ETH-USD,0.05517889834423939,Crypto,Crypto
2023-06-21,LTC-USD,0.06025290302869557,Crypto,Crypto
2023-06-21,TRX-USD,0.025399796761096383,Crypto,Crypto
2023-06-21,XLM-USD,0.047439186650959364,Crypto,Crypto
2023-06-21,XRP-USD,0.01587637130620534,Crypto,Crypto
2023-06-22,ADA-USD,0.011543571306780853,Crypto,Crypto
2023-06-22,BCH-USD,-0.015014028530962342,Crypto,Crypto
2023-06-22,BTC-USD,-0.0038303689299371557,Crypto,Crypto
2023-06-22,EOS-USD,-0.0028884157853802384,Crypto,Crypto
2023-06-22,ETC-USD,-0.008790433090765881,Crypto,Crypto
2023-06-22,ETH-USD,-0.00955269179506646,Crypto,Crypto
2023-06-22,LTC-USD,0.010833848170576754,Crypto,Crypto
2023-06-22,TRX-USD,-0.006189260228491089,Crypto,Crypto
2023-06-22,XLM-USD,-0.001129154152461398,Crypto,Crypto
2023-06-22,XRP-USD,-0.011424099802530119,Crypto,Crypto
2023-06-23,ADA-USD,0.021249448738195564,Crypto,Crypto
2023-06-23,BCH-USD,0.3568941754827186,Crypto,Crypto
2023-06-23,BTC-USD,0.02618280743799839,Crypto,Crypto
2023-06-23,EOS-USD,0.08824410687843365,Crypto,Crypto
2023-06-23,ETC-USD,0.13202041260331487,Crypto,Crypto
2023-06-23,ETH-USD,0.010635170133588723,Crypto,Crypto
2023-06-23,LTC-USD,0.05970980896335876,Crypto,Crypto
2023-06-23,TRX-USD,0.016903940575982546,Crypto,Crypto
2023-06-23,XLM-USD,0.031961949331891004,Crypto,Crypto
2023-06-23,XRP-USD,0.0032142976487188335,Crypto,Crypto
2023-06-26,ADA-USD,-0.04095098696588639,Crypto,Crypto
2023-06-26,BCH-USD,0.1437126524727126,Crypto,Crypto
2023-06-26,BTC-USD,-0.006861189753050945,Crypto,Crypto
2023-06-26,EOS-USD,-0.007543960447249365,Crypto,Crypto
2023-06-26,ETC-USD,0.013696403419146463,Crypto,Crypto
2023-06-26,ETH-USD,-0.021611739163331922,Crypto,Crypto
2023-06-26,LTC-USD,-0.011322163973026655,Crypto,Crypto
2023-06-26,TRX-USD,0.00777270865192059,Crypto,Crypto
2023-06-26,XLM-USD,0.0052157153056480166,Crypto,Crypto
2023-06-26,XRP-USD,-0.022324099387233565,Crypto,Crypto
2023-06-27,ADA-USD,0.021993662459250274,Crypto,Crypto
2023-06-27,BCH-USD,0.02998372260700477,Crypto,Crypto
2023-06-27,BTC-USD,0.013776598074988877,Crypto,Crypto
2023-06-27,EOS-USD,0.005172098661360147,Crypto,Crypto
2023-06-27,ETC-USD,0.004080474615429264,Crypto,Crypto
2023-06-27,ETH-USD,0.016279430380120807,Crypto,Crypto
2023-06-27,LTC-USD,0.00827919224092244,Crypto,Crypto
2023-06-27,TRX-USD,0.008675327046700598,Crypto,Crypto
2023-06-27,XLM-USD,0.10866877687191745,Crypto,Crypto
2023-06-27,XRP-USD,0.009404731357740559,Crypto,Crypto
2023-06-28,ADA-USD,-0.06753806109746441,Crypto,Crypto
2023-06-28,BCH-USD,-0.020841122412236013,Crypto,Crypto
2023-06-28,BTC-USD,-0.01961401038928634,Crypto,Crypto
2023-06-28,EOS-USD,-0.07519928978967638,Crypto,Crypto
2023-06-28,ETC-USD,-0.06333197713795424,Crypto,Crypto
2023-06-28,ETH-USD,-0.03266765501002877,Crypto,Crypto
2023-06-28,LTC-USD,-0.05610480565904086,Crypto,Crypto
2023-06-28,TRX-USD,-0.008990398440297254,Crypto,Crypto
2023-06-28,XLM-USD,-0.016879666141633054,Crypto,Crypto
2023-06-28,XRP-USD,-0.03847963803580612,Crypto,Crypto
2023-06-29,ADA-USD,0.03142200791013283,Crypto,Crypto
2023-06-29,BCH-USD,0.12450795760915545,Crypto,Crypto
2023-06-29,BTC-USD,0.011935868224670187,Crypto,Crypto
2023-06-29,EOS-USD,0.01692288296311406,Crypto,Crypto
2023-06-29,ETC-USD,0.02889162730898942,Crypto,Crypto
2023-06-29,ETH-USD,0.013269412357076016,Crypto,Crypto
2023-06-29,LTC-USD,0.020644087976191106,Crypto,Crypto
2023-06-29,TRX-USD,0.009532972739668466,Crypto,Crypto
2023-06-29,XLM-USD,0.01945011833550292,Crypto,Crypto
2023-06-29,XRP-USD,0.02042035174302037,Crypto,Crypto
2023-06-30,ADA-USD,0.041340769314044845,Crypto,Crypto
2023-06-30,BCH-USD,0.2034338281160586,Crypto,Crypto
2023-06-30,BTC-USD,0.0010477918298796851,Crypto,Crypto
2023-06-30,EOS-USD,0.10755370488484561,Crypto,Crypto
2023-06-30,ETC-USD,0.16394923997079647,Crypto,Crypto
2023-06-30,ETH-USD,0.04371043993566137,Crypto,Crypto
2023-06-30,LTC-USD,0.2758975797046421,Crypto,Crypto
2023-06-30,TRX-USD,0.023614138639628246,Crypto,Crypto
2023-06-30,XLM-USD,0.08138596632201445,Crypto,Crypto
2023-06-30,XRP-USD,-0.001442963214262849,Crypto,Crypto
2023-07-03,ADA-USD,0.014572529475271878,Crypto,Crypto
2023-07-03,BCH-USD,-0.03377445899475884,Crypto,Crypto
2023-07-03,BTC-USD,0.01749367929268808,Crypto,Crypto
2023-07-03,EOS-USD,0.0005316309515726036,Crypto,Crypto
2023-07-03,ETC-USD,-0.017636483102609013,Crypto,Crypto
2023-07-03,ETH-USD,0.009265226747700916,Crypto,Crypto
2023-07-03,LTC-USD,-0.055393680308595594,Crypto,Crypto
2023-07-03,TRX-USD,0.017819091669617926,Crypto,Crypto
2023-07-03,XLM-USD,-0.014530208377240172,Crypto,Crypto
2023-07-03,XRP-USD,0.01043157893636093,Crypto,Crypto
2023-07-05,ADA-USD,-0.027831763003219434,Crypto,Crypto
2023-07-05,BCH-USD,-0.0017725064235574184,Crypto,Crypto
2023-07-05,BTC-USD,-0.0085586975402272,Crypto,Crypto
2023-07-05,EOS-USD,-0.02793823844871468,Crypto,Crypto
2023-07-05,ETC-USD,-0.005817060745694103,Crypto,Crypto
2023-07-05,ETH-USD,-0.013448869712526457,Crypto,Crypto
2023-07-05,LTC-USD,-0.019262527014292985,Crypto,Crypto
2023-07-05,TRX-USD,2.6005011523499988e-05,Crypto,Crypto
2023-07-05,XLM-USD,-0.027380336322055943,Crypto,Crypto
2023-07-05,XRP-USD,-0.019617012643392995,Crypto,Crypto
2023-07-06,ADA-USD,-0.016771460356828305,Crypto,Crypto
2023-07-06,BCH-USD,0.01968795266658918,Crypto,Crypto
2023-07-06,BTC-USD,-0.019821224171432172,Crypto,Crypto
2023-07-06,EOS-USD,-0.026727815527346266,Crypto,Crypto
2023-07-06,ETC-USD,-0.03233494209414711,Crypto,Crypto
2023-07-06,ETH-USD,-0.0324253777759973,Crypto,Crypto
2023-07-06,LTC-USD,-0.06842429374010561,Crypto,Crypto
2023-07-06,TRX-USD,0.0015959314912403766,Crypto,Crypto
2023-07-06,XLM-USD,-0.045715682724643325,Crypto,Crypto
2023-07-06,XRP-USD,-0.03038644030197879,Crypto,Crypto
2023-07-07,ADA-USD,0.017250610670552335,Crypto,Crypto
2023-07-07,BCH-USD,0.004050063142950755,Crypto,Crypto
2023-07-07,BTC-USD,0.014474667943441766,Crypto,Crypto
2023-07-07,EOS-USD,0.038081543757281455,Crypto,Crypto
2023-07-07,ETC-USD,0.022792427158444983,Crypto,Crypto
2023-07-07,ETH-USD,0.01188230609685803,Crypto,Crypto
2023-07-07,LTC-USD,0.02691881800372342,Crypto,Crypto
2023-07-07,TRX-USD,0.020674865538236054,Crypto,Crypto
2023-07-07,XLM-USD,0.012666553667370462,Crypto,Crypto
2023-07-07,XRP-USD,0.01083795577506863,Crypto,Crypto
2023-07-10,ADA-USD,0.011946962752933832,Crypto,Crypto
2023-07-10,BCH-USD,0.034029614863352986,Crypto,Crypto
2023-07-10,BTC-USD,0.008061862007427312,Crypto,Crypto
2023-07-10,EOS-USD,0.001462934246196923,Crypto,Crypto
2023-07-10,ETC-USD,0.01665336826455399,Crypto,Crypto
2023-07-10,ETH-USD,0.009418432035694924,Crypto,Crypto
2023-07-10,LTC-USD,0.016303879947807687,Crypto,Crypto
2023-07-10,TRX-USD,0.0006836153430804792,Crypto,Crypto
2023-07-10,XLM-USD,0.008857605945836067,Crypto,Crypto
2023-07-10,XRP-USD,0.0194514935158403,Crypto,Crypto
2023-07-11,ADA-USD,0.016761019494847318,Crypto,Crypto
2023-07-11,BCH-USD,-0.002021090470833542,Crypto,Crypto
2023-07-11,BTC-USD,0.006788889103658935,Crypto,Crypto
2023-07-11,EOS-USD,0.004277679649087096,Crypto,Crypto
2023-07-11,ETC-USD,-0.0021545410771093287,Crypto,Crypto
2023-07-11,ETH-USD,-0.0011806808443571848,Crypto,Crypto
2023-07-11,LTC-USD,0.0005695346970144843,Crypto,Crypto
2023-07-11,TRX-USD,-0.0030675415139369555,Crypto,Crypto
2023-07-11,XLM-USD,-0.012904404799377045,Crypto,Crypto
2023-07-11,XRP-USD,-0.004071876865515245,Crypto,Crypto
2023-07-12,ADA-USD,-0.01386526799779586,Crypto,Crypto
2023-07-12,BCH-USD,0.030911194504151807,Crypto,Crypto
2023-07-12,BTC-USD,-0.007488490028050299,Crypto,Crypto
2023-07-12,EOS-USD,-0.01229439041982483,Crypto,Crypto
2023-07-12,ETC-USD,-0.005062817296804911,Crypto,Crypto
2023-07-12,ETH-USD,-0.0033126606963430616,Crypto,Crypto
2023-07-12,LTC-USD,-0.00523065125691391,Crypto,Crypto
2023-07-12,TRX-USD,0.006490035694859175,Crypto,Crypto
2023-07-12,XLM-USD,-0.023702078340096633,Crypto,Crypto
2023-07-12,XRP-USD,-0.009698993533649336,Crypto,Crypto
2023-07-13,ADA-USD,0.23860806218444597,Crypto,Crypto
2023-07-13,BCH-USD,-0.029012753378579115,Crypto,Crypto
2023-07-13,BTC-USD,0.03568093437476372,Crypto,Crypto
2023-07-13,EOS-USD,0.11584100938814301,Crypto,Crypto
2023-07-13,ETC-USD,0.07504503621465664,Crypto,Crypto
2023-07-13,ETH-USD,0.07178928293005193,Crypto,Crypto
2023-07-13,LTC-USD,0.05865129548902992,Crypto,Crypto
2023-07-13,TRX-USD,0.04870846773236526,Crypto,Crypto
2023-07-13,XLM-USD,0.6089319041456984,Crypto,Crypto
2023-07-13,XRP-USD,0.7307500458163925,Crypto,Crypto
2023-07-14,ADA-USD,-0.08068320244019445,Crypto,Crypto
2023-07-14,BCH-USD,-0.036125898335715445,Crypto,Crypto
2023-07-14,BTC-USD,-0.036280934592069825,Crypto,Crypto
2023-07-14,EOS-USD,-0.03895487943206355,Crypto,Crypto
2023-07-14,ETC-USD,-0.055001599339160046,Crypto,Crypto
2023-07-14,ETH-USD,-0.03347323429785665,Crypto,Crypto
2023-07-14,LTC-USD,-0.06640506582661376,Crypto,Crypto
2023-07-14,TRX-USD,-0.02164303174557114,Crypto,Crypto
2023-07-14,XLM-USD,-0.12891357636519007,Crypto,Crypto
2023-07-14,XRP-USD,-0.11799382362949673,Crypto,Crypto
2023-07-17,ADA-USD,-0.007605988176518252,Crypto,Crypto
2023-07-17,BCH-USD,-0.030215635565844168,Crypto,Crypto
2023-07-17,BTC-USD,-0.0034131272874816654,Crypto,Crypto
2023-07-17,EOS-USD,0.02738014187183202,Crypto,Crypto
2023-07-17,ETC-USD,0.014944572238693166,Crypto,Crypto
2023-07-17,ETH-USD,-0.0062566304215256885,Crypto,Crypto
2023-07-17,LTC-USD,-0.006585542371897346,Crypto,Crypto
2023-07-17,TRX-USD,0.0017539233416954403,Crypto,Crypto
2023-07-17,XLM-USD,-0.02073205577298365,Crypto,Crypto
2023-07-17,XRP-USD,-0.010249610701541734,Crypto,Crypto
2023-07-18,ADA-USD,-0.01628856758894348,Crypto,Crypto
2023-07-18,BCH-USD,0.00827899071143623,Crypto,Crypto
2023-07-18,BTC-USD,-0.009597533349379406,Crypto,Crypto
2023-07-18,EOS-USD,-0.025916207071370545,Crypto,Crypto
2023-07-18,ETC-USD,-0.01736197042601806,Crypto,Crypto
2023-07-18,ETH-USD,-0.007348051957174251,Crypto,Crypto
2023-07-18,LTC-USD,-0.0085621439277076,Crypto,Crypto
2023-07-18,TRX-USD,-0.002251135980857133,Crypto,Crypto
2023-07-18,XLM-USD,0.030918956172212297,Crypto,Crypto
2023-07-18,XRP-USD,0.05456537687023233,Crypto,Crypto
2023-07-19,ADA-USD,0.05242045764454817,Crypto,Crypto
2023-07-19,BCH-USD,-2.841007717302446e-05,Crypto,Crypto
2023-07-19,BTC-USD,0.0019212301525000086,Crypto,Crypto
2023-07-19,EOS-USD,0.003333785247320531,Crypto,Crypto
2023-07-19,ETC-USD,0.002074755483602031,Crypto,Crypto
2023-07-19,ETH-USD,-0.004527462068031229,Crypto,Crypto
2023-07-19,LTC-USD,0.007197309211398606,Crypto,Crypto
2023-07-19,TRX-USD,0.006192147075446908,Crypto,Crypto
2023-07-19,XLM-USD,0.17337534836762236,Crypto,Crypto
2023-07-19,XRP-USD,0.05279270705969519,Crypto,Crypto
2023-07-20,ADA-USD,-0.02293571938855643,Crypto,Crypto
2023-07-20,BCH-USD,-0.0012503286764667942,Crypto,Crypto
2023-07-20,BTC-USD,-0.0040752996439197275,Crypto,Crypto
2023-07-20,EOS-USD,0.008354966877011982,Crypto,Crypto
2023-07-20,ETC-USD,-0.0055328995217448496,Crypto,Crypto
2023-07-20,ETH-USD,0.0010382072011101418,Crypto,Crypto
2023-07-20,LTC-USD,0.00238993409758792,Crypto,Crypto
2023-07-20,TRX-USD,0.005119982624934405,Crypto,Crypto
2023-07-20,XLM-USD,0.04681860180038622,Crypto,Crypto
2023-07-20,XRP-USD,-0.03245546268886956,Crypto,Crypto
2023-07-21,ADA-USD,-0.008861319584802296,Crypto,Crypto
2023-07-21,BCH-USD,0.008836905863814026,Crypto,Crypto
2023-07-21,BTC-USD,0.0039181140710413676,Crypto,Crypto
2023-07-21,EOS-USD,0.026051881721728565,Crypto,Crypto
2023-07-21,ETC-USD,0.002999409610849435,Crypto,Crypto
2023-07-21,ETH-USD,0.0005875092853386832,Crypto,Crypto
2023-07-21,LTC-USD,0.018075018947119048,Crypto,Crypto
2023-07-21,TRX-USD,-0.0015120198374343197,Crypto,Crypto
2023-07-21,XLM-USD,-0.03798806943411215,Crypto,Crypto
2023-07-21,XRP-USD,-0.027146655669387454,Crypto,Crypto
2023-07-24,ADA-USD,-0.037375082501552304,Crypto,Crypto
2023-07-24,BCH-USD,-0.044229068481814404,Crypto,Crypto
2023-07-24,BTC-USD,-0.03016908602087709,Crypto,Crypto
2023-07-24,EOS-USD,-0.046136159727843795,Crypto,Crypto
2023-07-24,ETC-USD,-0.031234578957471726,Crypto,Crypto
2023-07-24,ETH-USD,-0.020744097184215993,Crypto,Crypto
2023-07-24,LTC-USD,-0.0440215530154473,Crypto,Crypto
2023-07-24,TRX-USD,-0.02256391932212165,Crypto,Crypto
2023-07-24,XLM-USD,-0.06601096335228784,Crypto,Crypto
2023-07-24,XRP-USD,-0.048624373479187244,Crypto,Crypto
2023-07-25,ADA-USD,-0.00423174649347402,Crypto,Crypto
2023-07-25,BCH-USD,-0.004587824475043467,Crypto,Crypto
2023-07-25,BTC-USD,0.0017299501204297574,Crypto,Crypto
2023-07-25,EOS-USD,-0.005443046404684848,Crypto,Crypto
2023-07-25,ETC-USD,-0.001986364982615396,Crypto,Crypto
2023-07-25,ETH-USD,0.00418370782813593,Crypto,Crypto
2023-07-25,LTC-USD,0.004239176971368774,Crypto,Crypto
2023-07-25,TRX-USD,0.004995003350758642,Crypto,Crypto
2023-07-25,XLM-USD,-0.004108994351282758,Crypto,Crypto
2023-07-25,XRP-USD,0.009725845685148338,Crypto,Crypto
2023-07-26,ADA-USD,0.00863111278587314,Crypto,Crypto
2023-07-26,BCH-USD,0.01828144098910922,Crypto,Crypto
2023-07-26,BTC-USD,0.004365152978824893,Crypto,Crypto
2023-07-26,EOS-USD,0.0024302276200127704,Crypto,Crypto
2023-07-26,ETC-USD,0.012323495854206445,Crypto,Crypto
2023-07-26,ETH-USD,0.007761018047494739,Crypto,Crypto
2023-07-26,LTC-USD,0.012174714061964798,Crypto,Crypto
2023-07-26,TRX-USD,0.005580679242096931,Crypto,Crypto
2023-07-26,XLM-USD,0.07333754775739987,Crypto,Crypto
2023-07-26,XRP-USD,0.008735911094326587,Crypto,Crypto
2023-07-27,ADA-USD,0.002882838403310606,Crypto,Crypto
2023-07-27,BCH-USD,0.011562424747209032,Crypto,Crypto
2023-07-27,BTC-USD,-0.004915119656712763,Crypto,Crypto
2023-07-27,EOS-USD,-0.0024256991797818594,Crypto,Crypto
2023-07-27,ETC-USD,0.0028044859269227285,Crypto,Crypto
2023-07-27,ETH-USD,-0.006304340937255626,Crypto,Crypto
2023-07-27,LTC-USD,-0.0014086628386711375,Crypto,Crypto
2023-07-27,TRX-USD,0.0025137770053689223,Crypto,Crypto
2023-07-27,XLM-USD,0.020741230070384642,Crypto,Crypto
2023-07-27,XRP-USD,-0.003007798910061088,Crypto,Crypto
2023-07-28,ADA-USD,0.00870166735036837,Crypto,Crypto
2023-07-28,BCH-USD,-0.011779707813651674,Crypto,Crypto
2023-07-28,BTC-USD,0.0037163327075591113,Crypto,Crypto
2023-07-28,EOS-USD,0.011783227773057403,Crypto,Crypto
2023-07-28,ETC-USD,0.006922342994503783,Crypto,Crypto
2023-07-28,ETH-USD,0.007733834924120275,Crypto,Crypto
2023-07-28,LTC-USD,0.011457189108790677,Crypto,Crypto
2023-07-28,TRX-USD,0.032209616612738134,Crypto,Crypto
2023-07-28,XLM-USD,0.005394254429047507,Crypto,Crypto
2023-07-28,XRP-USD,-0.0015105663220549292,Crypto,Crypto
2023-07-31,ADA-USD,-0.02580530089739419,Crypto,Crypto
2023-07-31,BCH-USD,-0.018390140184527226,Crypto,Crypto
2023-07-31,BTC-USD,-0.0015438698273756435,Crypto,Crypto
2023-07-31,EOS-USD,-0.008795286039595451,Crypto,Crypto
2023-07-31,ETC-USD,-0.01988122072177112,Crypto,Crypto
2023-07-31,ETH-USD,-0.002944411447533879,Crypto,Crypto
2023-07-31,LTC-USD,-0.019639733479351662,Crypto,Crypto
2023-07-31,TRX-USD,-0.025604166798561145,Crypto,Crypto
2023-07-31,XLM-USD,-0.04034207669231393,Crypto,Crypto
2023-07-31,XRP-USD,-0.009381145015151415,Crypto,Crypto
2023-08-01,ADA-USD,0.008010110893198252,Crypto,Crypto
2023-08-01,BCH-USD,-0.013776567495940029,Crypto,Crypto
2023-08-01,BTC-USD,0.015245275282999904,Crypto,Crypto
2023-08-01,EOS-USD,0.003950909036590122,Crypto,Crypto
2023-08-01,ETC-USD,0.0018513587184649793,Crypto,Crypto
2023-08-01,ETH-USD,0.008420470716144157,Crypto,Crypto
2023-08-01,LTC-USD,0.017099056018563985,Crypto,Crypto
2023-08-01,TRX-USD,0.007912557128410214,Crypto,Crypto
2023-08-01,XLM-USD,0.019825271780898213,Crypto,Crypto
2023-08-01,XRP-USD,0.012440569941492674,Crypto,Crypto
2023-08-02,ADA-USD,-0.034076361772768515,Crypto,Crypto
2023-08-02,BCH-USD,-0.06462693578114342,Crypto,Crypto
2023-08-02,BTC-USD,-0.01764989082843693,Crypto,Crypto
2023-08-02,EOS-USD,-0.026109439948669988,Crypto,Crypto
2023-08-02,ETC-USD,-0.02496007596401628,Crypto,Crypto
2023-08-02,ETH-USD,-0.017471166978973995,Crypto,Crypto
2023-08-02,LTC-USD,-0.0674836637980527,Crypto,Crypto
2023-08-02,TRX-USD,-0.027215844821944057,Crypto,Crypto
2023-08-02,XLM-USD,-0.06074536997042701,Crypto,Crypto
2023-08-02,XRP-USD,-0.031130720928523425,Crypto,Crypto
2023-08-03,ADA-USD,-0.02275641191547373,Crypto,Crypto
2023-08-03,BCH-USD,-0.01545107930220646,Crypto,Crypto
2023-08-03,BTC-USD,0.0009166006009861949,Crypto,Crypto
2023-08-03,EOS-USD,-0.016759461148213695,Crypto,Crypto
2023-08-03,ETC-USD,-0.006741410039202367,Crypto,Crypto
2023-08-03,ETH-USD,-0.0021495672689105794,Crypto,Crypto
2023-08-03,LTC-USD,-0.05464986466813737,Crypto,Crypto
2023-08-03,TRX-USD,0.008384059586716175,Crypto,Crypto
2023-08-03,XLM-USD,-0.03381238173374068,Crypto,Crypto
2023-08-03,XRP-USD,-0.030735846947523293,Crypto,Crypto
2023-08-04,ADA-USD,0.0027754290139745397,Crypto,Crypto
2023-08-04,BCH-USD,0.007872199752905651,Crypto,Crypto
2023-08-04,BTC-USD,-0.0035843942133476636,Crypto,Crypto
2023-08-04,EOS-USD,0.0009702681810617175,Crypto,Crypto
2023-08-04,ETC-USD,-0.001761312499887091,Crypto,Crypto
2023-08-04,ETH-USD,-0.00404524899760117,Crypto,Crypto
2023-08-04,LTC-USD,-0.007603677113862672,Crypto,Crypto
2023-08-04,TRX-USD,-0.005084536102400117,Crypto,Crypto
2023-08-04,XLM-USD,-0.019509962126038838,Crypto,Crypto
2023-08-04,XRP-USD,-0.043057488124572774,Crypto,Crypto
2023-08-07,ADA-USD,-0.006114801003933801,Crypto,Crypto
2023-08-07,BCH-USD,0.06818616390421961,Crypto,Crypto
2023-08-07,BTC-USD,0.004776645775930843,Crypto,Crypto
2023-08-07,EOS-USD,-0.011605175344837071,Crypto,Crypto
2023-08-07,ETC-USD,-0.007680146937959043,Crypto,Crypto
2023-08-07,ETH-USD,-0.00028629506333388566,Crypto,Crypto
2023-08-07,LTC-USD,-0.0015421290317030323,Crypto,Crypto
2023-08-07,TRX-USD,-0.0013663469701088449,Crypto,Crypto
2023-08-07,XLM-USD,0.027650421083928123,Crypto,Crypto
2023-08-07,XRP-USD,-0.0018552345038796991,Crypto,Crypto
2023-08-08,ADA-USD,0.025660020715107423,Crypto,Crypto
2023-08-08,BCH-USD,0.008240953310870713,Crypto,Crypto
2023-08-08,BTC-USD,0.020044635853149417,Crypto,Crypto
2023-08-08,EOS-USD,0.007697980367193269,Crypto,Crypto
2023-08-08,ETC-USD,0.015518133157822023,Crypto,Crypto
2023-08-08,ETH-USD,0.015801585470487156,Crypto,Crypto
2023-08-08,LTC-USD,0.019580821418502037,Crypto,Crypto
2023-08-08,TRX-USD,0.0006385268892439289,Crypto,Crypto
2023-08-08,XLM-USD,0.0011050519519284485,Crypto,Crypto
2023-08-08,XRP-USD,0.03292160995243454,Crypto,Crypto
2023-08-09,ADA-USD,0.011402445322953536,Crypto,Crypto
2023-08-09,BCH-USD,-0.005723897386172183,Crypto,Crypto
2023-08-09,BTC-USD,-0.006853508270246889,Crypto,Crypto
2023-08-09,EOS-USD,-0.005810789197225108,Crypto,Crypto
2023-08-09,ETC-USD,-0.006112251451684925,Crypto,Crypto
2023-08-09,ETH-USD,-0.000813535740253668,Crypto,Crypto
2023-08-09,LTC-USD,0.0009566175269197785,Crypto,Crypto
2023-08-09,TRX-USD,-0.0010418316055500476,Crypto,Crypto
2023-08-09,XLM-USD,-0.011450684062581207,Crypto,Crypto
2023-08-09,XRP-USD,0.0014928857360658743,Crypto,Crypto
2023-08-10,ADA-USD,-0.016636808924901603,Crypto,Crypto
2023-08-10,BCH-USD,-0.026555287512402437,Crypto,Crypto
2023-08-10,BTC-USD,-0.004461964714047806,Crypto,Crypto
2023-08-10,EOS-USD,-0.006260746035034459,Crypto,Crypto
2023-08-10,ETC-USD,-0.007560843265609463,Crypto,Crypto
2023-08-10,ETH-USD,-0.0019113379853046286,Crypto,Crypto
2023-08-10,LTC-USD,-0.011943976014362367,Crypto,Crypto
2023-08-10,TRX-USD,0.007078498578589443,Crypto,Crypto
2023-08-10,XLM-USD,-0.01874966563587732,Crypto,Crypto
2023-08-10,XRP-USD,-0.016132391391635692,Crypto,Crypto
2023-08-11,ADA-USD,-0.009050091611974231,Crypto,Crypto
2023-08-11,BCH-USD,-0.012967802636048797,Crypto,Crypto
2023-08-11,BTC-USD,-0.001083159880198692,Crypto,Crypto
2023-08-11,EOS-USD,-0.0021256860104204023,Crypto,Crypto
2023-08-11,ETC-USD,-0.004741974674347449,Crypto,Crypto
2023-08-11,ETH-USD,-0.0019608383726750223,Crypto,Crypto
2023-08-11,LTC-USD,0.00556877501926567,Crypto,Crypto
2023-08-11,TRX-USD,-0.0012815133121438782,Crypto,Crypto
2023-08-11,XLM-USD,0.004659892959514522,Crypto,Crypto
2023-08-11,XRP-USD,-0.0020711423995853906,Crypto,Crypto
2023-08-14,ADA-USD,0.0037301925837114336,Crypto,Crypto
2023-08-14,BCH-USD,0.007803197576962573,Crypto,Crypto
2023-08-14,BTC-USD,0.004286776125049352,Crypto,Crypto
2023-08-14,EOS-USD,-0.0031636623918029905,Crypto,Crypto
2023-08-14,ETC-USD,-0.0009837094963087711,Crypto,Crypto
2023-08-14,ETH-USD,0.0026671519533285615,Crypto,Crypto
2023-08-14,LTC-USD,0.0011045111574892186,Crypto,Crypto
2023-08-14,TRX-USD,0.004240785887997145,Crypto,Crypto
2023-08-14,XLM-USD,-0.013234250876219544,Crypto,Crypto
2023-08-14,XRP-USD,0.013064999988576131,Crypto,Crypto
2023-08-15,ADA-USD,-0.030260415881513847,Crypto,Crypto
2023-08-15,BCH-USD,-0.006875243091107097,Crypto,Crypto
2023-08-15,BTC-USD,-0.008096168172366025,Crypto,Crypto
2023-08-15,EOS-USD,-0.05432978476051287,Crypto,Crypto
2023-08-15,ETC-USD,-0.04525584190034926,Crypto,Crypto
2023-08-15,ETH-USD,-0.009355376145865901,Crypto,Crypto
2023-08-15,LTC-USD,-0.03405481489868867,Crypto,Crypto
2023-08-15,TRX-USD,-0.014954465200636924,Crypto,Crypto
2023-08-15,XLM-USD,-0.04273409366769121,Crypto,Crypto
2023-08-15,XRP-USD,-0.03891486583734638,Crypto,Crypto
2023-08-16,ADA-USD,-0.025850105470384577,Crypto,Crypto
2023-08-16,BCH-USD,-0.09012055799055463,Crypto,Crypto
2023-08-16,BTC-USD,-0.016063173634291772,Crypto,Crypto
2023-08-16,EOS-USD,-0.07154241794906091,Crypto,Crypto
2023-08-16,ETC-USD,-0.028222281263961646,Crypto,Crypto
2023-08-16,ETH-USD,-0.011644479943617059,Crypto,Crypto
2023-08-16,LTC-USD,-0.060485234254255005,Crypto,Crypto
2023-08-16,TRX-USD,-0.02197255523345709,Crypto,Crypto
2023-08-16,XLM-USD,-0.028213125979948184,Crypto,Crypto
2023-08-16,XRP-USD,-0.034893414477655704,Crypto,Crypto
2023-08-17,ADA-USD,-0.06765695824850071,Crypto,Crypto
2023-08-17,BCH-USD,-0.11299249471759731,Crypto,Crypto
2023-08-17,BTC-USD,-0.07097917151940503,Crypto,Crypto
2023-08-17,EOS-USD,-0.0951518545966843,Crypto,Crypto
2023-08-17,ETC-USD,-0.07764436037760525,Crypto,Crypto
2023-08-17,ETH-USD,-0.06685956876976196,Crypto,Crypto
2023-08-17,LTC-USD,-0.12611762661961934,Crypto,Crypto
2023-08-17,TRX-USD,-0.024919260660653864,Crypto,Crypto
2023-08-17,XLM-USD,-0.103978347970337,Crypto,Crypto
2023-08-17,XRP-USD,-0.13799444526957383,Crypto,Crypto
2023-08-18,ADA-USD,0.03099728998867679,Crypto,Crypto
2023-08-18,BCH-USD,0.015345154717225862,Crypto,Crypto
2023-08-18,BTC-USD,-0.02306411031148714,Crypto,Crypto
2023-08-18,EOS-USD,0.006988055699999718,Crypto,Crypto
2023-08-18,ETC-USD,0.030132023093436766,Crypto,Crypto
2023-08-18,ETH-USD,-0.014237003254733094,Crypto,Crypto
2023-08-18,LTC-USD,-0.015408066725738023,Crypto,Crypto
2023-08-18,TRX-USD,0.0035330390465648787,Crypto,Crypto
2023-08-18,XLM-USD,0.02942993158553664,Crypto,Crypto
2023-08-18,XRP-USD,-0.0020546678935281504,Crypto,Crypto
2023-08-21,ADA-USD,-0.027815859702336798,Crypto,Crypto
2023-08-21,BCH-USD,-0.015032449624150401,Crypto,Crypto
2023-08-21,BTC-USD,-0.002498831574187843,Crypto,Crypto
2023-08-21,EOS-USD,-0.00702172597673878,Crypto,Crypto
2023-08-21,ETC-USD,0.014707093676777028,Crypto,Crypto
2023-08-21,ETH-USD,-0.010435935786971329,Crypto,Crypto
2023-08-21,LTC-USD,0.02614729695396001,Crypto,Crypto
2023-08-21,TRX-USD,-0.010263272432576964,Crypto,Crypto
2023-08-21,XLM-USD,-0.038764540066720365,Crypto,Crypto
2023-08-21,XRP-USD,-0.027817863639773233,Crypto,Crypto
2023-08-22,ADA-USD,-0.01828799176339413,Crypto,Crypto
2023-08-22,BCH-USD,-0.007194888824453294,Crypto,Crypto
2023-08-22,BTC-USD,-0.0035401882238949023,Crypto,Crypto
2023-08-22,EOS-USD,-0.007975090884168146,Crypto,Crypto
2023-08-22,ETC-USD,-0.018616156736660616,Crypto,Crypto
2023-08-22,ETH-USD,-0.020018643652328416,Crypto,Crypto
2023-08-22,LTC-USD,-0.032682843290462005,Crypto,Crypto
2023-08-22,TRX-USD,0.0040999369423568854,Crypto,Crypto
2023-08-22,XLM-USD,-0.0325876484368568,Crypto,Crypto
2023-08-22,XRP-USD,-0.006878412033607506,Crypto,Crypto
2023-08-23,ADA-USD,0.03715272378792167,Crypto,Crypto
2023-08-23,BCH-USD,0.04830037561654277,Crypto,Crypto
2023-08-23,BTC-USD,0.015365306423789304,Crypto,Crypto
2023-08-23,EOS-USD,0.028264687560730417,Crypto,Crypto
2023-08-23,ETC-USD,0.04423017059069201,Crypto,Crypto
2023-08-23,ETH-USD,0.027775287399602888,Crypto,Crypto
2023-08-23,LTC-USD,0.012976509649309742,Crypto,Crypto
2023-08-23,TRX-USD,0.028728261072480166,Crypto,Crypto
2023-08-23,XLM-USD,0.055004829748659834,Crypto,Crypto
2023-08-23,XRP-USD,0.017223022842173474,Crypto,Crypto
2023-08-24,ADA-USD,-0.0077658539319681585,Crypto,Crypto
2023-08-24,BCH-USD,0.004130619119333989,Crypto,Crypto
2023-08-24,BTC-USD,-0.01018731988472621,Crypto,Crypto
2023-08-24,EOS-USD,-0.012718734318464486,Crypto,Crypto
2023-08-24,ETC-USD,-0.00848127020904188,Crypto,Crypto
2023-08-24,ETH-USD,-0.011510825045927042,Crypto,Crypto
2023-08-24,LTC-USD,-0.0111491794631835,Crypto,Crypto
2023-08-24,TRX-USD,-0.013621472128684808,Crypto,Crypto
2023-08-24,XLM-USD,-0.02834134626352014,Crypto,Crypto
2023-08-24,XRP-USD,-0.021681319373518027,Crypto,Crypto
2023-08-25,ADA-USD,-0.01806808586857922,Crypto,Crypto
2023-08-25,BCH-USD,-0.012390316023090264,Crypto,Crypto
2023-08-25,BTC-USD,-0.004384352975912553,Crypto,Crypto
2023-08-25,EOS-USD,0.0028852099066616343,Crypto,Crypto
2023-08-25,ETC-USD,-0.0028819841632342635,Crypto,Crypto
2023-08-25,ETH-USD,-0.004222744282248891,Crypto,Crypto
2023-08-25,LTC-USD,0.0035857850838489913,Crypto,Crypto
2023-08-25,TRX-USD,0.008635902549546826,Crypto,Crypto
2023-08-25,XLM-USD,0.0007514632403362587,Crypto,Crypto
2023-08-25,XRP-USD,0.015109582298508561,Crypto,Crypto
2023-08-28,ADA-USD,0.015137818459529662,Crypto,Crypto
2023-08-28,BCH-USD,-0.038372290692077704,Crypto,Crypto
2023-08-28,BTC-USD,0.0006307866874213364,Crypto,Crypto
2023-08-28,EOS-USD,-0.00550080024333266,Crypto,Crypto
2023-08-28,ETC-USD,-0.006316499739893011,Crypto,Crypto
2023-08-28,ETH-USD,-0.0030501503607176517,Crypto,Crypto
2023-08-28,LTC-USD,0.0026831865083654094,Crypto,Crypto
2023-08-28,TRX-USD,-0.014603580373373948,Crypto,Crypto
2023-08-28,XLM-USD,-0.008527750006486201,Crypto,Crypto
2023-08-28,XRP-USD,-0.0011377181735885422,Crypto,Crypto
2023-08-29,ADA-USD,0.018752237118764947,Crypto,Crypto
2023-08-29,BCH-USD,0.17732030108133845,Crypto,Crypto
2023-08-29,BTC-USD,0.062101924766441385,Crypto,Crypto
2023-08-29,EOS-USD,0.0517584453699349,Crypto,Crypto
2023-08-29,ETC-USD,0.06127356420164087,Crypto,Crypto
2023-08-29,ETH-USD,0.046759638502996026,Crypto,Crypto
2023-08-29,LTC-USD,0.05111138246123437,Crypto,Crypto
2023-08-29,TRX-USD,0.012437337549245475,Crypto,Crypto
2023-08-29,XLM-USD,0.03704909080206864,Crypto,Crypto
2023-08-29,XRP-USD,0.03213958418411944,Crypto,Crypto
2023-08-30,ADA-USD,-0.024940408806906178,Crypto,Crypto
2023-08-30,BCH-USD,-0.03675782572233055,Crypto,Crypto
2023-08-30,BTC-USD,-0.015512708305083889,Crypto,Crypto
2023-08-30,EOS-USD,0.012917129960331453,Crypto,Crypto
2023-08-30,ETC-USD,-0.050702363159852326,Crypto,Crypto
2023-08-30,ETH-USD,-0.014229727451396501,Crypto,Crypto
2023-08-30,LTC-USD,-0.017896595234883628,Crypto,Crypto
2023-08-30,TRX-USD,-0.022060492549708766,Crypto,Crypto
2023-08-30,XLM-USD,-0.0313171432695023,Crypto,Crypto
2023-08-30,XRP-USD,-0.021980651349601255,Crypto,Crypto
2023-08-31,ADA-USD,-0.038700703364610844,Crypto,Crypto
2023-08-31,BCH-USD,-0.039125925848457976,Crypto,Crypto
2023-08-31,BTC-USD,-0.0500340578984273,Crypto,Crypto
2023-08-31,EOS-USD,-0.0661798105954482,Crypto,Crypto
2023-08-31,ETC-USD,-0.03273928012586613,Crypto,Crypto
2023-08-31,ETH-USD,-0.03487924317662894,Crypto,Crypto
2023-08-31,LTC-USD,-0.054806067023218774,Crypto,Crypto
2023-08-31,TRX-USD,0.014373206243170289,Crypto,Crypto
2023-08-31,XLM-USD,-0.045102011748326065,Crypto,Crypto
2023-08-31,XRP-USD,-0.03293301172189078,Crypto,Crypto
2023-09-01,ADA-USD,-0.0007361508413685769,Crypto,Crypto
2023-09-01,BCH-USD,-0.037855645411625116,Crypto,Crypto
2023-09-01,BTC-USD,-0.005042060225742162,Crypto,Crypto
2023-09-01,EOS-USD,-0.011847096159311232,Crypto,Crypto
2023-09-01,ETC-USD,-0.007385010276099613,Crypto,Crypto
2023-09-01,ETH-USD,-0.01042023648557433,Crypto,Crypto
2023-09-01,LTC-USD,-0.01476002522000397,Crypto,Crypto
2023-09-01,TRX-USD,-0.00809498174066825,Crypto,Crypto
2023-09-01,XLM-USD,-0.00823584488459006,Crypto,Crypto
2023-09-01,XRP-USD,-0.02490995981812849,Crypto,Crypto
2023-09-05,ADA-USD,0.0057310007383504225,Crypto,Crypto
2023-09-05,BCH-USD,-0.007989931982548826,Crypto,Crypto
2023-09-05,BTC-USD,-0.0012565113521479931,Crypto,Crypto
2023-09-05,EOS-USD,0.015008903482684355,Crypto,Crypto
2023-09-05,ETC-USD,0.0009331623549764245,Crypto,Crypto
2023-09-05,ETH-USD,0.0024386268424532176,Crypto,Crypto
2023-09-05,LTC-USD,-0.009183245164168241,Crypto,Crypto
2023-09-05,TRX-USD,-0.00015501594951505826,Crypto,Crypto
2023-09-05,XLM-USD,-0.015742881111561857,Crypto,Crypto
2023-09-05,XRP-USD,-0.005830263554832182,Crypto,Crypto
2023-09-06,ADA-USD,0.00020580532990677192,Crypto,Crypto
2023-09-06,BCH-USD,0.005384462630867892,Crypto,Crypto
2023-09-06,BTC-USD,-0.0010374752516241204,Crypto,Crypto
2023-09-06,EOS-USD,-0.018703244410917197,Crypto,Crypto
2023-09-06,ETC-USD,0.007278579630546789,Crypto,Crypto
2023-09-06,ETH-USD,-0.0008429544668591138,Crypto,Crypto
2023-09-06,LTC-USD,-0.004437472722435998,Crypto,Crypto
2023-09-06,TRX-USD,0.018626162896112186,Crypto,Crypto
2023-09-06,XLM-USD,0.01239221425994752,Crypto,Crypto
2023-09-06,XRP-USD,-0.004289577434225866,Crypto,Crypto
2023-09-07,ADA-USD,0.00020564732062822166,Crypto,Crypto
2023-09-07,BCH-USD,0.001488288481682476,Crypto,Crypto
2023-09-07,BTC-USD,0.018908652030005024,Crypto,Crypto
2023-09-07,EOS-USD,0.009863603294590906,Crypto,Crypto
2023-09-07,ETC-USD,0.005564603106590793,Crypto,Crypto
2023-09-07,ETH-USD,0.009401700388986578,Crypto,Crypto
2023-09-07,LTC-USD,0.012393367922271414,Crypto,Crypto
2023-09-07,TRX-USD,0.0022951680821132747,Crypto,Crypto
2023-09-07,XLM-USD,0.012522900376493729,Crypto,Crypto
2023-09-07,XRP-USD,0.0032071473976660325,Crypto,Crypto
2023-09-08,ADA-USD,-0.012998563308774802,Crypto,Crypto
2023-09-08,BCH-USD,-0.001226190907435698,Crypto,Crypto
2023-09-08,BTC-USD,-0.012749181613965876,Crypto,Crypto
2023-09-08,EOS-USD,-0.001895754377499781,Crypto,Crypto
2023-09-08,ETC-USD,-0.010470776471948495,Crypto,Crypto
2023-09-08,ETH-USD,-0.006955851709160243,Crypto,Crypto
2023-09-08,LTC-USD,-0.01643112797035562,Crypto,Crypto
2023-09-08,TRX-USD,0.0010628066409248405,Crypto,Crypto
2023-09-08,XLM-USD,0.011092895084712895,Crypto,Crypto
2023-09-08,XRP-USD,-1.3931366767416797e-05,Crypto,Crypto
2023-09-11,ADA-USD,-0.02882533305068924,Crypto,Crypto
2023-09-11,BCH-USD,-0.035001954383206746,Crypto,Crypto
2023-09-11,BTC-USD,-0.02592003689674205,Crypto,Crypto
2023-09-11,EOS-USD,-0.0408611245964795,Crypto,Crypto
2023-09-11,ETC-USD,-0.02608168326623861,Crypto,Crypto
2023-09-11,ETH-USD,-0.04032038506124014,Crypto,Crypto
2023-09-11,LTC-USD,-0.03737423578458532,Crypto,Crypto
2023-09-11,TRX-USD,-0.010507080467755836,Crypto,Crypto
2023-09-11,XLM-USD,-0.03976131488314183,Crypto,Crypto
2023-09-11,XRP-USD,-0.04708586623000932,Crypto,Crypto
2023-09-12,ADA-USD,0.01652519353649895,Crypto,Crypto
2023-09-12,BCH-USD,0.0810983161952703,Crypto,Crypto
2023-09-12,BTC-USD,0.026654161568650414,Crypto,Crypto
2023-09-12,EOS-USD,0.011756858774387036,Crypto,Crypto
2023-09-12,ETC-USD,0.019301367292385185,Crypto,Crypto
2023-09-12,ETH-USD,0.02628947992827646,Crypto,Crypto
2023-09-12,LTC-USD,0.019981122690323927,Crypto,Crypto
2023-09-12,TRX-USD,0.04230695469233736,Crypto,Crypto
2023-09-12,XLM-USD,-0.05496629350132021,Crypto,Crypto
2023-09-12,XRP-USD,0.013415612523441478,Crypto,Crypto
2023-09-13,ADA-USD,0.012258564455781329,Crypto,Crypto
2023-09-13,BCH-USD,0.005283282059971972,Crypto,Crypto
2023-09-13,BTC-USD,0.01528956036711282,Crypto,Crypto
2023-09-13,EOS-USD,0.014558204248618978,Crypto,Crypto
2023-09-13,ETC-USD,0.011971178927272286,Crypto,Crypto
2023-09-13,ETH-USD,0.009770657090104162,Crypto,Crypto
2023-09-13,LTC-USD,0.03317176660325227,Crypto,Crypto
2023-09-13,TRX-USD,0.004939108492438837,Crypto,Crypto
2023-09-13,XLM-USD,-0.0044582651017345265,Crypto,Crypto
2023-09-13,XRP-USD,0.006317319979410874,Crypto,Crypto
2023-09-14,ADA-USD,0.009229195244278232,Crypto,Crypto
2023-09-14,BCH-USD,0.04018207496755477,Crypto,Crypto
2023-09-14,BTC-USD,0.011870739692642074,Crypto,Crypto
2023-09-14,EOS-USD,0.021060577937991987,Crypto,Crypto
2023-09-14,ETC-USD,0.005922865984227199,Crypto,Crypto
2023-09-14,ETH-USD,0.011807198586281986,Crypto,Crypto
2023-09-14,LTC-USD,0.012983384676037657,Crypto,Crypto
2023-09-14,TRX-USD,0.03093014646026071,Crypto,Crypto
2023-09-14,XLM-USD,-0.004974886275758705,Crypto,Crypto
2023-09-14,XRP-USD,0.011745173890263416,Crypto,Crypto
2023-09-15,ADA-USD,-0.0021419665989419467,Crypto,Crypto
2023-09-15,BCH-USD,0.04487695540920256,Crypto,Crypto
2023-09-15,BTC-USD,0.0026006171627044328,Crypto,Crypto
2023-09-15,EOS-USD,0.01317737442148803,Crypto,Crypto
2023-09-15,ETC-USD,0.029009902538013943,Crypto,Crypto
2023-09-15,ETH-USD,0.009014288078772026,Crypto,Crypto
2023-09-15,LTC-USD,0.05074139315067017,Crypto,Crypto
2023-09-15,TRX-USD,0.004146006589918594,Crypto,Crypto
2023-09-15,XLM-USD,0.0011896161196238708,Crypto,Crypto
2023-09-15,XRP-USD,0.023327860671434886,Crypto,Crypto
2023-09-18,ADA-USD,0.017900119394380853,Crypto,Crypto
2023-09-18,BCH-USD,0.036519538880045,Crypto,Crypto
2023-09-18,BTC-USD,0.008294723552398242,Crypto,Crypto
2023-09-18,EOS-USD,0.025569716693117917,Crypto,Crypto
2023-09-18,ETC-USD,0.018535177377154932,Crypto,Crypto
2023-09-18,ETH-USD,0.008904027674040194,Crypto,Crypto
2023-09-18,LTC-USD,0.036433414247409424,Crypto,Crypto
2023-09-18,TRX-USD,0.00797555265919958,Crypto,Crypto
2023-09-18,XLM-USD,0.01614774514713746,Crypto,Crypto
2023-09-18,XRP-USD,0.020610792826349478,Crypto,Crypto
2023-09-19,ADA-USD,0.013970605035365402,Crypto,Crypto
2023-09-19,BCH-USD,0.007647506984306718,Crypto,Crypto
2023-09-19,BTC-USD,0.017075246134672373,Crypto,Crypto
2023-09-19,EOS-USD,0.019481397843897463,Crypto,Crypto
2023-09-19,ETC-USD,0.004339698881460352,Crypto,Crypto
2023-09-19,ETH-USD,0.0037851668963293505,Crypto,Crypto
2023-09-19,LTC-USD,0.0218475600783008,Crypto,Crypto
2023-09-19,TRX-USD,0.006460804467671055,Crypto,Crypto
2023-09-19,XLM-USD,0.0035916503863568927,Crypto,Crypto
2023-09-19,XRP-USD,0.02175663278390072,Crypto,Crypto
2023-09-20,ADA-USD,-0.014220726333270428,Crypto,Crypto
2023-09-20,BCH-USD,-0.016384806357517157,Crypto,Crypto
2023-09-20,BTC-USD,-0.00290724465500225,Crypto,Crypto
2023-09-20,EOS-USD,-0.008763724377043092,Crypto,Crypto
2023-09-20,ETC-USD,-0.011049252650233266,Crypto,Crypto
2023-09-20,ETH-USD,-0.012566772911124402,Crypto,Crypto
2023-09-20,LTC-USD,-0.041136426135099935,Crypto,Crypto
2023-09-20,TRX-USD,-0.000933920973356539,Crypto,Crypto
2023-09-20,XLM-USD,-0.01270290737212354,Crypto,Crypto
2023-09-20,XRP-USD,0.014011441195025842,Crypto,Crypto
2023-09-21,ADA-USD,-0.024540043693806024,Crypto,Crypto
2023-09-21,BCH-USD,-0.03168719186359881,Crypto,Crypto
2023-09-21,BTC-USD,-0.02080107760178318,Crypto,Crypto
2023-09-21,EOS-USD,-0.004619429550067,Crypto,Crypto
2023-09-21,ETC-USD,-0.023641137027512915,Crypto,Crypto
2023-09-21,ETH-USD,-0.02377462631781635,Crypto,Crypto
2023-09-21,LTC-USD,0.001961459025842993,Crypto,Crypto
2023-09-21,TRX-USD,-0.01700411704329674,Crypto,Crypto
2023-09-21,XLM-USD,-0.026707234704118177,Crypto,Crypto
2023-09-21,XRP-USD,-0.02719059413722713,Crypto,Crypto
2023-09-22,ADA-USD,-0.0021714760002394806,Crypto,Crypto
2023-09-22,BCH-USD,-0.0040417418509235414,Crypto,Crypto
2023-09-22,BTC-USD,0.0004492514240630463,Crypto,Crypto
2023-09-22,EOS-USD,0.00025704955559313625,Crypto,Crypto
2023-09-22,ETC-USD,-0.001928609544658566,Crypto,Crypto
2023-09-22,ETH-USD,0.005656292418244391,Crypto,Crypto
2023-09-22,LTC-USD,-0.005496641950038295,Crypto,Crypto
2023-09-22,TRX-USD,0.0036234045024388095,Crypto,Crypto
2023-09-22,XLM-USD,0.005366802744950716,Crypto,Crypto
2023-09-22,XRP-USD,0.01051104165305361,Crypto,Crypto
2023-09-25,ADA-USD,0.011747725930623565,Crypto,Crypto
2023-09-25,BCH-USD,0.027103426542749665,Crypto,Crypto
2023-09-25,BTC-USD,0.0015864178176880905,Crypto,Crypto
2023-09-25,EOS-USD,-0.003766661648624159,Crypto,Crypto
2023-09-25,ETC-USD,0.00934442457216722,Crypto,Crypto
2023-09-25,ETH-USD,0.0047249684583838825,Crypto,Crypto
2023-09-25,LTC-USD,0.011796457697159424,Crypto,Crypto
2023-09-25,TRX-USD,0.011912178106047389,Crypto,Crypto
2023-09-25,XLM-USD,0.00653822243574953,Crypto,Crypto
2023-09-25,XRP-USD,0.006116740573129498,Crypto,Crypto
2023-09-26,ADA-USD,-0.0019765714318613625,Crypto,Crypto
2023-09-26,BCH-USD,0.018597784885592494,Crypto,Crypto
2023-09-26,BTC-USD,-0.0030887894396227633,Crypto,Crypto
2023-09-26,EOS-USD,-0.0130292190867064,Crypto,Crypto
2023-09-26,ETC-USD,-0.008568305570009427,Crypto,Crypto
2023-09-26,ETH-USD,0.0032073833529786544,Crypto,Crypto
2023-09-26,LTC-USD,-0.008995280458675037,Crypto,Crypto
2023-09-26,TRX-USD,0.0004727060678797468,Crypto,Crypto
2023-09-26,XLM-USD,-0.010186161658534254,Crypto,Crypto
2023-09-26,XRP-USD,-0.007424918292291194,Crypto,Crypto
2023-09-27,ADA-USD,-0.0024613527420759285,Crypto,Crypto
2023-09-27,BCH-USD,0.06817246336357585,Crypto,Crypto
2023-09-27,BTC-USD,0.005167086436411061,Crypto,Crypto
2023-09-27,EOS-USD,-0.0027430570513001795,Crypto,Crypto
2023-09-27,ETC-USD,0.016230553309061202,Crypto,Crypto
2023-09-27,ETH-USD,0.0025567531946391053,Crypto,Crypto
2023-09-27,LTC-USD,-0.004261360491868094,Crypto,Crypto
2023-09-27,TRX-USD,0.009061053252710893,Crypto,Crypto
2023-09-27,XLM-USD,0.0057132552718295315,Crypto,Crypto
2023-09-27,XRP-USD,-0.004207543473454534,Crypto,Crypto
2023-09-28,ADA-USD,0.01768445704271926,Crypto,Crypto
2023-09-28,BCH-USD,0.04523207453302347,Crypto,Crypto
2023-09-28,BTC-USD,0.02537992888096885,Crypto,Crypto
2023-09-28,EOS-USD,0.019752670301295794,Crypto,Crypto
2023-09-28,ETC-USD,0.03004118199641903,Crypto,Crypto
2023-09-28,ETH-USD,0.03467404334555346,Crypto,Crypto
2023-09-28,LTC-USD,0.027596204867639473,Crypto,Crypto
2023-09-28,TRX-USD,0.015325176874423141,Crypto,Crypto
2023-09-28,XLM-USD,0.015175513949570174,Crypto,Crypto
2023-09-28,XRP-USD,0.01987199241408244,Crypto,Crypto
2023-09-29,ADA-USD,0.0016698607980782931,Crypto,Crypto
2023-09-29,BCH-USD,-0.01626535327157419,Crypto,Crypto
2023-09-29,BTC-USD,-0.004064392478456136,Crypto,Crypto
2023-09-29,EOS-USD,0.012774540728447192,Crypto,Crypto
2023-09-29,ETC-USD,0.005126373748098656,Crypto,Crypto
2023-09-29,ETH-USD,0.009112054541902781,Crypto,Crypto
2023-09-29,LTC-USD,0.006028431123867639,Crypto,Crypto
2023-09-29,TRX-USD,0.027858491543482522,Crypto,Crypto
2023-09-29,XLM-USD,-0.011831110086303664,Crypto,Crypto
2023-09-29,XRP-USD,0.023932050061701515,Crypto,Crypto
2023-10-02,ADA-USD,-0.024002023771468983,Crypto,Crypto
2023-10-02,BCH-USD,0.01834294086842303,Crypto,Crypto
2023-10-02,BTC-USD,-0.016186709920936293,Crypto,Crypto
2023-10-02,EOS-USD,-0.02770174978323836,Crypto,Crypto
2023-10-02,ETC-USD,-0.03047637493550115,Crypto,Crypto
2023-10-02,ETH-USD,-0.04047897066718298,Crypto,Crypto
2023-10-02,LTC-USD,-0.03256753497549103,Crypto,Crypto
2023-10-02,TRX-USD,-0.028318374381471112,Crypto,Crypto
2023-10-02,XLM-USD,-0.023280362005945854,Crypto,Crypto
2023-10-02,XRP-USD,-0.021693900542645972,Crypto,Crypto
2023-10-03,ADA-USD,0.0058378621217203275,Crypto,Crypto
2023-10-03,BCH-USD,-0.06713992494652121,Crypto,Crypto
2023-10-03,BTC-USD,-0.003661597010505724,Crypto,Crypto
2023-10-03,EOS-USD,-0.0024313151687621604,Crypto,Crypto
2023-10-03,ETC-USD,-0.030371728904512008,Crypto,Crypto
2023-10-03,ETH-USD,-0.00417274556135816,Crypto,Crypto
2023-10-03,LTC-USD,-0.007841233627015498,Crypto,Crypto
2023-10-03,TRX-USD,0.03759443405930951,Crypto,Crypto
2023-10-03,XLM-USD,0.02423804352726111,Crypto,Crypto
2023-10-03,XRP-USD,0.049831163637204634,Crypto,Crypto
2023-10-04,ADA-USD,-0.006562429855025531,Crypto,Crypto
2023-10-04,BCH-USD,0.014358280744157792,Crypto,Crypto
2023-10-04,BTC-USD,0.013467601347721292,Crypto,Crypto
2023-10-04,EOS-USD,-0.013964277486505416,Crypto,Crypto
2023-10-04,ETC-USD,-0.0018006772896349554,Crypto,Crypto
2023-10-04,ETH-USD,-0.005340502634588518,Crypto,Crypto
2023-10-04,LTC-USD,-0.015901582015491855,Crypto,Crypto
2023-10-04,TRX-USD,-0.020460437332315173,Crypto,Crypto
2023-10-04,XLM-USD,-0.016411357114102354,Crypto,Crypto
2023-10-04,XRP-USD,-0.0101339199469479,Crypto,Crypto
2023-10-05,ADA-USD,0.0032161199507927396,Crypto,Crypto
2023-10-05,BCH-USD,-0.008945127706044498,Crypto,Crypto
2023-10-05,BTC-USD,-0.01379463216164356,Crypto,Crypto
2023-10-05,EOS-USD,-0.020356145301864914,Crypto,Crypto
2023-10-05,ETC-USD,-0.012629915873868858,Crypto,Crypto
2023-10-05,ETH-USD,-0.022066302247040315,Crypto,Crypto
2023-10-05,LTC-USD,0.006310118028693967,Crypto,Crypto
2023-10-05,TRX-USD,-0.008123735270706867,Crypto,Crypto
2023-10-05,XLM-USD,-0.016258689089656886,Crypto,Crypto
2023-10-05,XRP-USD,-0.017948017352229284,Crypto,Crypto
2023-10-06,ADA-USD,0.01815502811727865,Crypto,Crypto
2023-10-06,BCH-USD,-0.0012768934340562366,Crypto,Crypto
2023-10-06,BTC-USD,0.01935684447622399,Crypto,Crypto
2023-10-06,EOS-USD,0.00898926043899162,Crypto,Crypto
2023-10-06,ETC-USD,0.01765497820753925,Crypto,Crypto
2023-10-06,ETH-USD,0.021319022529365572,Crypto,Crypto
2023-10-06,LTC-USD,0.010398335852202845,Crypto,Crypto
2023-10-06,TRX-USD,-0.011441396518831026,Crypto,Crypto
2023-10-06,XLM-USD,0.00956426434424329,Crypto,Crypto
2023-10-06,XRP-USD,0.005401666214155165,Crypto,Crypto
2023-10-09,ADA-USD,-0.019432728218658823,Crypto,Crypto
2023-10-09,BCH-USD,-0.04229065406067967,Crypto,Crypto
2023-10-09,BTC-USD,-0.012579594744121514,Crypto,Crypto
2023-10-09,EOS-USD,-0.04542288169931119,Crypto,Crypto
2023-10-09,ETC-USD,-0.030244329610982668,Crypto,Crypto
2023-10-09,ETH-USD,-0.032898895010697204,Crypto,Crypto
2023-10-09,LTC-USD,-0.03447572921829123,Crypto,Crypto
2023-10-09,TRX-USD,-0.020732952492390377,Crypto,Crypto
2023-10-09,XLM-USD,-0.04275195818660449,Crypto,Crypto
2023-10-09,XRP-USD,-0.02844621323221419,Crypto,Crypto
2023-10-10,ADA-USD,-0.009938706993992241,Crypto,Crypto
2023-10-10,BCH-USD,-0.027192729083839295,Crypto,Crypto
2023-10-10,BTC-USD,-0.006984500217130485,Crypto,Crypto
2023-10-10,EOS-USD,0.001833454132942336,Crypto,Crypto
2023-10-10,ETC-USD,-0.005737687245313983,Crypto,Crypto
2023-10-10,ETH-USD,-0.007655131722261288,Crypto,Crypto
2023-10-10,LTC-USD,0.008081207989393269,Crypto,Crypto
2023-10-10,TRX-USD,0.0008816334489656352,Crypto,Crypto
2023-10-10,XLM-USD,-0.016015866461313033,Crypto,Crypto
2023-10-10,XRP-USD,-0.01150774605614191,Crypto,Crypto
2023-10-11,ADA-USD,-0.004575716036699262,Crypto,Crypto
2023-10-11,BCH-USD,0.007191458112275173,Crypto,Crypto
2023-10-11,BTC-USD,-0.018900326735168282,Crypto,Crypto
2023-10-11,EOS-USD,-0.0074271689910532235,Crypto,Crypto
2023-10-11,ETC-USD,-0.0016112696394016135,Crypto,Crypto
2023-10-11,ETH-USD,-0.000930177871406368,Crypto,Crypto
2023-10-11,LTC-USD,-0.03334194353935349,Crypto,Crypto
2023-10-11,TRX-USD,-0.0028861015814489743,Crypto,Crypto
2023-10-11,XLM-USD,-0.009863688129478798,Crypto,Crypto
2023-10-11,XRP-USD,-0.017284635683680216,Crypto,Crypto
2023-10-12,ADA-USD,-0.008383011182135025,Crypto,Crypto
2023-10-12,BCH-USD,-0.00020682229836677113,Crypto,Crypto
2023-10-12,BTC-USD,-0.0043359541366684295,Crypto,Crypto
2023-10-12,EOS-USD,-0.0033793647037835273,Crypto,Crypto
2023-10-12,ETC-USD,-0.010350028303254266,Crypto,Crypto
2023-10-12,ETH-USD,-0.01701021740023334,Crypto,Crypto
2023-10-12,LTC-USD,-0.006048886945627552,Crypto,Crypto
2023-10-12,TRX-USD,-0.013472641335073088,Crypto,Crypto
2023-10-12,XLM-USD,-0.00833555014544407,Crypto,Crypto
2023-10-12,XRP-USD,-0.011840320493948564,Crypto,Crypto
2023-10-13,ADA-USD,0.0009108345564037279,Crypto,Crypto
2023-10-13,BCH-USD,0.015283842639065126,Crypto,Crypto
2023-10-13,BTC-USD,0.003945769916393171,Crypto,Crypto
2023-10-13,EOS-USD,0.01246581553497994,Crypto,Crypto
2023-10-13,ETC-USD,0.004774697819684981,Crypto,Crypto
2023-10-13,ETH-USD,0.008104020573232784,Crypto,Crypto
2023-10-13,LTC-USD,0.007300167433315297,Crypto,Crypto
2023-10-13,TRX-USD,0.007234877429359576,Crypto,Crypto
2023-10-13,XLM-USD,0.004812997201813385,Crypto,Crypto
2023-10-13,XRP-USD,0.005483923588583517,Crypto,Crypto
2023-10-16,ADA-USD,0.017007936249757494,Crypto,Crypto
2023-10-16,BCH-USD,0.07561013854082477,Crypto,Crypto
2023-10-16,BTC-USD,0.05006744695824206,Crypto,Crypto
2023-10-16,EOS-USD,0.020143015343605963,Crypto,Crypto
2023-10-16,ETC-USD,0.021559662220702824,Crypto,Crypto
2023-10-16,ETH-USD,0.027254540765113022,Crypto,Crypto
2023-10-16,LTC-USD,0.027259587162275167,Crypto,Crypto
2023-10-16,TRX-USD,0.02573747925869796,Crypto,Crypto
2023-10-16,XLM-USD,0.012860582373902973,Crypto,Crypto
2023-10-16,XRP-USD,0.0207668029270478,Crypto,Crypto
2023-10-17,ADA-USD,-0.01768150043821537,Crypto,Crypto
2023-10-17,BCH-USD,-0.0200154838628005,Crypto,Crypto
2023-10-17,BTC-USD,-0.0036367703063566736,Crypto,Crypto
2023-10-17,EOS-USD,-0.028362567107030556,Crypto,Crypto
2023-10-17,ETC-USD,-0.019642243223170208,Crypto,Crypto
2023-10-17,ETH-USD,-0.02192688186935865,Crypto,Crypto
2023-10-17,LTC-USD,-0.018538127330952836,Crypto,Crypto
2023-10-17,TRX-USD,-0.00393637083133791,Crypto,Crypto
2023-10-17,XLM-USD,-0.042299471661448096,Crypto,Crypto
2023-10-17,XRP-USD,-0.012617019169224863,Crypto,Crypto
2023-10-18,ADA-USD,-0.014819031830650586,Crypto,Crypto
2023-10-18,BCH-USD,0.0015609033539776274,Crypto,Crypto
2023-10-18,BTC-USD,-0.0030759792019486865,Crypto,Crypto
2023-10-18,EOS-USD,-0.014750027958129408,Crypto,Crypto
2023-10-18,ETC-USD,-0.008824189468884414,Crypto,Crypto
2023-10-18,ETH-USD,-0.0010793755903444335,Crypto,Crypto
2023-10-18,LTC-USD,-0.03034016419095642,Crypto,Crypto
2023-10-18,TRX-USD,0.007328008181135104,Crypto,Crypto
2023-10-18,XLM-USD,0.001639088743832895,Crypto,Crypto
2023-10-18,XRP-USD,-0.006864012532523334,Crypto,Crypto
2023-10-19,ADA-USD,0.014253279531081686,Crypto,Crypto
2023-10-19,BCH-USD,0.0014064526599737448,Crypto,Crypto
2023-10-19,BTC-USD,0.013818840741083749,Crypto,Crypto
2023-10-19,EOS-USD,0.0021755831158158934,Crypto,Crypto
2023-10-19,ETC-USD,-0.0012551663318849382,Crypto,Crypto
2023-10-19,ETH-USD,0.0023706817647977108,Crypto,Crypto
2023-10-19,LTC-USD,0.02504568152121167,Crypto,Crypto
2023-10-19,TRX-USD,0.008474134635090724,Crypto,Crypto
2023-10-19,XLM-USD,0.03953484009993158,Crypto,Crypto
2023-10-19,XRP-USD,0.06513772402976414,Crypto,Crypto
2023-10-20,ADA-USD,0.01707010714439594,Crypto,Crypto
2023-10-20,BCH-USD,0.05774490057740067,Crypto,Crypto
2023-10-20,BTC-USD,0.033535830870205396,Crypto,Crypto
2023-10-20,EOS-USD,0.0205492970627299,Crypto,Crypto
2023-10-20,ETC-USD,0.033047100430302345,Crypto,Crypto
2023-10-20,ETH-USD,0.023738984945261166,Crypto,Crypto
2023-10-20,LTC-USD,0.02640001234796574,Crypto,Crypto
2023-10-20,TRX-USD,0.008802995502853461,Crypto,Crypto
2023-10-20,XLM-USD,0.002188906040405003,Crypto,Crypto
2023-10-20,XRP-USD,-0.007926857288492739,Crypto,Crypto
2023-10-23,ADA-USD,0.06214975008033652,Crypto,Crypto
2023-10-23,BCH-USD,0.07031340084004034,Crypto,Crypto
2023-10-23,BTC-USD,0.10309890521346299,Crypto,Crypto
2023-10-23,EOS-USD,0.05420074258647989,Crypto,Crypto
2023-10-23,ETC-USD,0.049207418151678395,Crypto,Crypto
2023-10-23,ETH-USD,0.061290684296216424,Crypto,Crypto
2023-10-23,LTC-USD,0.05829851626629967,Crypto,Crypto
2023-10-23,TRX-USD,0.02054641055461448,Crypto,Crypto
2023-10-23,XLM-USD,0.04677067014637304,Crypto,Crypto
2023-10-23,XRP-USD,0.04666720739978447,Crypto,Crypto
2023-10-24,ADA-USD,-0.0034326208307549066,Crypto,Crypto
2023-10-24,BCH-USD,-0.03436262357179798,Crypto,Crypto
2023-10-24,BTC-USD,0.02464145540134477,Crypto,Crypto
2023-10-24,EOS-USD,0.0014854699542623528,Crypto,Crypto
2023-10-24,ETC-USD,-0.009505260944863148,Crypto,Crypto
2023-10-24,ETH-USD,0.010793585817743923,Crypto,Crypto
2023-10-24,LTC-USD,0.0005908567489210093,Crypto,Crypto
2023-10-24,TRX-USD,0.0012467714999424562,Crypto,Crypto
2023-10-24,XLM-USD,-0.01333434418318602,Crypto,Crypto
2023-10-24,XRP-USD,0.02132500689921568,Crypto,Crypto
2023-10-25,ADA-USD,0.005602229226833622,Crypto,Crypto
2023-10-25,BCH-USD,0.009667150140388436,Crypto,Crypto
2023-10-25,BTC-USD,0.017736456610143003,Crypto,Crypto
2023-10-25,EOS-USD,0.004031383253983334,Crypto,Crypto
2023-10-25,ETC-USD,-0.0038154992688718137,Crypto,Crypto
2023-10-25,ETH-USD,0.0016588325496480483,Crypto,Crypto
2023-10-25,LTC-USD,-0.004880890489806555,Crypto,Crypto
2023-10-25,TRX-USD,0.012311412046878578,Crypto,Crypto
2023-10-25,XLM-USD,-0.00012245904807151042,Crypto,Crypto
2023-10-25,XRP-USD,-0.005775823393391999,Crypto,Crypto
2023-10-26,ADA-USD,0.02400950424675341,Crypto,Crypto
2023-10-26,BCH-USD,-0.02608407239876609,Crypto,Crypto
2023-10-26,BTC-USD,-0.010033147199696724,Crypto,Crypto
2023-10-26,EOS-USD,0.004376535088114641,Crypto,Crypto
2023-10-26,ETC-USD,0.011196628141335152,Crypto,Crypto
2023-10-26,ETH-USD,0.009310588640725426,Crypto,Crypto
2023-10-26,LTC-USD,0.002321306542072854,Crypto,Crypto
2023-10-26,TRX-USD,-0.00693121581381595,Crypto,Crypto
2023-10-26,XLM-USD,-0.010200608446368165,Crypto,Crypto
2023-10-26,XRP-USD,-0.0029227748779609986,Crypto,Crypto
2023-10-27,ADA-USD,0.007574129245885963,Crypto,Crypto
2023-10-27,BCH-USD,-0.032423604151481156,Crypto,Crypto
2023-10-27,BTC-USD,-0.007226928505637331,Crypto,Crypto
2023-10-27,EOS-USD,0.007187103469035616,Crypto,Crypto
2023-10-27,ETC-USD,-0.029636588060942937,Crypto,Crypto
2023-10-27,ETH-USD,-0.013300163952285393,Crypto,Crypto
2023-10-27,LTC-USD,-0.026121671175312833,Crypto,Crypto
2023-10-27,TRX-USD,0.008465985428826928,Crypto,Crypto
2023-10-27,XLM-USD,-0.009200931307755678,Crypto,Crypto
2023-10-27,XRP-USD,-0.013682899787808678,Crypto,Crypto
2023-10-30,ADA-USD,0.025233413668659166,Crypto,Crypto
2023-10-30,BCH-USD,-0.0009551918393166936,Crypto,Crypto
2023-10-30,BTC-USD,-0.0010457086417764438,Crypto,Crypto
2023-10-30,EOS-USD,-0.0008328428255488518,Crypto,Crypto
2023-10-30,ETC-USD,0.007717260176860696,Crypto,Crypto
2023-10-30,ETH-USD,0.008099264721129096,Crypto,Crypto
2023-10-30,LTC-USD,0.00654057324439572,Crypto,Crypto
2023-10-30,TRX-USD,0.007715060037171595,Crypto,Crypto
2023-10-30,XLM-USD,0.028155403154100034,Crypto,Crypto
2023-10-30,XRP-USD,0.04052891874247844,Crypto,Crypto
2023-10-31,ADA-USD,-0.03180014465350545,Crypto,Crypto
2023-10-31,BCH-USD,-0.004991959912534316,Crypto,Crypto
2023-10-31,BTC-USD,0.004794395311462418,Crypto,Crypto
2023-10-31,EOS-USD,0.016252452089433378,Crypto,Crypto
2023-10-31,ETC-USD,0.0404851114873197,Crypto,Crypto
2023-10-31,ETH-USD,0.0035193643267046326,Crypto,Crypto
2023-10-31,LTC-USD,-0.004350519993398638,Crypto,Crypto
2023-10-31,TRX-USD,0.016337025492159096,Crypto,Crypto
2023-10-31,XLM-USD,0.01874905652016845,Crypto,Crypto
2023-10-31,XRP-USD,0.03685673395298639,Crypto,Crypto
2023-11-01,ADA-USD,0.04896503206545488,Crypto,Crypto
2023-11-01,BCH-USD,0.0008417550380672711,Crypto,Crypto
2023-11-01,BTC-USD,0.022195613001625203,Crypto,Crypto
2023-11-01,EOS-USD,0.02631859391861724,Crypto,Crypto
2023-11-01,ETC-USD,0.017847836206187795,Crypto,Crypto
2023-11-01,ETH-USD,0.01686288408831138,Crypto,Crypto
2023-11-01,LTC-USD,0.014292452981552017,Crypto,Crypto
2023-11-01,TRX-USD,0.03172697780666489,Crypto,Crypto
2023-11-01,XLM-USD,0.009762645215914967,Crypto,Crypto
2023-11-01,XRP-USD,0.015419428002670266,Crypto,Crypto
2023-11-02,ADA-USD,0.05100841245168475,Crypto,Crypto
2023-11-02,BCH-USD,-0.038961313079465154,Crypto,Crypto
2023-11-02,BTC-USD,-0.014081557224217889,Crypto,Crypto
2023-11-02,EOS-USD,-0.008261071613927973,Crypto,Crypto
2023-11-02,ETC-USD,-0.027032335795450835,Crypto,Crypto
2023-11-02,ETH-USD,-0.02515781959835861,Crypto,Crypto
2023-11-02,LTC-USD,-0.007733248473821508,Crypto,Crypto
2023-11-02,TRX-USD,-0.00958551762233617,Crypto,Crypto
2023-11-02,XLM-USD,-0.021843485481247926,Crypto,Crypto
2023-11-02,XRP-USD,-0.00508421821234184,Crypto,Crypto
2023-11-03,ADA-USD,0.018193286153838306,Crypto,Crypto
2023-11-03,BCH-USD,0.009315280284767802,Crypto,Crypto
2023-11-03,BTC-USD,-0.005893770145759425,Crypto,Crypto
2023-11-03,EOS-USD,0.004588660419199142,Crypto,Crypto
2023-11-03,ETC-USD,-0.002408578486636448,Crypto,Crypto
2023-11-03,ETH-USD,0.01786838809609348,Crypto,Crypto
2023-11-03,LTC-USD,0.001397043593213354,Crypto,Crypto
2023-11-03,TRX-USD,-0.01996068326391487,Crypto,Crypto
2023-11-03,XLM-USD,0.02294909687359481,Crypto,Crypto
2023-11-03,XRP-USD,0.010822206177529825,Crypto,Crypto
2023-11-06,ADA-USD,0.05990026083008071,Crypto,Crypto
2023-11-06,BCH-USD,0.019465071921111576,Crypto,Crypto
2023-11-06,BTC-USD,-0.0003419285416157436,Crypto,Crypto
2023-11-06,EOS-USD,0.03205206730584753,Crypto,Crypto
2023-11-06,ETC-USD,0.027311879555818264,Crypto,Crypto
2023-11-06,ETH-USD,0.002998529349214518,Crypto,Crypto
2023-11-06,LTC-USD,0.03935401881003098,Crypto,Crypto
2023-11-06,TRX-USD,-0.005070218044408437,Crypto,Crypto
2023-11-06,XLM-USD,0.04082663342514836,Crypto,Crypto
2023-11-06,XRP-USD,0.08223585101106123,Crypto,Crypto
2023-11-07,ADA-USD,-0.03257222086134692,Crypto,Crypto
2023-11-07,BCH-USD,0.004750563977903521,Crypto,Crypto
2023-11-07,BTC-USD,0.011593090279608864,Crypto,Crypto
2023-11-07,EOS-USD,-0.013283042460253025,Crypto,Crypto
2023-11-07,ETC-USD,-0.019858934825176422,Crypto,Crypto
2023-11-07,ETH-USD,-0.006165335386688842,Crypto,Crypto
2023-11-07,LTC-USD,-0.012331425853188138,Crypto,Crypto
2023-11-07,TRX-USD,-0.010755011522164626,Crypto,Crypto
2023-11-07,XLM-USD,-0.03314296838992792,Crypto,Crypto
2023-11-07,XRP-USD,-0.04069080435037764,Crypto,Crypto
2023-11-08,ADA-USD,0.019282065888402533,Crypto,Crypto
2023-11-08,BCH-USD,0.006818337715502221,Crypto,Crypto
2023-11-08,BTC-USD,0.005973294692089626,Crypto,Crypto
2023-11-08,EOS-USD,0.020963326838195018,Crypto,Crypto
2023-11-08,ETC-USD,0.012749767154070168,Crypto,Crypto
2023-11-08,ETH-USD,0.0006345557534326307,Crypto,Crypto
2023-11-08,LTC-USD,-0.005225968969214678,Crypto,Crypto
2023-11-08,TRX-USD,0.01800953251346704,Crypto,Crypto
2023-11-08,XLM-USD,0.00958992787647861,Crypto,Crypto
2023-11-08,XRP-USD,0.0024387988275356154,Crypto,Crypto
2023-11-09,ADA-USD,0.027863819316179095,Crypto,Crypto
2023-11-09,BCH-USD,-0.024119735902915385,Crypto,Crypto
2023-11-09,BTC-USD,0.029107827327892632,Crypto,Crypto
2023-11-09,EOS-USD,-0.032670199894805574,Crypto,Crypto
2023-11-09,ETC-USD,0.12268877058497307,Crypto,Crypto
2023-11-09,ETH-USD,0.12239237144858772,Crypto,Crypto
2023-11-09,LTC-USD,0.007820083756601148,Crypto,Crypto
2023-11-09,TRX-USD,0.004989236207980641,Crypto,Crypto
2023-11-09,XLM-USD,-0.038706904033658396,Crypto,Crypto
2023-11-09,XRP-USD,-0.029940055440055402,Crypto,Crypto
2023-11-10,ADA-USD,0.048529152849779544,Crypto,Crypto
2023-11-10,BCH-USD,0.0006851590888363734,Crypto,Crypto
2023-11-10,BTC-USD,0.01691989303173269,Crypto,Crypto
2023-11-10,EOS-USD,0.04207829694921528,Crypto,Crypto
2023-11-10,ETC-USD,0.007717018782990026,Crypto,Crypto
2023-11-10,ETH-USD,-0.019933988946118864,Crypto,Crypto
2023-11-10,LTC-USD,-0.006063712584761349,Crypto,Crypto
2023-11-10,TRX-USD,0.07416357151767872,Crypto,Crypto
2023-11-10,XLM-USD,0.00743337172166636,Crypto,Crypto
2023-11-10,XRP-USD,-0.010337484770107652,Crypto,Crypto
2023-11-13,ADA-USD,-0.06512546952981679,Crypto,Crypto
2023-11-13,BCH-USD,-0.0075898443959315776,Crypto,Crypto
2023-11-13,BTC-USD,-0.014901395821212304,Crypto,Crypto
2023-11-13,EOS-USD,-0.012526289640658272,Crypto,Crypto
2023-11-13,ETC-USD,0.00046457266882815595,Crypto,Crypto
2023-11-13,ETH-USD,0.004927847225156823,Crypto,Crypto
2023-11-13,LTC-USD,-0.04539550082216559,Crypto,Crypto
2023-11-13,TRX-USD,-0.011613204553079903,Crypto,Crypto
2023-11-13,XLM-USD,-0.014436429571438092,Crypto,Crypto
2023-11-13,XRP-USD,0.01509821121908339,Crypto,Crypto
2023-11-14,ADA-USD,-0.001520569892333623,Crypto,Crypto
2023-11-14,BCH-USD,-0.0130152615206105,Crypto,Crypto
2023-11-14,BTC-USD,-0.026428838121854925,Crypto,Crypto
2023-11-14,EOS-USD,-0.03873341225760185,Crypto,Crypto
2023-11-14,ETC-USD,-0.04813716266680568,Crypto,Crypto
2023-11-14,ETH-USD,-0.03708171667973137,Crypto,Crypto
2023-11-14,LTC-USD,-0.011977431396696492,Crypto,Crypto
2023-11-14,TRX-USD,-0.045514792481388455,Crypto,Crypto
2023-11-14,XLM-USD,-0.03637860639377877,Crypto,Crypto
2023-11-14,XRP-USD,-0.062322396264329116,Crypto,Crypto
2023-11-15,ADA-USD,0.059859719981262716,Crypto,Crypto
2023-11-15,BCH-USD,0.027687988355544757,Crypto,Crypto
2023-11-15,BTC-USD,0.06592844558740318,Crypto,Crypto
2023-11-15,EOS-USD,0.05211325473996253,Crypto,Crypto
2023-11-15,ETC-USD,0.041970750382174904,Crypto,Crypto
2023-11-15,ETH-USD,0.04110847506282078,Crypto,Crypto
2023-11-15,LTC-USD,0.04877253449740526,Crypto,Crypto
2023-11-15,TRX-USD,0.017892976515536674,Crypto,Crypto
2023-11-15,XLM-USD,0.031520729724085816,Crypto,Crypto
2023-11-15,XRP-USD,0.03172282509920343,Crypto,Crypto
2023-11-16,ADA-USD,-0.01984225887032598,Crypto,Crypto
2023-11-16,BCH-USD,-0.016521738127230012,Crypto,Crypto
2023-11-16,BTC-USD,-0.04555929205565723,Crypto,Crypto
2023-11-16,EOS-USD,-0.03519480431600752,Crypto,Crypto
2023-11-16,ETC-USD,-0.029528487676579784,Crypto,Crypto
2023-11-16,ETH-USD,-0.04830442993030459,Crypto,Crypto
2023-11-16,LTC-USD,-0.03916381458180229,Crypto,Crypto
2023-11-16,TRX-USD,-0.01641618245587817,Crypto,Crypto
2023-11-16,XLM-USD,-0.02572487044058991,Crypto,Crypto
2023-11-16,XRP-USD,-0.05769277526002847,Crypto,Crypto
2023-11-17,ADA-USD,-0.013871612391364474,Crypto,Crypto
2023-11-17,BCH-USD,-0.02081717515520487,Crypto,Crypto
2023-11-17,BTC-USD,0.012222842746045792,Crypto,Crypto
2023-11-17,EOS-USD,0.007316773501294227,Crypto,Crypto
2023-11-17,ETC-USD,0.003640213054585839,Crypto,Crypto
2023-11-17,ETH-USD,0.0002035665608492998,Crypto,Crypto
2023-11-17,LTC-USD,-0.014002986843674958,Crypto,Crypto
2023-11-17,TRX-USD,0.012481010827193773,Crypto,Crypto
2023-11-17,XLM-USD,-0.003214053566595765,Crypto,Crypto
2023-11-17,XRP-USD,0.0025303600855850483,Crypto,Crypto
2023-11-20,ADA-USD,-0.00999417323037255,Crypto,Crypto
2023-11-20,BCH-USD,-0.017277595333498708,Crypto,Crypto
2023-11-20,BTC-USD,0.0024182537251242753,Crypto,Crypto
2023-11-20,EOS-USD,-0.022680507531337435,Crypto,Crypto
2023-11-20,ETC-USD,-0.008218573347614222,Crypto,Crypto
2023-11-20,ETH-USD,0.004487705105652884,Crypto,Crypto
2023-11-20,LTC-USD,-0.01589140559632629,Crypto,Crypto
2023-11-20,TRX-USD,-0.022976084269686003,Crypto,Crypto
2023-11-20,XLM-USD,-0.011480979794073254,Crypto,Crypto
2023-11-20,XRP-USD,-0.023357744522395474,Crypto,Crypto
2023-11-21,ADA-USD,-0.057924927475236365,Crypto,Crypto
2023-11-21,BCH-USD,-0.041475324024390026,Crypto,Crypto
2023-11-21,BTC-USD,-0.04437779006078835,Crypto,Crypto
2023-11-21,EOS-USD,-0.08027667724872367,Crypto,Crypto
2023-11-21,ETC-USD,-0.06688579892748991,Crypto,Crypto
2023-11-21,ETH-USD,-0.04211784935612506,Crypto,Crypto
2023-11-21,LTC-USD,-0.04402266548241851,Crypto,Crypto
2023-11-21,TRX-USD,-0.04820961270111013,Crypto,Crypto
2023-11-21,XLM-USD,-0.049613368071107944,Crypto,Crypto
2023-11-21,XRP-USD,-0.05283587486722874,Crypto,Crypto
2023-11-22,ADA-USD,0.06142520230752746,Crypto,Crypto
2023-11-22,BCH-USD,0.03213055481113858,Crypto,Crypto
2023-11-22,BTC-USD,0.045192824521265385,Crypto,Crypto
2023-11-22,EOS-USD,0.043402538050308026,Crypto,Crypto
2023-11-22,ETC-USD,0.047151253481250155,Crypto,Crypto
2023-11-22,ETH-USD,0.06574813130783852,Crypto,Crypto
2023-11-22,LTC-USD,0.03382930560590869,Crypto,Crypto
2023-11-22,TRX-USD,0.05185672707809985,Crypto,Crypto
2023-11-22,XLM-USD,0.03783906984519869,Crypto,Crypto
2023-11-22,XRP-USD,0.05415865382640672,Crypto,Crypto
2023-11-24,ADA-USD,-0.001194790460790518,Crypto,Crypto
2023-11-24,BCH-USD,0.005440686312027765,Crypto,Crypto
2023-11-24,BTC-USD,0.011549062275727495,Crypto,Crypto
2023-11-24,EOS-USD,0.013968834796135754,Crypto,Crypto
2023-11-24,ETC-USD,0.015238732002325284,Crypto,Crypto
2023-11-24,ETH-USD,0.009185000500188556,Crypto,Crypto
2023-11-24,LTC-USD,0.017601208016212233,Crypto,Crypto
2023-11-24,TRX-USD,0.025831656325085328,Crypto,Crypto
2023-11-24,XLM-USD,0.006567746712790257,Crypto,Crypto
2023-11-24,XRP-USD,0.002642530694505707,Crypto,Crypto
2023-11-27,ADA-USD,-0.02531268504813733,Crypto,Crypto
2023-11-27,BCH-USD,-0.015511489879181162,Crypto,Crypto
2023-11-27,BTC-USD,-0.006002091789647501,Crypto,Crypto
2023-11-27,EOS-USD,-0.03463850856449402,Crypto,Crypto
2023-11-27,ETC-USD,-0.0288342935119148,Crypto,Crypto
2023-11-27,ETH-USD,-0.017384294811873313,Crypto,Crypto
2023-11-27,LTC-USD,-0.011656719779169045,Crypto,Crypto
2023-11-27,TRX-USD,-0.05335916842308941,Crypto,Crypto
2023-11-27,XLM-USD,-0.02905692846676644,Crypto,Crypto
2023-11-27,XRP-USD,-0.020534461689445838,Crypto,Crypto
2023-11-28,ADA-USD,0.01920134509371385,Crypto,Crypto
2023-11-28,BCH-USD,0.0003093554934507914,Crypto,Crypto
2023-11-28,BTC-USD,0.01548599794884531,Crypto,Crypto
2023-11-28,EOS-USD,0.003474645706184498,Crypto,Crypto
2023-11-28,ETC-USD,0.014772764399964888,Crypto,Crypto
2023-11-28,ETH-USD,0.010812167645888104,Crypto,Crypto
2023-11-28,LTC-USD,0.007147633617611726,Crypto,Crypto
2023-11-28,TRX-USD,0.009245888786336032,Crypto,Crypto
2023-11-28,XLM-USD,0.01627203677492961,Crypto,Crypto
2023-11-28,XRP-USD,0.01203176202063827,Crypto,Crypto
2023-11-29,ADA-USD,-0.009978597142957346,Crypto,Crypto
2023-11-29,BCH-USD,-0.0007425923088332231,Crypto,Crypto
2023-11-29,BTC-USD,0.0007244373065387055,Crypto,Crypto
2023-11-29,EOS-USD,0.002784208094745555,Crypto,Crypto
2023-11-29,ETC-USD,-0.005462139483252804,Crypto,Crypto
2023-11-29,ETH-USD,-0.009470831200383945,Crypto,Crypto
2023-11-29,LTC-USD,0.00361497017537471,Crypto,Crypto
2023-11-29,TRX-USD,0.004862042095278962,Crypto,Crypto
2023-11-29,XLM-USD,0.0014103345591678362,Crypto,Crypto
2023-11-29,XRP-USD,-0.003375720257801751,Crypto,Crypto
2023-11-30,ADA-USD,-0.015404350741205719,Crypto,Crypto
2023-11-30,BCH-USD,-0.007665625991499558,Crypto,Crypto
2023-11-30,BTC-USD,-0.0038497596002547985,Crypto,Crypto
2023-11-30,EOS-USD,-0.0012323441650883282,Crypto,Crypto
2023-11-30,ETC-USD,-0.005096432334481982,Crypto,Crypto
2023-11-30,ETH-USD,0.011146671092621574,Crypto,Crypto
2023-11-30,LTC-USD,-0.007769322637765308,Crypto,Crypto
2023-11-30,TRX-USD,-0.00028005157784449786,Crypto,Crypto
2023-11-30,XLM-USD,-0.0022769187889749576,Crypto,Crypto
2023-11-30,XRP-USD,-0.00492324859676363,Crypto,Crypto
2023-12-01,ADA-USD,0.022099283252132285,Crypto,Crypto
2023-12-01,BCH-USD,0.016404537463936553,Crypto,Crypto
2023-12-01,BTC-USD,0.025879947957747618,Crypto,Crypto
2023-12-01,EOS-USD,0.015224832108742259,Crypto,Crypto
2023-12-01,ETC-USD,0.01781510235254924,Crypto,Crypto
2023-12-01,ETH-USD,0.016849107974407973,Crypto,Crypto
2023-12-01,LTC-USD,0.030230694837641847,Crypto,Crypto
2023-12-01,TRX-USD,-0.0032651846742098867,Crypto,Crypto
2023-12-01,XLM-USD,0.012526222375822904,Crypto,Crypto
2023-12-01,XRP-USD,0.010813723662019381,Crypto,Crypto
2023-12-04,ADA-USD,0.029497250287008114,Crypto,Crypto
2023-12-04,BCH-USD,0.09218465873500792,Crypto,Crypto
2023-12-04,BTC-USD,0.05006972516793251,Crypto,Crypto
2023-12-04,EOS-USD,0.025517439759107807,Crypto,Crypto
2023-12-04,ETC-USD,0.006451879861680165,Crypto,Crypto
2023-12-04,ETH-USD,0.022575720663866372,Crypto,Crypto
2023-12-04,LTC-USD,0.007822574556834994,Crypto,Crypto
2023-12-04,TRX-USD,0.006649781611072436,Crypto,Crypto
2023-12-04,XLM-USD,0.00159791360301198,Crypto,Crypto
2023-12-04,XRP-USD,0.0010437356984462909,Crypto,Crypto
2023-12-05,ADA-USD,0.046328611389981456,Crypto,Crypto
2023-12-05,BCH-USD,0.0008780967239845339,Crypto,Crypto
2023-12-05,BTC-USD,0.05003682455553493,Crypto,Crypto
2023-12-05,EOS-USD,0.03221121671235738,Crypto,Crypto
2023-12-05,ETC-USD,0.015661777880699113,Crypto,Crypto
2023-12-05,ETH-USD,0.02256848231190145,Crypto,Crypto
2023-12-05,LTC-USD,0.02017992681103098,Crypto,Crypto
2023-12-05,TRX-USD,-0.001954837492788686,Crypto,Crypto
2023-12-05,XLM-USD,0.0017917675249603526,Crypto,Crypto
2023-12-05,XRP-USD,-0.0038069710366055443,Crypto,Crypto
2023-12-06,ADA-USD,0.039346168990875174,Crypto,Crypto
2023-12-06,BCH-USD,-0.027691928561210277,Crypto,Crypto
2023-12-06,BTC-USD,-0.007581629055975703,Crypto,Crypto
2023-12-06,EOS-USD,-0.00341795153694191,Crypto,Crypto
2023-12-06,ETC-USD,-0.00011456590113989584,Crypto,Crypto
2023-12-06,ETH-USD,-0.027107545082919904,Crypto,Crypto
2023-12-06,LTC-USD,-0.025250742079894084,Crypto,Crypto
2023-12-06,TRX-USD,0.011124508985553616,Crypto,Crypto
2023-12-06,XLM-USD,0.024451602319618848,Crypto,Crypto
2023-12-06,XRP-USD,0.029479238797099683,Crypto,Crypto
2023-12-07,ADA-USD,0.03170394623475259,Crypto,Crypto
2023-12-07,BCH-USD,0.009969309123645687,Crypto,Crypto
2023-12-07,BTC-USD,-0.010372985662227885,Crypto,Crypto
2023-12-07,EOS-USD,0.04194404919250294,Crypto,Crypto
2023-12-07,ETC-USD,0.08443862395953872,Crypto,Crypto
2023-12-07,ETH-USD,0.05642353010676748,Crypto,Crypto
2023-12-07,LTC-USD,0.022690970358369977,Crypto,Crypto
2023-12-07,TRX-USD,-0.005458081187144748,Crypto,Crypto
2023-12-07,XLM-USD,0.005851414137286515,Crypto,Crypto
2023-12-07,XRP-USD,0.005152003559525387,Crypto,Crypto
2023-12-08,ADA-USD,0.19606208608022935,Crypto,Crypto
2023-12-08,BCH-USD,0.02683061374944007,Crypto,Crypto
2023-12-08,BTC-USD,0.02018673414826888,Crypto,Crypto
2023-12-08,EOS-USD,0.035671719308925764,Crypto,Crypto
2023-12-08,ETC-USD,0.013126875593509224,Crypto,Crypto
2023-12-08,ETH-USD,0.0004887825441670657,Crypto,Crypto
2023-12-08,LTC-USD,0.05860642087748924,Crypto,Crypto
2023-12-08,TRX-USD,0.02389038169124169,Crypto,Crypto
2023-12-08,XLM-USD,0.04875006406929927,Crypto,Crypto
2023-12-08,XRP-USD,0.04584300957747911,Crypto,Crypto
2023-12-11,ADA-USD,-0.07259727292617668,Crypto,Crypto
2023-12-11,BCH-USD,-0.08153494934341987,Crypto,Crypto
2023-12-11,BTC-USD,-0.05792335792051162,Crypto,Crypto
2023-12-11,EOS-USD,-0.08073881989042353,Crypto,Crypto
2023-12-11,ETC-USD,-0.08213267264085455,Crypto,Crypto
2023-12-11,ETH-USD,-0.054361666168691425,Crypto,Crypto
2023-12-11,LTC-USD,-0.058219146582962344,Crypto,Crypto
2023-12-11,TRX-USD,-0.037431734278585926,Crypto,Crypto
2023-12-11,XLM-USD,-0.0713834070308842,Crypto,Crypto
2023-12-11,XRP-USD,-0.06252776604795363,Crypto,Crypto
2023-12-12,ADA-USD,0.04607090540875869,Crypto,Crypto
2023-12-12,BCH-USD,0.006747355743179861,Crypto,Crypto
2023-12-12,BTC-USD,0.005004157345118276,Crypto,Crypto
2023-12-12,EOS-USD,0.016713614572291036,Crypto,Crypto
2023-12-12,ETC-USD,0.008324805533019841,Crypto,Crypto
2023-12-12,ETH-USD,-0.010132601687358522,Crypto,Crypto
2023-12-12,LTC-USD,-0.0032726772093695233,Crypto,Crypto
2023-12-12,TRX-USD,-0.0015512501565858594,Crypto,Crypto
2023-12-12,XLM-USD,-0.0033362393250054856,Crypto,Crypto
2023-12-12,XRP-USD,-0.0010674250923605744,Crypto,Crypto
2023-12-13,ADA-USD,0.1541219408914012,Crypto,Crypto
2023-12-13,BCH-USD,0.014724415325570117,Crypto,Crypto
2023-12-13,BTC-USD,0.03475299863154757,Crypto,Crypto
2023-12-13,EOS-USD,0.004160197167245361,Crypto,Crypto
2023-12-13,ETC-USD,0.02079429905602348,Crypto,Crypto
2023-12-13,ETH-USD,0.02661652224701272,Crypto,Crypto
2023-12-13,LTC-USD,0.01083875100552456,Crypto,Crypto
2023-12-13,TRX-USD,0.006504177389767385,Crypto,Crypto
2023-12-13,XLM-USD,0.014746376013247797,Crypto,Crypto
2023-12-13,XRP-USD,0.014425011691496126,Crypto,Crypto
2023-12-14,ADA-USD,-0.03271883323110181,Crypto,Crypto
2023-12-14,BCH-USD,0.007902696562152922,Crypto,Crypto
2023-12-14,BTC-USD,0.0031062756659134827,Crypto,Crypto
2023-12-14,EOS-USD,0.008643847330770837,Crypto,Crypto
2023-12-14,ETC-USD,0.007016607685259801,Crypto,Crypto
2023-12-14,ETH-USD,0.02474087211166509,Crypto,Crypto
2023-12-14,LTC-USD,-0.003202772011266397,Crypto,Crypto
2023-12-14,TRX-USD,0.016155330390389633,Crypto,Crypto
2023-12-14,XLM-USD,0.02088144326606689,Crypto,Crypto
2023-12-14,XRP-USD,0.006278590833198594,Crypto,Crypto
2023-12-15,ADA-USD,-0.0653790387697254,Crypto,Crypto
2023-12-15,BCH-USD,-0.0437317851738388,Crypto,Crypto
2023-12-15,BTC-USD,-0.025432678020983368,Crypto,Crypto
2023-12-15,EOS-USD,-0.046325023790077746,Crypto,Crypto
2023-12-15,ETC-USD,-0.04606844202170224,Crypto,Crypto
2023-12-15,ETH-USD,-0.041976420815141524,Crypto,Crypto
2023-12-15,LTC-USD,-0.02751430679750777,Crypto,Crypto
2023-12-15,TRX-USD,-0.04172289956334829,Crypto,Crypto
2023-12-15,XLM-USD,-0.035802859273530996,Crypto,Crypto
2023-12-15,XRP-USD,-0.026785485400804943,Crypto,Crypto
2023-12-18,ADA-USD,0.035703071871116654,Crypto,Crypto
2023-12-18,BCH-USD,0.00881462979615133,Crypto,Crypto
2023-12-18,BTC-USD,0.030433584522719714,Crypto,Crypto
2023-12-18,EOS-USD,-0.029928566569965342,Crypto,Crypto
2023-12-18,ETC-USD,-0.004697599095019989,Crypto,Crypto
2023-12-18,ETH-USD,0.009466157195896718,Crypto,Crypto
2023-12-18,LTC-USD,-0.006064862876820842,Crypto,Crypto
2023-12-18,TRX-USD,-0.011742120053650051,Crypto,Crypto
2023-12-18,XLM-USD,-0.008762003960054221,Crypto,Crypto
2023-12-18,XRP-USD,0.0034598771715774745,Crypto,Crypto
2023-12-19,ADA-USD,-0.04065160864210016,Crypto,Crypto
2023-12-19,BCH-USD,-0.012012181684147527,Crypto,Crypto
2023-12-19,BTC-USD,-0.008282083715112631,Crypto,Crypto
2023-12-19,EOS-USD,-0.017039082268382688,Crypto,Crypto
2023-12-19,ETC-USD,-0.012364257702125236,Crypto,Crypto
2023-12-19,ETH-USD,-0.017769968394459656,Crypto,Crypto
2023-12-19,LTC-USD,-0.0026592976281940572,Crypto,Crypto
2023-12-19,TRX-USD,-0.0033494093661934343,Crypto,Crypto
2023-12-19,XLM-USD,-0.013221918366202456,Crypto,Crypto
2023-12-19,XRP-USD,-0.011548819700934576,Crypto,Crypto
2023-12-20,ADA-USD,0.0220759430966897,Crypto,Crypto
2023-12-20,BCH-USD,0.01936558163486546,Crypto,Crypto
2023-12-20,BTC-USD,0.032687613405284255,Crypto,Crypto
2023-12-20,EOS-USD,0.0329622531770819,Crypto,Crypto
2023-12-20,ETC-USD,0.02631963117165581,Crypto,Crypto
2023-12-20,ETH-USD,0.011037752537226941,Crypto,Crypto
2023-12-20,LTC-USD,-0.01146474601135683,Crypto,Crypto
2023-12-20,TRX-USD,0.02111874420967652,Crypto,Crypto
2023-12-20,XLM-USD,0.01825024527839103,Crypto,Crypto
2023-12-20,XRP-USD,0.019593485482088502,Crypto,Crypto
2023-12-21,ADA-USD,0.08020986518058515,Crypto,Crypto
2023-12-21,BCH-USD,0.01581193555924032,Crypto,Crypto
2023-12-21,BTC-USD,0.0049688697318006625,Crypto,Crypto
2023-12-21,EOS-USD,0.07070660464992451,Crypto,Crypto
2023-12-21,ETC-USD,0.023958589769500938,Crypto,Crypto
2023-12-21,ETH-USD,0.017090198956007274,Crypto,Crypto
2023-12-21,LTC-USD,0.016038292020593925,Crypto,Crypto
2023-12-21,TRX-USD,0.019201978657406693,Crypto,Crypto
2023-12-21,XLM-USD,0.02172627981690267,Crypto,Crypto
2023-12-21,XRP-USD,0.010676849642373476,Crypto,Crypto
2023-12-22,ADA-USD,-0.019451780600258872,Crypto,Crypto
2023-12-22,BCH-USD,0.02376259833165406,Crypto,Crypto
2023-12-22,BTC-USD,0.002934864092908329,Crypto,Crypto
2023-12-22,EOS-USD,0.00473850349870486,Crypto,Crypto
2023-12-22,ETC-USD,0.06128735447884304,Crypto,Crypto
2023-12-22,ETH-USD,0.03883937127050796,Crypto,Crypto
2023-12-22,LTC-USD,0.03955166723679082,Crypto,Crypto
2023-12-22,TRX-USD,0.004385215007648435,Crypto,Crypto
2023-12-22,XLM-USD,0.018152984188443577,Crypto,Crypto
2023-12-22,XRP-USD,0.002391312592829209,Crypto,Crypto
2023-12-26,ADA-USD,-0.0270439983173707,Crypto,Crypto
2023-12-26,BCH-USD,-0.024683815683942067,Crypto,Crypto
2023-12-26,BTC-USD,-0.025055253200995553,Crypto,Crypto
2023-12-26,EOS-USD,-0.009390114547013995,Crypto,Crypto
2023-12-26,ETC-USD,-0.030112932380135016,Crypto,Crypto
2023-12-26,ETH-USD,-0.0180837485401647,Crypto,Crypto
2023-12-26,LTC-USD,0.012109762356509401,Crypto,Crypto
2023-12-26,TRX-USD,-0.027035985924126038,Crypto,Crypto
2023-12-26,XLM-USD,-0.038416921613109056,Crypto,Crypto
2023-12-26,XRP-USD,-0.037082794811935216,Crypto,Crypto
2023-12-27,ADA-USD,0.0406308938988551,Crypto,Crypto
2023-12-27,BCH-USD,0.1523254145564743,Crypto,Crypto
2023-12-27,BTC-USD,0.021694364920222586,Crypto,Crypto
2023-12-27,EOS-USD,0.03698228227182021,Crypto,Crypto
2023-12-27,ETC-USD,0.08965805734983112,Crypto,Crypto
2023-12-27,ETH-USD,0.06599907965814755,Crypto,Crypto
2023-12-27,LTC-USD,0.03690723337593882,Crypto,Crypto
2023-12-27,TRX-USD,0.022703202696432223,Crypto,Crypto
2023-12-27,XLM-USD,0.03849937753160493,Crypto,Crypto
2023-12-27,XRP-USD,0.020063651048750186,Crypto,Crypto
2023-12-28,ADA-USD,-0.025433546894642722,Crypto,Crypto
2023-12-28,BCH-USD,-0.006021541559938393,Crypto,Crypto
2023-12-28,BTC-USD,-0.01876027694786908,Crypto,Crypto
2023-12-28,EOS-USD,-0.03732999288424266,Crypto,Crypto
2023-12-28,ETC-USD,-0.008496658790641654,Crypto,Crypto
2023-12-28,ETH-USD,-0.013105185204343561,Crypto,Crypto
2023-12-28,LTC-USD,0.01149665188102289,Crypto,Crypto
2023-12-28,TRX-USD,0.0018120188106156565,Crypto,Crypto
2023-12-28,XLM-USD,0.011531993318602218,Crypto,Crypto
2023-12-28,XRP-USD,0.00022373242390760772,Crypto,Crypto
2023-12-29,ADA-USD,-0.014460127997720118,Crypto,Crypto
2023-12-29,BCH-USD,-0.030415311765752184,Crypto,Crypto
2023-12-29,BTC-USD,-0.012396896798793966,Crypto,Crypto
2023-12-29,EOS-USD,-0.025384450628895716,Crypto,Crypto
2023-12-29,ETC-USD,-0.001684136670340175,Crypto,Crypto
2023-12-29,ETH-USD,-0.019967696347748753,Crypto,Crypto
2023-12-29,LTC-USD,-0.043249259731533374,Crypto,Crypto
2023-12-29,TRX-USD,0.000842776379853083,Crypto,Crypto
2023-12-29,XLM-USD,-0.02072340243010462,Crypto,Crypto
2023-12-29,XRP-USD,-0.01826151201591142,Crypto,Crypto
