rebalance_date,live_start_date,live_end_date,base_fund_id,fund_id,universe,method,method_label,ticker,sector,asset_class,base_weight,weight,sentiment_z,tilt_multiplier,tilt_strength,lagged_signal_date
2020-12-31,2021-01-04,2021-01-29,Equity - Minimum Variance,Equity - Minimum Variance Sentiment Tilt,Equity,sentiment_tilt,Sentiment Tilt,ABBV,Healthcare,Equity,0.16311553439714632,0.1556486234187422,0.6332828911328304,1.0949924336699246,0.15,2020-12-31
2020-12-31,2021-01-04,2021-01-29,Equity - Minimum Variance,Equity - Minimum Variance Sentiment Tilt,Equity,sentiment_tilt,Sentiment Tilt,ABT,Healthcare,Equity,0.0,0.0,0.6332828911328304,1.0949924336699246,0.15,2020-12-31
2020-12-31,2021-01-04,2021-01-29,Equity - Minimum Variance,Equity - Minimum Variance Sentiment Tilt,Equity,sentiment_tilt,Sentiment Tilt,ADBE,Tech,Equity,4.231010174526209e-18,3.967849977044392e-18,0.5076587539518281,1.0761488130927743,0.15,2020-12-31
2020-12-31,2021-01-04,2021-01-29,Equity - Minimum Variance,Equity - Minimum Variance Sentiment Tilt,Equity,sentiment_tilt,Sentiment Tilt,AEP,Utilities,Equity,5.994850162501405e-18,6.252300798816241e-18,1.312020357210584,1.1968030535815877,0.15,2020-12-31
2020-12-31,2021-01-04,2021-01-29,Equity - Minimum Variance,Equity - Minimum Variance Sentiment Tilt,Equity,sentiment_tilt,Sentiment Tilt,AMD,Tech,Equity,0.0,0.0,0.5076587539518281,1.0761488130927743,0.15,2020-12-31
2020-12-31,2021-01-04,2021-01-29,Equity - Minimum Variance,Equity - Minimum Variance Sentiment Tilt,Equity,sentiment_tilt,Sentiment Tilt,AMGN,Healthcare,Equity,0.0,0.0,0.6332828911328304,1.0949924336699246,0.15,2020-12-31
2020-12-31,2021-01-04,2021-01-29,Equity - Minimum Variance,Equity - Minimum Variance Sentiment Tilt,Equity,sentiment_tilt,Sentiment Tilt,AMT,RealEstate,Equity,1.6825510561608547e-17,1.571042544865385e-17,0.47648042218672426,1.0714720633280086,0.15,2020-12-31
2020-12-31,2021-01-04,2021-01-29,Equity - Minimum Variance,Equity - Minimum Variance Sentiment Tilt,Equity,sentiment_tilt,Sentiment Tilt,BA,Industrials,Equity,0.0,0.0,0.20038939778464765,1.0300584096676972,0.15,2020-12-31
2020-12-31,2021-01-04,2021-01-29,Equity - Minimum Variance,Equity - Minimum Variance Sentiment Tilt,Equity,sentiment_tilt,Sentiment Tilt,CAT,Industrials,Equity,0.0,0.0,0.20038939778464765,1.0300584096676972,0.15,2020-12-31
2020-12-31,2021-01-04,2021-01-29,Equity - Minimum Variance,Equity - Minimum Variance Sentiment Tilt,Equity,sentiment_tilt,Sentiment Tilt,CCI,RealEstate,Equity,2.5418204694873793e-17,2.3733651851766528e-17,0.47648042218672426,1.0714720633280086,0.15,2020-12-31
2020-12-31,2021-01-04,2021-01-29,Equity - Minimum Variance,Equity - Minimum Variance Sentiment Tilt,Equity,sentiment_tilt,Sentiment Tilt,CMCSA,Comm,Equity,5.951937471477449e-18,5.159988727481873e-18,-0.034425786513153415,0.994836132023027,0.15,2020-12-31
2020-12-31,2021-01-04,2021-01-29,Equity - Minimum Variance,Equity - Minimum Variance Sentiment Tilt,Equity,sentiment_tilt,Sentiment Tilt,COP,Energy,Equity,4.122955727744854e-17,3.431281162814503e-17,-0.29992053524082796,0.9550119197138758,0.15,2020-12-31
2020-12-31,2021-01-04,2021-01-29,Equity - Minimum Variance,Equity - Minimum Variance Sentiment Tilt,Equity,sentiment_tilt,Sentiment Tilt,CVX,Energy,Equity,2.004845120577681e-18,1.6685086503127448e-18,-0.29992053524082796,0.9550119197138758,0.15,2020-12-31
2020-12-31,2021-01-04,2021-01-29,Equity - Minimum Variance,Equity - Minimum Variance Sentiment Tilt,Equity,sentiment_tilt,Sentiment Tilt,D,Utilities,Equity,0.0,0.0,1.312020357210584,1.1968030535815877,0.15,2020-12-31
2020-12-31,2021-01-04,2021-01-29,Equity - Minimum Variance,Equity - Minimum Variance Sentiment Tilt,Equity,sentiment_tilt,Sentiment Tilt,DD,Materials,Equity,2.132107055904084e-17,2.3452602394630993e-17,1.7482909278596042,1.2622436391789407,0.15,2020-12-31
2020-12-31,2021-01-04,2021-01-29,Equity - Minimum Variance,Equity - Minimum Variance Sentiment Tilt,Equity,sentiment_tilt,Sentiment Tilt,DIS,Consumer,Equity,2.7370627596013955e-17,3.100751414945914e-17,2.0,1.3,0.15,2020-12-31
2020-12-31,2021-01-04,2021-01-29,Equity - Minimum Variance,Equity - Minimum Variance Sentiment Tilt,Equity,sentiment_tilt,Sentiment Tilt,DOW,Materials,Equity,0.0,0.0,1.7482909278596042,1.2622436391789407,0.15,2020-12-31
2020-12-31,2021-01-04,2021-01-29,Equity - Minimum Variance,Equity - Minimum Variance Sentiment Tilt,Equity,sentiment_tilt,Sentiment Tilt,DUK,Utilities,Equity,0.0,0.0,1.312020357210584,1.1968030535815877,0.15,2020-12-31
2020-12-31,2021-01-04,2021-01-29,Equity - Minimum Variance,Equity - Minimum Variance Sentiment Tilt,Equity,sentiment_tilt,Sentiment Tilt,EA,Comm,Equity,0.0729942676338841,0.06328184729201149,-0.034425786513153415,0.994836132023027,0.15,2020-12-31
2020-12-31,2021-01-04,2021-01-29,Equity - Minimum Variance,Equity - Minimum Variance Sentiment Tilt,Equity,sentiment_tilt,Sentiment Tilt,GE,Industrials,Equity,0.0,0.0,0.20038939778464765,1.0300584096676972,0.15,2020-12-31
2020-12-31,2021-01-04,2021-01-29,Equity - Minimum Variance,Equity - Minimum Variance Sentiment Tilt,Equity,sentiment_tilt,Sentiment Tilt,GILD,Healthcare,Equity,0.12747334655858997,0.12163802171114305,0.6332828911328304,1.0949924336699246,0.15,2020-12-31
2020-12-31,2021-01-04,2021-01-29,Equity - Minimum Variance,Equity - Minimum Variance Sentiment Tilt,Equity,sentiment_tilt,Sentiment Tilt,GS,Financials,Equity,1.0639332688556617e-17,1.2053039621541832e-17,2.0,1.3,0.15,2020-12-31
2020-12-31,2021-01-04,2021-01-29,Equity - Minimum Variance,Equity - Minimum Variance Sentiment Tilt,Equity,sentiment_tilt,Sentiment Tilt,INTC,Tech,Equity,3.311940411703176e-17,3.1059444776732095e-17,0.5076587539518281,1.0761488130927743,0.15,2020-12-31
2020-12-31,2021-01-04,2021-01-29,Equity - Minimum Variance,Equity - Minimum Variance Sentiment Tilt,Equity,sentiment_tilt,Sentiment Tilt,KO,Consumer,Equity,2.4657630593625993e-18,2.7934026241887885e-18,2.0,1.3,0.15,2020-12-31
2020-12-31,2021-01-04,2021-01-29,Equity - Minimum Variance,Equity - Minimum Variance Sentiment Tilt,Equity,sentiment_tilt,Sentiment Tilt,MMM,Industrials,Equity,0.07763090679894363,0.06968436611803579,0.20038939778464765,1.0300584096676972,0.15,2020-12-31
2020-12-31,2021-01-04,2021-01-29,Equity - Minimum Variance,Equity - Minimum Variance Sentiment Tilt,Equity,sentiment_tilt,Sentiment Tilt,MRK,Healthcare,Equity,0.057702153329167435,0.05506073205826574,0.6332828911328304,1.0949924336699246,0.15,2020-12-31
2020-12-31,2021-01-04,2021-01-29,Equity - Minimum Variance,Equity - Minimum Variance Sentiment Tilt,Equity,sentiment_tilt,Sentiment Tilt,MS,Financials,Equity,0.0,0.0,2.0,1.3,0.15,2020-12-31
2020-12-31,2021-01-04,2021-01-29,Equity - Minimum Variance,Equity - Minimum Variance Sentiment Tilt,Equity,sentiment_tilt,Sentiment Tilt,NEE,Utilities,Equity,4.219846965141059e-17,4.401069557345679e-17,1.312020357210584,1.1968030535815877,0.15,2020-12-31
2020-12-31,2021-01-04,2021-01-29,Equity - Minimum Variance,Equity - Minimum Variance Sentiment Tilt,Equity,sentiment_tilt,Sentiment Tilt,NEM,Materials,Equity,0.13709838135806987,0.15080452072210337,1.7482909278596042,1.2622436391789407,0.15,2020-12-31
2020-12-31,2021-01-04,2021-01-29,Equity - Minimum Variance,Equity - Minimum Variance Sentiment Tilt,Equity,sentiment_tilt,Sentiment Tilt,NKE,Consumer,Equity,0.005113705263797025,0.005793191543274728,2.0,1.3,0.15,2020-12-31
2020-12-31,2021-01-04,2021-01-29,Equity - Minimum Variance,Equity - Minimum Variance Sentiment Tilt,Equity,sentiment_tilt,Sentiment Tilt,NUE,Materials,Equity,0.0,0.0,1.7482909278596042,1.2622436391789407,0.15,2020-12-31
2020-12-31,2021-01-04,2021-01-29,Equity - Minimum Variance,Equity - Minimum Variance Sentiment Tilt,Equity,sentiment_tilt,Sentiment Tilt,NVDA,Tech,Equity,2.8245918628497565e-17,2.6489080138936826e-17,0.5076587539518281,1.0761488130927743,0.15,2020-12-31
2020-12-31,2021-01-04,2021-01-29,Equity - Minimum Variance,Equity - Minimum Variance Sentiment Tilt,Equity,sentiment_tilt,Sentiment Tilt,O,RealEstate,Equity,0.0,0.0,0.47648042218672426,1.0714720633280086,0.15,2020-12-31
2020-12-31,2021-01-04,2021-01-29,Equity - Minimum Variance,Equity - Minimum Variance Sentiment Tilt,Equity,sentiment_tilt,Sentiment Tilt,OXY,Energy,Equity,1.089649250799527e-17,9.06847707139564e-18,-0.29992053524082796,0.9550119197138758,0.15,2020-12-31
2020-12-31,2021-01-04,2021-01-29,Equity - Minimum Variance,Equity - Minimum Variance Sentiment Tilt,Equity,sentiment_tilt,Sentiment Tilt,PLD,RealEstate,Equity,1.298222534286913e-17,1.2121848110341774e-17,0.47648042218672426,1.0714720633280086,0.15,2020-12-31
2020-12-31,2021-01-04,2021-01-29,Equity - Minimum Variance,Equity - Minimum Variance Sentiment Tilt,Equity,sentiment_tilt,Sentiment Tilt,PSA,RealEstate,Equity,0.07628308463866378,0.07122753926668993,0.47648042218672426,1.0714720633280086,0.15,2020-12-31
2020-12-31,2021-01-04,2021-01-29,Equity - Minimum Variance,Equity - Minimum Variance Sentiment Tilt,Equity,sentiment_tilt,Sentiment Tilt,QCOM,Tech,Equity,0.0,0.0,0.5076587539518281,1.0761488130927743,0.15,2020-12-31
2020-12-31,2021-01-04,2021-01-29,Equity - Minimum Variance,Equity - Minimum Variance Sentiment Tilt,Equity,sentiment_tilt,Sentiment Tilt,SBUX,Consumer,Equity,0.0,0.0,2.0,1.3,0.15,2020-12-31
2020-12-31,2021-01-04,2021-01-29,Equity - Minimum Variance,Equity - Minimum Variance Sentiment Tilt,Equity,sentiment_tilt,Sentiment Tilt,SHW,Materials,Equity,0.0,0.0,1.7482909278596042,1.2622436391789407,0.15,2020-12-31
2020-12-31,2021-01-04,2021-01-29,Equity - Minimum Variance,Equity - Minimum Variance Sentiment Tilt,Equity,sentiment_tilt,Sentiment Tilt,SLB,Energy,Equity,0.0,0.0,-0.29992053524082796,0.9550119197138758,0.15,2020-12-31
2020-12-31,2021-01-04,2021-01-29,Equity - Minimum Variance,Equity - Minimum Variance Sentiment Tilt,Equity,sentiment_tilt,Sentiment Tilt,SO,Utilities,Equity,0.0,0.0,1.312020357210584,1.1968030535815877,0.15,2020-12-31
2020-12-31,2021-01-04,2021-01-29,Equity - Minimum Variance,Equity - Minimum Variance Sentiment Tilt,Equity,sentiment_tilt,Sentiment Tilt,T,Comm,Equity,0.0,0.0,-0.034425786513153415,0.994836132023027,0.15,2020-12-31
2020-12-31,2021-01-04,2021-01-29,Equity - Minimum Variance,Equity - Minimum Variance Sentiment Tilt,Equity,sentiment_tilt,Sentiment Tilt,TMUS,Comm,Equity,0.0,0.0,-0.034425786513153415,0.994836132023027,0.15,2020-12-31
2020-12-31,2021-01-04,2021-01-29,Equity - Minimum Variance,Equity - Minimum Variance Sentiment Tilt,Equity,sentiment_tilt,Sentiment Tilt,TTWO,Comm,Equity,0.037470364735217115,0.032484659083684926,-0.034425786513153415,0.994836132023027,0.15,2020-12-31
2020-12-31,2021-01-04,2021-01-29,Equity - Minimum Variance,Equity - Minimum Variance Sentiment Tilt,Equity,sentiment_tilt,Sentiment Tilt,UPS,Industrials,Equity,0.01407920846409947,0.012638016966688403,0.20038939778464765,1.0300584096676972,0.15,2020-12-31
2020-12-31,2021-01-04,2021-01-29,Equity - Minimum Variance,Equity - Minimum Variance Sentiment Tilt,Equity,sentiment_tilt,Sentiment Tilt,USB,Financials,Equity,0.0,0.0,2.0,1.3,0.15,2020-12-31
2020-12-31,2021-01-04,2021-01-29,Equity - Minimum Variance,Equity - Minimum Variance Sentiment Tilt,Equity,sentiment_tilt,Sentiment Tilt,V,Financials,Equity,1.8463545726959404e-17,2.091689908715339e-17,2.0,1.3,0.15,2020-12-31
2020-12-31,2021-01-04,2021-01-29,Equity - Minimum Variance,Equity - Minimum Variance Sentiment Tilt,Equity,sentiment_tilt,Sentiment Tilt,WFC,Financials,Equity,1.1592778931260147e-17,1.3133175535768507e-17,2.0,1.3,0.15,2020-12-31
2020-12-31,2021-01-04,2021-01-29,Equity - Minimum Variance,Equity - Minimum Variance Sentiment Tilt,Equity,sentiment_tilt,Sentiment Tilt,WMT,Consumer,Equity,0.23103904682242102,0.26173848181936005,2.0,1.3,0.15,2020-12-31
2020-12-31,2021-01-04,2021-01-29,Equity - Minimum Variance,Equity - Minimum Variance Sentiment Tilt,Equity,sentiment_tilt,Sentiment Tilt,XOM,Energy,Equity,5.082038016280894e-18,4.229466059173494e-18,-0.29992053524082796,0.9550119197138758,0.15,2020-12-31
2021-01-29,2021-02-01,2021-02-26,Equity - Minimum Variance,Equity - Minimum Variance Sentiment Tilt,Equity,sentiment_tilt,Sentiment Tilt,ABBV,Healthcare,Equity,0.1446314115908157,0.11954784696450714,-1.5835430876633412,0.7624685368504989,0.15,2021-01-29
2021-01-29,2021-02-01,2021-02-26,Equity - Minimum Variance,Equity - Minimum Variance Sentiment Tilt,Equity,sentiment_tilt,Sentiment Tilt,ABT,Healthcare,Equity,2.4783824837520594e-17,2.0485542291832327e-17,-1.5835430876633412,0.7624685368504989,0.15,2021-01-29
2021-01-29,2021-02-01,2021-02-26,Equity - Minimum Variance,Equity - Minimum Variance Sentiment Tilt,Equity,sentiment_tilt,Sentiment Tilt,ADBE,Tech,Equity,1.609584151953603e-17,1.7416219589268114e-17,-0.012529659298388297,0.9981205511052418,0.15,2021-01-29
2021-01-29,2021-02-01,2021-02-26,Equity - Minimum Variance,Equity - Minimum Variance Sentiment Tilt,Equity,sentiment_tilt,Sentiment Tilt,AEP,Utilities,Equity,5.1917957380954276e-17,5.574994180098882e-17,-0.06310321898540532,0.9905345171521892,0.15,2021-01-29
2021-01-29,2021-02-01,2021-02-26,Equity - Minimum Variance,Equity - Minimum Variance Sentiment Tilt,Equity,sentiment_tilt,Sentiment Tilt,AMD,Tech,Equity,0.0,0.0,-0.012529659298388297,0.9981205511052418,0.15,2021-01-29
2021-01-29,2021-02-01,2021-02-26,Equity - Minimum Variance,Equity - Minimum Variance Sentiment Tilt,Equity,sentiment_tilt,Sentiment Tilt,AMGN,Healthcare,Equity,1.494904549698131e-17,1.2356418178332024e-17,-1.5835430876633412,0.7624685368504989,0.15,2021-01-29
2021-01-29,2021-02-01,2021-02-26,Equity - Minimum Variance,Equity - Minimum Variance Sentiment Tilt,Equity,sentiment_tilt,Sentiment Tilt,AMT,RealEstate,Equity,0.0,0.0,-1.0616277008361863,0.840755844874572,0.15,2021-01-29
2021-01-29,2021-02-01,2021-02-26,Equity - Minimum Variance,Equity - Minimum Variance Sentiment Tilt,Equity,sentiment_tilt,Sentiment Tilt,BA,Industrials,Equity,0.0,0.0,0.33545295061269004,1.0503179425919036,0.15,2021-01-29
2021-01-29,2021-02-01,2021-02-26,Equity - Minimum Variance,Equity - Minimum Variance Sentiment Tilt,Equity,sentiment_tilt,Sentiment Tilt,CAT,Industrials,Equity,0.0,0.0,0.33545295061269004,1.0503179425919036,0.15,2021-01-29
2021-01-29,2021-02-01,2021-02-26,Equity - Minimum Variance,Equity - Minimum Variance Sentiment Tilt,Equity,sentiment_tilt,Sentiment Tilt,CCI,RealEstate,Equity,0.0,0.0,-1.0616277008361863,0.840755844874572,0.15,2021-01-29
2021-01-29,2021-02-01,2021-02-26,Equity - Minimum Variance,Equity - Minimum Variance Sentiment Tilt,Equity,sentiment_tilt,Sentiment Tilt,CMCSA,Comm,Equity,1.901823472030627e-17,1.9518483197991657e-17,-0.35524209570989157,0.9467136856435163,0.15,2021-01-29
2021-01-29,2021-02-01,2021-02-26,Equity - Minimum Variance,Equity - Minimum Variance Sentiment Tilt,Equity,sentiment_tilt,Sentiment Tilt,COP,Energy,Equity,2.502063271674648e-17,1.8986876897217626e-17,-2.0,0.7,0.15,2021-01-29
2021-01-29,2021-02-01,2021-02-26,Equity - Minimum Variance,Equity - Minimum Variance Sentiment Tilt,Equity,sentiment_tilt,Sentiment Tilt,CVX,Energy,Equity,0.0,0.0,-2.0,0.7,0.15,2021-01-29
2021-01-29,2021-02-01,2021-02-26,Equity - Minimum Variance,Equity - Minimum Variance Sentiment Tilt,Equity,sentiment_tilt,Sentiment Tilt,D,Utilities,Equity,0.0,0.0,-0.06310321898540532,0.9905345171521892,0.15,2021-01-29
2021-01-29,2021-02-01,2021-02-26,Equity - Minimum Variance,Equity - Minimum Variance Sentiment Tilt,Equity,sentiment_tilt,Sentiment Tilt,DD,Materials,Equity,0.0,0.0,-0.09385797353907051,0.9859213039691395,0.15,2021-01-29
2021-01-29,2021-02-01,2021-02-26,Equity - Minimum Variance,Equity - Minimum Variance Sentiment Tilt,Equity,sentiment_tilt,Sentiment Tilt,DIS,Consumer,Equity,0.0,0.0,0.5058338628116767,1.0758750794217515,0.15,2021-01-29
2021-01-29,2021-02-01,2021-02-26,Equity - Minimum Variance,Equity - Minimum Variance Sentiment Tilt,Equity,sentiment_tilt,Sentiment Tilt,DOW,Materials,Equity,0.0,0.0,-0.09385797353907051,0.9859213039691395,0.15,2021-01-29
2021-01-29,2021-02-01,2021-02-26,Equity - Minimum Variance,Equity - Minimum Variance Sentiment Tilt,Equity,sentiment_tilt,Sentiment Tilt,DUK,Utilities,Equity,0.0,0.0,-0.06310321898540532,0.9905345171521892,0.15,2021-01-29
2021-01-29,2021-02-01,2021-02-26,Equity - Minimum Variance,Equity - Minimum Variance Sentiment Tilt,Equity,sentiment_tilt,Sentiment Tilt,EA,Comm,Equity,0.08989473951064808,0.09225929685540053,-0.35524209570989157,0.9467136856435163,0.15,2021-01-29
2021-01-29,2021-02-01,2021-02-26,Equity - Minimum Variance,Equity - Minimum Variance Sentiment Tilt,Equity,sentiment_tilt,Sentiment Tilt,GE,Industrials,Equity,1.1422701442391038e-17,1.3006091860719091e-17,0.33545295061269004,1.0503179425919036,0.15,2021-01-29
2021-01-29,2021-02-01,2021-02-26,Equity - Minimum Variance,Equity - Minimum Variance Sentiment Tilt,Equity,sentiment_tilt,Sentiment Tilt,GILD,Healthcare,Equity,0.12204374351868796,0.10087757986090318,-1.5835430876633412,0.7624685368504989,0.15,2021-01-29
2021-01-29,2021-02-01,2021-02-26,Equity - Minimum Variance,Equity - Minimum Variance Sentiment Tilt,Equity,sentiment_tilt,Sentiment Tilt,GS,Financials,Equity,0.0,0.0,0.11402126788283069,1.0171031901824246,0.15,2021-01-29
2021-01-29,2021-02-01,2021-02-26,Equity - Minimum Variance,Equity - Minimum Variance Sentiment Tilt,Equity,sentiment_tilt,Sentiment Tilt,INTC,Tech,Equity,7.918779702054763e-18,8.568375005595877e-18,-0.012529659298388297,0.9981205511052418,0.15,2021-01-29
2021-01-29,2021-02-01,2021-02-26,Equity - Minimum Variance,Equity - Minimum Variance Sentiment Tilt,Equity,sentiment_tilt,Sentiment Tilt,KO,Consumer,Equity,0.0011556094442074876,0.0013478145402838868,0.5058338628116767,1.0758750794217515,0.15,2021-01-29
2021-01-29,2021-02-01,2021-02-26,Equity - Minimum Variance,Equity - Minimum Variance Sentiment Tilt,Equity,sentiment_tilt,Sentiment Tilt,MMM,Industrials,Equity,0.09906607239150644,0.11279839924931759,0.33545295061269004,1.0503179425919036,0.15,2021-01-29
2021-01-29,2021-02-01,2021-02-26,Equity - Minimum Variance,Equity - Minimum Variance Sentiment Tilt,Equity,sentiment_tilt,Sentiment Tilt,MRK,Healthcare,Equity,0.06160781151403938,0.05092310959071268,-1.5835430876633412,0.7624685368504989,0.15,2021-01-29
2021-01-29,2021-02-01,2021-02-26,Equity - Minimum Variance,Equity - Minimum Variance Sentiment Tilt,Equity,sentiment_tilt,Sentiment Tilt,MS,Financials,Equity,0.0,0.0,0.11402126788283069,1.0171031901824246,0.15,2021-01-29
2021-01-29,2021-02-01,2021-02-26,Equity - Minimum Variance,Equity - Minimum Variance Sentiment Tilt,Equity,sentiment_tilt,Sentiment Tilt,NEE,Utilities,Equity,0.0,0.0,-0.06310321898540532,0.9905345171521892,0.15,2021-01-29
2021-01-29,2021-02-01,2021-02-26,Equity - Minimum Variance,Equity - Minimum Variance Sentiment Tilt,Equity,sentiment_tilt,Sentiment Tilt,NEM,Materials,Equity,0.12929954919233716,0.13819631682847414,-0.09385797353907051,0.9859213039691395,0.15,2021-01-29
2021-01-29,2021-02-01,2021-02-26,Equity - Minimum Variance,Equity - Minimum Variance Sentiment Tilt,Equity,sentiment_tilt,Sentiment Tilt,NKE,Consumer,Equity,1.2238384197462273e-17,1.4273916030716118e-17,0.5058338628116767,1.0758750794217515,0.15,2021-01-29
2021-01-29,2021-02-01,2021-02-26,Equity - Minimum Variance,Equity - Minimum Variance Sentiment Tilt,Equity,sentiment_tilt,Sentiment Tilt,NUE,Materials,Equity,0.0,0.0,-0.09385797353907051,0.9859213039691395,0.15,2021-01-29
2021-01-29,2021-02-01,2021-02-26,Equity - Minimum Variance,Equity - Minimum Variance Sentiment Tilt,Equity,sentiment_tilt,Sentiment Tilt,NVDA,Tech,Equity,0.0,0.0,-0.012529659298388297,0.9981205511052418,0.15,2021-01-29
2021-01-29,2021-02-01,2021-02-26,Equity - Minimum Variance,Equity - Minimum Variance Sentiment Tilt,Equity,sentiment_tilt,Sentiment Tilt,O,RealEstate,Equity,2.659447379206168e-18,2.4239212360827113e-18,-1.0616277008361863,0.840755844874572,0.15,2021-01-29
2021-01-29,2021-02-01,2021-02-26,Equity - Minimum Variance,Equity - Minimum Variance Sentiment Tilt,Equity,sentiment_tilt,Sentiment Tilt,OXY,Energy,Equity,7.736645450460723e-18,5.8709440495882774e-18,-2.0,0.7,0.15,2021-01-29
2021-01-29,2021-02-01,2021-02-26,Equity - Minimum Variance,Equity - Minimum Variance Sentiment Tilt,Equity,sentiment_tilt,Sentiment Tilt,PLD,RealEstate,Equity,0.0,0.0,-1.0616277008361863,0.840755844874572,0.15,2021-01-29
2021-01-29,2021-02-01,2021-02-26,Equity - Minimum Variance,Equity - Minimum Variance Sentiment Tilt,Equity,sentiment_tilt,Sentiment Tilt,PSA,RealEstate,Equity,0.08778446556833452,0.08001009230450433,-1.0616277008361863,0.840755844874572,0.15,2021-01-29
2021-01-29,2021-02-01,2021-02-26,Equity - Minimum Variance,Equity - Minimum Variance Sentiment Tilt,Equity,sentiment_tilt,Sentiment Tilt,QCOM,Tech,Equity,4.707761741172698e-18,5.093950021730977e-18,-0.012529659298388297,0.9981205511052418,0.15,2021-01-29
2021-01-29,2021-02-01,2021-02-26,Equity - Minimum Variance,Equity - Minimum Variance Sentiment Tilt,Equity,sentiment_tilt,Sentiment Tilt,SBUX,Consumer,Equity,2.721162301942757e-18,3.173755748894958e-18,0.5058338628116767,1.0758750794217515,0.15,2021-01-29
2021-01-29,2021-02-01,2021-02-26,Equity - Minimum Variance,Equity - Minimum Variance Sentiment Tilt,Equity,sentiment_tilt,Sentiment Tilt,SHW,Materials,Equity,1.3675182101208992e-17,1.461613602020012e-17,-0.09385797353907051,0.9859213039691395,0.15,2021-01-29
2021-01-29,2021-02-01,2021-02-26,Equity - Minimum Variance,Equity - Minimum Variance Sentiment Tilt,Equity,sentiment_tilt,Sentiment Tilt,SLB,Energy,Equity,0.0,0.0,-2.0,0.7,0.15,2021-01-29
2021-01-29,2021-02-01,2021-02-26,Equity - Minimum Variance,Equity - Minimum Variance Sentiment Tilt,Equity,sentiment_tilt,Sentiment Tilt,SO,Utilities,Equity,6.765560905731691e-18,7.2649165293231e-18,-0.06310321898540532,0.9905345171521892,0.15,2021-01-29
2021-01-29,2021-02-01,2021-02-26,Equity - Minimum Variance,Equity - Minimum Variance Sentiment Tilt,Equity,sentiment_tilt,Sentiment Tilt,T,Comm,Equity,0.0,0.0,-0.35524209570989157,0.9467136856435163,0.15,2021-01-29
2021-01-29,2021-02-01,2021-02-26,Equity - Minimum Variance,Equity - Minimum Variance Sentiment Tilt,Equity,sentiment_tilt,Sentiment Tilt,TMUS,Comm,Equity,1.9930696069982147e-17,2.045494558708234e-17,-0.35524209570989157,0.9467136856435163,0.15,2021-01-29
2021-01-29,2021-02-01,2021-02-26,Equity - Minimum Variance,Equity - Minimum Variance Sentiment Tilt,Equity,sentiment_tilt,Sentiment Tilt,TTWO,Comm,Equity,0.030217919726554163,0.03101276049723241,-0.35524209570989157,0.9467136856435163,0.15,2021-01-29
2021-01-29,2021-02-01,2021-02-26,Equity - Minimum Variance,Equity - Minimum Variance Sentiment Tilt,Equity,sentiment_tilt,Sentiment Tilt,UPS,Industrials,Equity,0.008708971606439773,0.009916190604911758,0.33545295061269004,1.0503179425919036,0.15,2021-01-29
2021-01-29,2021-02-01,2021-02-26,Equity - Minimum Variance,Equity - Minimum Variance Sentiment Tilt,Equity,sentiment_tilt,Sentiment Tilt,USB,Financials,Equity,3.570537337029847e-17,3.936912859252326e-17,0.11402126788283069,1.0171031901824246,0.15,2021-01-29
2021-01-29,2021-02-01,2021-02-26,Equity - Minimum Variance,Equity - Minimum Variance Sentiment Tilt,Equity,sentiment_tilt,Sentiment Tilt,V,Financials,Equity,9.010782699829449e-19,9.935385891356222e-19,0.11402126788283069,1.0171031901824246,0.15,2021-01-29
2021-01-29,2021-02-01,2021-02-26,Equity - Minimum Variance,Equity - Minimum Variance Sentiment Tilt,Equity,sentiment_tilt,Sentiment Tilt,WFC,Financials,Equity,4.801023683601639e-18,5.293660335525085e-18,0.11402126788283069,1.0171031901824246,0.15,2021-01-29
2021-01-29,2021-02-01,2021-02-26,Equity - Minimum Variance,Equity - Minimum Variance Sentiment Tilt,Equity,sentiment_tilt,Sentiment Tilt,WMT,Consumer,Equity,0.2255897059364292,0.2631105927037521,0.5058338628116767,1.0758750794217515,0.15,2021-01-29
2021-01-29,2021-02-01,2021-02-26,Equity - Minimum Variance,Equity - Minimum Variance Sentiment Tilt,Equity,sentiment_tilt,Sentiment Tilt,XOM,Energy,Equity,1.863781261651211e-17,1.414328157841807e-17,-2.0,0.7,0.15,2021-01-29
2021-02-26,2021-03-01,2021-03-31,Equity - Minimum Variance,Equity - Minimum Variance Sentiment Tilt,Equity,sentiment_tilt,Sentiment Tilt,ABBV,Healthcare,Equity,0.14965377262945412,0.11417381463277786,-2.0,0.7,0.15,2021-02-26
2021-02-26,2021-03-01,2021-03-31,Equity - Minimum Variance,Equity - Minimum Variance Sentiment Tilt,Equity,sentiment_tilt,Sentiment Tilt,ABT,Healthcare,Equity,0.0,0.0,-2.0,0.7,0.15,2021-02-26
2021-02-26,2021-03-01,2021-03-31,Equity - Minimum Variance,Equity - Minimum Variance Sentiment Tilt,Equity,sentiment_tilt,Sentiment Tilt,ADBE,Tech,Equity,2.030889703792676e-17,2.2617243412709474e-17,0.1454373892838978,1.0218156083925847,0.15,2021-02-26
2021-02-26,2021-03-01,2021-03-31,Equity - Minimum Variance,Equity - Minimum Variance Sentiment Tilt,Equity,sentiment_tilt,Sentiment Tilt,AEP,Utilities,Equity,6.609068910955892e-19,5.419718788722661e-19,-1.650587156802186,0.7524119264796721,0.15,2021-02-26
2021-02-26,2021-03-01,2021-03-31,Equity - Minimum Variance,Equity - Minimum Variance Sentiment Tilt,Equity,sentiment_tilt,Sentiment Tilt,AMD,Tech,Equity,1.4119234537439767e-17,1.572405255381655e-17,0.1454373892838978,1.0218156083925847,0.15,2021-02-26
2021-02-26,2021-03-01,2021-03-31,Equity - Minimum Variance,Equity - Minimum Variance Sentiment Tilt,Equity,sentiment_tilt,Sentiment Tilt,AMGN,Healthcare,Equity,0.0,0.0,-2.0,0.7,0.15,2021-02-26
2021-02-26,2021-03-01,2021-03-31,Equity - Minimum Variance,Equity - Minimum Variance Sentiment Tilt,Equity,sentiment_tilt,Sentiment Tilt,AMT,RealEstate,Equity,0.0,0.0,0.31984268450513986,1.047976402675771,0.15,2021-02-26
2021-02-26,2021-03-01,2021-03-31,Equity - Minimum Variance,Equity - Minimum Variance Sentiment Tilt,Equity,sentiment_tilt,Sentiment Tilt,BA,Industrials,Equity,0.0,0.0,-0.8767230209027037,0.8684915468645944,0.15,2021-02-26
2021-02-26,2021-03-01,2021-03-31,Equity - Minimum Variance,Equity - Minimum Variance Sentiment Tilt,Equity,sentiment_tilt,Sentiment Tilt,CAT,Industrials,Equity,0.0,0.0,-0.8767230209027037,0.8684915468645944,0.15,2021-02-26
2021-02-26,2021-03-01,2021-03-31,Equity - Minimum Variance,Equity - Minimum Variance Sentiment Tilt,Equity,sentiment_tilt,Sentiment Tilt,CCI,RealEstate,Equity,1.9299801404743247e-17,2.2043733187880694e-17,0.31984268450513986,1.047976402675771,0.15,2021-02-26
2021-02-26,2021-03-01,2021-03-31,Equity - Minimum Variance,Equity - Minimum Variance Sentiment Tilt,Equity,sentiment_tilt,Sentiment Tilt,CMCSA,Comm,Equity,0.0,0.0,0.4200603053326654,1.0630090457998997,0.15,2021-02-26
2021-02-26,2021-03-01,2021-03-31,Equity - Minimum Variance,Equity - Minimum Variance Sentiment Tilt,Equity,sentiment_tilt,Sentiment Tilt,COP,Energy,Equity,0.0,0.0,-0.5334145545035899,0.9199878168244615,0.15,2021-02-26
2021-02-26,2021-03-01,2021-03-31,Equity - Minimum Variance,Equity - Minimum Variance Sentiment Tilt,Equity,sentiment_tilt,Sentiment Tilt,CVX,Energy,Equity,0.0,0.0,-0.5334145545035899,0.9199878168244615,0.15,2021-02-26
2021-02-26,2021-03-01,2021-03-31,Equity - Minimum Variance,Equity - Minimum Variance Sentiment Tilt,Equity,sentiment_tilt,Sentiment Tilt,D,Utilities,Equity,0.0,0.0,-1.650587156802186,0.7524119264796721,0.15,2021-02-26
2021-02-26,2021-03-01,2021-03-31,Equity - Minimum Variance,Equity - Minimum Variance Sentiment Tilt,Equity,sentiment_tilt,Sentiment Tilt,DD,Materials,Equity,0.0,0.0,-0.4119737648307464,0.938203935275388,0.15,2021-02-26
2021-02-26,2021-03-01,2021-03-31,Equity - Minimum Variance,Equity - Minimum Variance Sentiment Tilt,Equity,sentiment_tilt,Sentiment Tilt,DIS,Consumer,Equity,0.0,0.0,0.8227559091895904,1.1234133863784386,0.15,2021-02-26
2021-02-26,2021-03-01,2021-03-31,Equity - Minimum Variance,Equity - Minimum Variance Sentiment Tilt,Equity,sentiment_tilt,Sentiment Tilt,DOW,Materials,Equity,2.903157785692282e-17,2.968579557271443e-17,-0.4119737648307464,0.938203935275388,0.15,2021-02-26
2021-02-26,2021-03-01,2021-03-31,Equity - Minimum Variance,Equity - Minimum Variance Sentiment Tilt,Equity,sentiment_tilt,Sentiment Tilt,DUK,Utilities,Equity,1.128974762042749e-17,9.258075248230104e-18,-1.650587156802186,0.7524119264796721,0.15,2021-02-26
2021-02-26,2021-03-01,2021-03-31,Equity - Minimum Variance,Equity - Minimum Variance Sentiment Tilt,Equity,sentiment_tilt,Sentiment Tilt,EA,Comm,Equity,0.09433753753572603,0.10929550421159051,0.4200603053326654,1.0630090457998997,0.15,2021-02-26
2021-02-26,2021-03-01,2021-03-31,Equity - Minimum Variance,Equity - Minimum Variance Sentiment Tilt,Equity,sentiment_tilt,Sentiment Tilt,GE,Industrials,Equity,0.0,0.0,-0.8767230209027037,0.8684915468645944,0.15,2021-02-26
2021-02-26,2021-03-01,2021-03-31,Equity - Minimum Variance,Equity - Minimum Variance Sentiment Tilt,Equity,sentiment_tilt,Sentiment Tilt,GILD,Healthcare,Equity,0.11674937549637436,0.08907040111457994,-2.0,0.7,0.15,2021-02-26
2021-02-26,2021-03-01,2021-03-31,Equity - Minimum Variance,Equity - Minimum Variance Sentiment Tilt,Equity,sentiment_tilt,Sentiment Tilt,GS,Financials,Equity,2.5158944301468265e-19,2.612820432418781e-19,-0.31416059255950857,0.9528759111160737,0.15,2021-02-26
2021-02-26,2021-03-01,2021-03-31,Equity - Minimum Variance,Equity - Minimum Variance Sentiment Tilt,Equity,sentiment_tilt,Sentiment Tilt,INTC,Tech,Equity,0.0,0.0,0.1454373892838978,1.0218156083925847,0.15,2021-02-26
2021-02-26,2021-03-01,2021-03-31,Equity - Minimum Variance,Equity - Minimum Variance Sentiment Tilt,Equity,sentiment_tilt,Sentiment Tilt,KO,Consumer,Equity,0.0,0.0,0.8227559091895904,1.1234133863784386,0.15,2021-02-26
2021-02-26,2021-03-01,2021-03-31,Equity - Minimum Variance,Equity - Minimum Variance Sentiment Tilt,Equity,sentiment_tilt,Sentiment Tilt,MMM,Industrials,Equity,0.10185655661044227,0.09641295366007117,-0.8767230209027037,0.8684915468645944,0.15,2021-02-26
2021-02-26,2021-03-01,2021-03-31,Equity - Minimum Variance,Equity - Minimum Variance Sentiment Tilt,Equity,sentiment_tilt,Sentiment Tilt,MRK,Healthcare,Equity,0.06309629290408973,0.04813740625092102,-2.0,0.7,0.15,2021-02-26
2021-02-26,2021-03-01,2021-03-31,Equity - Minimum Variance,Equity - Minimum Variance Sentiment Tilt,Equity,sentiment_tilt,Sentiment Tilt,MS,Financials,Equity,0.0,0.0,-0.31416059255950857,0.9528759111160737,0.15,2021-02-26
2021-02-26,2021-03-01,2021-03-31,Equity - Minimum Variance,Equity - Minimum Variance Sentiment Tilt,Equity,sentiment_tilt,Sentiment Tilt,NEE,Utilities,Equity,0.0,0.0,-1.650587156802186,0.7524119264796721,0.15,2021-02-26
2021-02-26,2021-03-01,2021-03-31,Equity - Minimum Variance,Equity - Minimum Variance Sentiment Tilt,Equity,sentiment_tilt,Sentiment Tilt,NEM,Materials,Equity,0.12728486392238678,0.13015318934860168,-0.4119737648307464,0.938203935275388,0.15,2021-02-26
2021-02-26,2021-03-01,2021-03-31,Equity - Minimum Variance,Equity - Minimum Variance Sentiment Tilt,Equity,sentiment_tilt,Sentiment Tilt,NKE,Consumer,Equity,0.0,0.0,0.8227559091895904,1.1234133863784386,0.15,2021-02-26
2021-02-26,2021-03-01,2021-03-31,Equity - Minimum Variance,Equity - Minimum Variance Sentiment Tilt,Equity,sentiment_tilt,Sentiment Tilt,NUE,Materials,Equity,2.0709429579385435e-17,2.1176110232484757e-17,-0.4119737648307464,0.938203935275388,0.15,2021-02-26
2021-02-26,2021-03-01,2021-03-31,Equity - Minimum Variance,Equity - Minimum Variance Sentiment Tilt,Equity,sentiment_tilt,Sentiment Tilt,NVDA,Tech,Equity,1.7152859140585423e-17,1.910248447673174e-17,0.1454373892838978,1.0218156083925847,0.15,2021-02-26
2021-02-26,2021-03-01,2021-03-31,Equity - Minimum Variance,Equity - Minimum Variance Sentiment Tilt,Equity,sentiment_tilt,Sentiment Tilt,O,RealEstate,Equity,0.0,0.0,0.31984268450513986,1.047976402675771,0.15,2021-02-26
2021-02-26,2021-03-01,2021-03-31,Equity - Minimum Variance,Equity - Minimum Variance Sentiment Tilt,Equity,sentiment_tilt,Sentiment Tilt,OXY,Energy,Equity,3.050799722913361e-17,3.0589795689296146e-17,-0.5334145545035899,0.9199878168244615,0.15,2021-02-26
2021-02-26,2021-03-01,2021-03-31,Equity - Minimum Variance,Equity - Minimum Variance Sentiment Tilt,Equity,sentiment_tilt,Sentiment Tilt,PLD,RealEstate,Equity,0.0,0.0,0.31984268450513986,1.047976402675771,0.15,2021-02-26
2021-02-26,2021-03-01,2021-03-31,Equity - Minimum Variance,Equity - Minimum Variance Sentiment Tilt,Equity,sentiment_tilt,Sentiment Tilt,PSA,RealEstate,Equity,0.091888060192192,0.10495216191866034,0.31984268450513986,1.047976402675771,0.15,2021-02-26
2021-02-26,2021-03-01,2021-03-31,Equity - Minimum Variance,Equity - Minimum Variance Sentiment Tilt,Equity,sentiment_tilt,Sentiment Tilt,QCOM,Tech,Equity,1.0226557490067145e-17,1.1388926714974759e-17,0.1454373892838978,1.0218156083925847,0.15,2021-02-26
2021-02-26,2021-03-01,2021-03-31,Equity - Minimum Variance,Equity - Minimum Variance Sentiment Tilt,Equity,sentiment_tilt,Sentiment Tilt,SBUX,Consumer,Equity,0.0,0.0,0.8227559091895904,1.1234133863784386,0.15,2021-02-26
2021-02-26,2021-03-01,2021-03-31,Equity - Minimum Variance,Equity - Minimum Variance Sentiment Tilt,Equity,sentiment_tilt,Sentiment Tilt,SHW,Materials,Equity,2.0932826745511664e-17,2.1404541585332003e-17,-0.4119737648307464,0.938203935275388,0.15,2021-02-26
2021-02-26,2021-03-01,2021-03-31,Equity - Minimum Variance,Equity - Minimum Variance Sentiment Tilt,Equity,sentiment_tilt,Sentiment Tilt,SLB,Energy,Equity,0.0,0.0,-0.5334145545035899,0.9199878168244615,0.15,2021-02-26
2021-02-26,2021-03-01,2021-03-31,Equity - Minimum Variance,Equity - Minimum Variance Sentiment Tilt,Equity,sentiment_tilt,Sentiment Tilt,SO,Utilities,Equity,0.0,0.0,-1.650587156802186,0.7524119264796721,0.15,2021-02-26
2021-02-26,2021-03-01,2021-03-31,Equity - Minimum Variance,Equity - Minimum Variance Sentiment Tilt,Equity,sentiment_tilt,Sentiment Tilt,T,Comm,Equity,5.3529499543598134e-18,6.20170273216644e-18,0.4200603053326654,1.0630090457998997,0.15,2021-02-26
2021-02-26,2021-03-01,2021-03-31,Equity - Minimum Variance,Equity - Minimum Variance Sentiment Tilt,Equity,sentiment_tilt,Sentiment Tilt,TMUS,Comm,Equity,0.0,0.0,0.4200603053326654,1.0630090457998997,0.15,2021-02-26
2021-02-26,2021-03-01,2021-03-31,Equity - Minimum Variance,Equity - Minimum Variance Sentiment Tilt,Equity,sentiment_tilt,Sentiment Tilt,TTWO,Comm,Equity,0.026521018549774174,0.030726136915591954,0.4200603053326654,1.0630090457998997,0.15,2021-02-26
2021-02-26,2021-03-01,2021-03-31,Equity - Minimum Variance,Equity - Minimum Variance Sentiment Tilt,Equity,sentiment_tilt,Sentiment Tilt,UPS,Industrials,Equity,0.010196157768272181,0.009651236200561093,-0.8767230209027037,0.8684915468645944,0.15,2021-02-26
2021-02-26,2021-03-01,2021-03-31,Equity - Minimum Variance,Equity - Minimum Variance Sentiment Tilt,Equity,sentiment_tilt,Sentiment Tilt,USB,Financials,Equity,1.1059471213208194e-17,1.148554248197581e-17,-0.31416059255950857,0.9528759111160737,0.15,2021-02-26
2021-02-26,2021-03-01,2021-03-31,Equity - Minimum Variance,Equity - Minimum Variance Sentiment Tilt,Equity,sentiment_tilt,Sentiment Tilt,V,Financials,Equity,1.2140030382567891e-17,1.2607730695563021e-17,-0.31416059255950857,0.9528759111160737,0.15,2021-02-26
2021-02-26,2021-03-01,2021-03-31,Equity - Minimum Variance,Equity - Minimum Variance Sentiment Tilt,Equity,sentiment_tilt,Sentiment Tilt,WFC,Financials,Equity,2.0229295983460945e-17,2.1008639013501578e-17,-0.31416059255950857,0.9528759111160737,0.15,2021-02-26
2021-02-26,2021-03-01,2021-03-31,Equity - Minimum Variance,Equity - Minimum Variance Sentiment Tilt,Equity,sentiment_tilt,Sentiment Tilt,WMT,Consumer,Equity,0.21841636439128817,0.2674271957466442,0.8227559091895904,1.1234133863784386,0.15,2021-02-26
2021-02-26,2021-03-01,2021-03-31,Equity - Minimum Variance,Equity - Minimum Variance Sentiment Tilt,Equity,sentiment_tilt,Sentiment Tilt,XOM,Energy,Equity,0.0,0.0,-0.5334145545035899,0.9199878168244615,0.15,2021-02-26
2021-03-31,2021-04-01,2021-04-30,Equity - Minimum Variance,Equity - Minimum Variance Sentiment Tilt,Equity,sentiment_tilt,Sentiment Tilt,ABBV,Healthcare,Equity,0.13625002879262604,0.12897952933393153,-0.6061243422986866,0.909081348655197,0.15,2021-03-31
2021-03-31,2021-04-01,2021-04-30,Equity - Minimum Variance,Equity - Minimum Variance Sentiment Tilt,Equity,sentiment_tilt,Sentiment Tilt,ABT,Healthcare,Equity,7.848074025939843e-18,7.429289395484936e-18,-0.6061243422986866,0.909081348655197,0.15,2021-03-31
2021-03-31,2021-04-01,2021-04-30,Equity - Minimum Variance,Equity - Minimum Variance Sentiment Tilt,Equity,sentiment_tilt,Sentiment Tilt,ADBE,Tech,Equity,1.1978159587539025e-17,1.1905293167034599e-17,-0.30344133129293793,0.9544838003060593,0.15,2021-03-31
2021-03-31,2021-04-01,2021-04-30,Equity - Minimum Variance,Equity - Minimum Variance Sentiment Tilt,Equity,sentiment_tilt,Sentiment Tilt,AEP,Utilities,Equity,5.906777227143187e-18,5.8296432420392636e-18,-0.3480982904747987,0.9477852564287802,0.15,2021-03-31
2021-03-31,2021-04-01,2021-04-30,Equity - Minimum Variance,Equity - Minimum Variance Sentiment Tilt,Equity,sentiment_tilt,Sentiment Tilt,AMD,Tech,Equity,0.0,0.0,-0.30344133129293793,0.9544838003060593,0.15,2021-03-31
2021-03-31,2021-04-01,2021-04-30,Equity - Minimum Variance,Equity - Minimum Variance Sentiment Tilt,Equity,sentiment_tilt,Sentiment Tilt,AMGN,Healthcare,Equity,0.0,0.0,-0.6061243422986866,0.909081348655197,0.15,2021-03-31
2021-03-31,2021-04-01,2021-04-30,Equity - Minimum Variance,Equity - Minimum Variance Sentiment Tilt,Equity,sentiment_tilt,Sentiment Tilt,AMT,RealEstate,Equity,1.654520497486885e-17,1.5432583781024287e-17,-0.6950242401394116,0.8957463639790882,0.15,2021-03-31
2021-03-31,2021-04-01,2021-04-30,Equity - Minimum Variance,Equity - Minimum Variance Sentiment Tilt,Equity,sentiment_tilt,Sentiment Tilt,BA,Industrials,Equity,5.157433483688223e-18,5.635694135570794e-18,0.329192895217747,1.049378934282662,0.15,2021-03-31
2021-03-31,2021-04-01,2021-04-30,Equity - Minimum Variance,Equity - Minimum Variance Sentiment Tilt,Equity,sentiment_tilt,Sentiment Tilt,CAT,Industrials,Equity,0.0,0.0,0.329192895217747,1.049378934282662,0.15,2021-03-31
2021-03-31,2021-04-01,2021-04-30,Equity - Minimum Variance,Equity - Minimum Variance Sentiment Tilt,Equity,sentiment_tilt,Sentiment Tilt,CCI,RealEstate,Equity,0.0,0.0,-0.6950242401394116,0.8957463639790882,0.15,2021-03-31
2021-03-31,2021-04-01,2021-04-30,Equity - Minimum Variance,Equity - Minimum Variance Sentiment Tilt,Equity,sentiment_tilt,Sentiment Tilt,CMCSA,Comm,Equity,0.0,0.0,-0.8674583263044968,0.8698812510543255,0.15,2021-03-31
2021-03-31,2021-04-01,2021-04-30,Equity - Minimum Variance,Equity - Minimum Variance Sentiment Tilt,Equity,sentiment_tilt,Sentiment Tilt,COP,Energy,Equity,0.0,0.0,0.8890242547430863,1.1333536382114628,0.15,2021-03-31
2021-03-31,2021-04-01,2021-04-30,Equity - Minimum Variance,Equity - Minimum Variance Sentiment Tilt,Equity,sentiment_tilt,Sentiment Tilt,CVX,Energy,Equity,4.851167682910084e-17,5.72523301605335e-17,0.8890242547430863,1.1333536382114628,0.15,2021-03-31
2021-03-31,2021-04-01,2021-04-30,Equity - Minimum Variance,Equity - Minimum Variance Sentiment Tilt,Equity,sentiment_tilt,Sentiment Tilt,D,Utilities,Equity,2.7303609400461844e-18,2.6947063670059014e-18,-0.3480982904747987,0.9477852564287802,0.15,2021-03-31
2021-03-31,2021-04-01,2021-04-30,Equity - Minimum Variance,Equity - Minimum Variance Sentiment Tilt,Equity,sentiment_tilt,Sentiment Tilt,DD,Materials,Equity,1.2053395778692852e-17,1.2920973794500668e-17,0.1963196352035303,1.0294479452805296,0.15,2021-03-31
2021-03-31,2021-04-01,2021-04-30,Equity - Minimum Variance,Equity - Minimum Variance Sentiment Tilt,Equity,sentiment_tilt,Sentiment Tilt,DIS,Consumer,Equity,0.0,0.0,0.1645100694551612,1.0246765104182742,0.15,2021-03-31
2021-03-31,2021-04-01,2021-04-30,Equity - Minimum Variance,Equity - Minimum Variance Sentiment Tilt,Equity,sentiment_tilt,Sentiment Tilt,DOW,Materials,Equity,0.0,0.0,0.1963196352035303,1.0294479452805296,0.15,2021-03-31
2021-03-31,2021-04-01,2021-04-30,Equity - Minimum Variance,Equity - Minimum Variance Sentiment Tilt,Equity,sentiment_tilt,Sentiment Tilt,DUK,Utilities,Equity,1.0873814500190332e-17,1.0731818177419554e-17,-0.3480982904747987,0.9477852564287802,0.15,2021-03-31
2021-03-31,2021-04-01,2021-04-30,Equity - Minimum Variance,Equity - Minimum Variance Sentiment Tilt,Equity,sentiment_tilt,Sentiment Tilt,EA,Comm,Equity,0.08859707263706805,0.08025290839777008,-0.8674583263044968,0.8698812510543255,0.15,2021-03-31
2021-03-31,2021-04-01,2021-04-30,Equity - Minimum Variance,Equity - Minimum Variance Sentiment Tilt,Equity,sentiment_tilt,Sentiment Tilt,GE,Industrials,Equity,2.352033130140924e-17,2.5701425641507576e-17,0.329192895217747,1.049378934282662,0.15,2021-03-31
2021-03-31,2021-04-01,2021-04-30,Equity - Minimum Variance,Equity - Minimum Variance Sentiment Tilt,Equity,sentiment_tilt,Sentiment Tilt,GILD,Healthcare,Equity,0.11669817531049832,0.1104709911554258,-0.6061243422986866,0.909081348655197,0.15,2021-03-31
2021-03-31,2021-04-01,2021-04-30,Equity - Minimum Variance,Equity - Minimum Variance Sentiment Tilt,Equity,sentiment_tilt,Sentiment Tilt,GS,Financials,Equity,1.719125955022692e-17,1.7090565613817863e-17,-0.3019944509008652,0.9547008323648702,0.15,2021-03-31
2021-03-31,2021-04-01,2021-04-30,Equity - Minimum Variance,Equity - Minimum Variance Sentiment Tilt,Equity,sentiment_tilt,Sentiment Tilt,INTC,Tech,Equity,4.216804840083391e-17,4.191152863048266e-17,-0.30344133129293793,0.9544838003060593,0.15,2021-03-31
2021-03-31,2021-04-01,2021-04-30,Equity - Minimum Variance,Equity - Minimum Variance Sentiment Tilt,Equity,sentiment_tilt,Sentiment Tilt,KO,Consumer,Equity,0.0,0.0,0.1645100694551612,1.0246765104182742,0.15,2021-03-31
2021-03-31,2021-04-01,2021-04-30,Equity - Minimum Variance,Equity - Minimum Variance Sentiment Tilt,Equity,sentiment_tilt,Sentiment Tilt,MMM,Industrials,Equity,0.11027300161244478,0.12049887031303351,0.329192895217747,1.049378934282662,0.15,2021-03-31
2021-03-31,2021-04-01,2021-04-30,Equity - Minimum Variance,Equity - Minimum Variance Sentiment Tilt,Equity,sentiment_tilt,Sentiment Tilt,MRK,Healthcare,Equity,0.07648876885119352,0.07240721703460476,-0.6061243422986866,0.909081348655197,0.15,2021-03-31
2021-03-31,2021-04-01,2021-04-30,Equity - Minimum Variance,Equity - Minimum Variance Sentiment Tilt,Equity,sentiment_tilt,Sentiment Tilt,MS,Financials,Equity,6.238035632809808e-18,6.201497742058265e-18,-0.3019944509008652,0.9547008323648702,0.15,2021-03-31
2021-03-31,2021-04-01,2021-04-30,Equity - Minimum Variance,Equity - Minimum Variance Sentiment Tilt,Equity,sentiment_tilt,Sentiment Tilt,NEE,Utilities,Equity,1.9721162047068757e-17,1.9463632135058452e-17,-0.3480982904747987,0.9477852564287802,0.15,2021-03-31
2021-03-31,2021-04-01,2021-04-30,Equity - Minimum Variance,Equity - Minimum Variance Sentiment Tilt,Equity,sentiment_tilt,Sentiment Tilt,NEM,Materials,Equity,0.12281907206055973,0.13165932992631554,0.1963196352035303,1.0294479452805296,0.15,2021-03-31
2021-03-31,2021-04-01,2021-04-30,Equity - Minimum Variance,Equity - Minimum Variance Sentiment Tilt,Equity,sentiment_tilt,Sentiment Tilt,NKE,Consumer,Equity,0.0,0.0,0.1645100694551612,1.0246765104182742,0.15,2021-03-31
2021-03-31,2021-04-01,2021-04-30,Equity - Minimum Variance,Equity - Minimum Variance Sentiment Tilt,Equity,sentiment_tilt,Sentiment Tilt,NUE,Materials,Equity,8.956084966158011e-18,9.600725079783172e-18,0.1963196352035303,1.0294479452805296,0.15,2021-03-31
2021-03-31,2021-04-01,2021-04-30,Equity - Minimum Variance,Equity - Minimum Variance Sentiment Tilt,Equity,sentiment_tilt,Sentiment Tilt,NVDA,Tech,Equity,6.03440443345285e-18,5.997695501022264e-18,-0.30344133129293793,0.9544838003060593,0.15,2021-03-31
2021-03-31,2021-04-01,2021-04-30,Equity - Minimum Variance,Equity - Minimum Variance Sentiment Tilt,Equity,sentiment_tilt,Sentiment Tilt,O,RealEstate,Equity,5.617185719601785e-19,5.239444864116281e-19,-0.6950242401394116,0.8957463639790882,0.15,2021-03-31
2021-03-31,2021-04-01,2021-04-30,Equity - Minimum Variance,Equity - Minimum Variance Sentiment Tilt,Equity,sentiment_tilt,Sentiment Tilt,OXY,Energy,Equity,0.0,0.0,0.8890242547430863,1.1333536382114628,0.15,2021-03-31
2021-03-31,2021-04-01,2021-04-30,Equity - Minimum Variance,Equity - Minimum Variance Sentiment Tilt,Equity,sentiment_tilt,Sentiment Tilt,PLD,RealEstate,Equity,0.0,0.0,-0.6950242401394116,0.8957463639790882,0.15,2021-03-31
2021-03-31,2021-04-01,2021-04-30,Equity - Minimum Variance,Equity - Minimum Variance Sentiment Tilt,Equity,sentiment_tilt,Sentiment Tilt,PSA,RealEstate,Equity,0.09159595133566507,0.08543636631503741,-0.6950242401394116,0.8957463639790882,0.15,2021-03-31
2021-03-31,2021-04-01,2021-04-30,Equity - Minimum Variance,Equity - Minimum Variance Sentiment Tilt,Equity,sentiment_tilt,Sentiment Tilt,QCOM,Tech,Equity,0.0,0.0,-0.30344133129293793,0.9544838003060593,0.15,2021-03-31
2021-03-31,2021-04-01,2021-04-30,Equity - Minimum Variance,Equity - Minimum Variance Sentiment Tilt,Equity,sentiment_tilt,Sentiment Tilt,SBUX,Consumer,Equity,3.724901590755604e-18,3.974504761286995e-18,0.1645100694551612,1.0246765104182742,0.15,2021-03-31
2021-03-31,2021-04-01,2021-04-30,Equity - Minimum Variance,Equity - Minimum Variance Sentiment Tilt,Equity,sentiment_tilt,Sentiment Tilt,SHW,Materials,Equity,2.1141696128952597e-17,2.2663430842981675e-17,0.1963196352035303,1.0294479452805296,0.15,2021-03-31
2021-03-31,2021-04-01,2021-04-30,Equity - Minimum Variance,Equity - Minimum Variance Sentiment Tilt,Equity,sentiment_tilt,Sentiment Tilt,SLB,Energy,Equity,0.0,0.0,0.8890242547430863,1.1333536382114628,0.15,2021-03-31
2021-03-31,2021-04-01,2021-04-30,Equity - Minimum Variance,Equity - Minimum Variance Sentiment Tilt,Equity,sentiment_tilt,Sentiment Tilt,SO,Utilities,Equity,1.525957661059025e-17,1.5060308564799614e-17,-0.3480982904747987,0.9477852564287802,0.15,2021-03-31
2021-03-31,2021-04-01,2021-04-30,Equity - Minimum Variance,Equity - Minimum Variance Sentiment Tilt,Equity,sentiment_tilt,Sentiment Tilt,T,Comm,Equity,6.34210142008998e-18,5.744795727064466e-18,-0.8674583263044968,0.8698812510543255,0.15,2021-03-31
2021-03-31,2021-04-01,2021-04-30,Equity - Minimum Variance,Equity - Minimum Variance Sentiment Tilt,Equity,sentiment_tilt,Sentiment Tilt,TMUS,Comm,Equity,0.0,0.0,-0.8674583263044968,0.8698812510543255,0.15,2021-03-31
2021-03-31,2021-04-01,2021-04-30,Equity - Minimum Variance,Equity - Minimum Variance Sentiment Tilt,Equity,sentiment_tilt,Sentiment Tilt,TTWO,Comm,Equity,0.02767681451070818,0.025070183399497948,-0.8674583263044968,0.8698812510543255,0.15,2021-03-31
2021-03-31,2021-04-01,2021-04-30,Equity - Minimum Variance,Equity - Minimum Variance Sentiment Tilt,Equity,sentiment_tilt,Sentiment Tilt,UPS,Industrials,Equity,0.009255220598349144,0.010113478460652784,0.329192895217747,1.049378934282662,0.15,2021-03-31
2021-03-31,2021-04-01,2021-04-30,Equity - Minimum Variance,Equity - Minimum Variance Sentiment Tilt,Equity,sentiment_tilt,Sentiment Tilt,USB,Financials,Equity,0.0,0.0,-0.3019944509008652,0.9547008323648702,0.15,2021-03-31
2021-03-31,2021-04-01,2021-04-30,Equity - Minimum Variance,Equity - Minimum Variance Sentiment Tilt,Equity,sentiment_tilt,Sentiment Tilt,V,Financials,Equity,0.0,0.0,-0.3019944509008652,0.9547008323648702,0.15,2021-03-31
2021-03-31,2021-04-01,2021-04-30,Equity - Minimum Variance,Equity - Minimum Variance Sentiment Tilt,Equity,sentiment_tilt,Sentiment Tilt,WFC,Financials,Equity,2.049844883854092e-17,2.0378383784680155e-17,-0.3019944509008652,0.9547008323648702,0.15,2021-03-31
2021-03-31,2021-04-01,2021-04-30,Equity - Minimum Variance,Equity - Minimum Variance Sentiment Tilt,Equity,sentiment_tilt,Sentiment Tilt,WMT,Consumer,Equity,0.2203458942908866,0.23511112566373032,0.1645100694551612,1.0246765104182742,0.15,2021-03-31
2021-03-31,2021-04-01,2021-04-30,Equity - Minimum Variance,Equity - Minimum Variance Sentiment Tilt,Equity,sentiment_tilt,Sentiment Tilt,XOM,Energy,Equity,0.0,0.0,0.8890242547430863,1.1333536382114628,0.15,2021-03-31
2021-04-30,2021-05-03,2021-05-28,Equity - Minimum Variance,Equity - Minimum Variance Sentiment Tilt,Equity,sentiment_tilt,Sentiment Tilt,ABBV,Healthcare,Equity,0.13886274677015184,0.1469151405741887,0.33535082609024663,1.050302623913537,0.15,2021-04-30
2021-04-30,2021-05-03,2021-05-28,Equity - Minimum Variance,Equity - Minimum Variance Sentiment Tilt,Equity,sentiment_tilt,Sentiment Tilt,ABT,Healthcare,Equity,0.0,0.0,0.33535082609024663,1.050302623913537,0.15,2021-04-30
2021-04-30,2021-05-03,2021-05-28,Equity - Minimum Variance,Equity - Minimum Variance Sentiment Tilt,Equity,sentiment_tilt,Sentiment Tilt,ADBE,Tech,Equity,0.0,0.0,-1.0948907861103307,0.8357663820834504,0.15,2021-04-30
2021-04-30,2021-05-03,2021-05-28,Equity - Minimum Variance,Equity - Minimum Variance Sentiment Tilt,Equity,sentiment_tilt,Sentiment Tilt,AEP,Utilities,Equity,1.5694536267418072e-17,1.5767825987625348e-17,-0.017522974105390353,0.9973715538841914,0.15,2021-04-30
2021-04-30,2021-05-03,2021-05-28,Equity - Minimum Variance,Equity - Minimum Variance Sentiment Tilt,Equity,sentiment_tilt,Sentiment Tilt,AMD,Tech,Equity,0.0,0.0,-1.0948907861103307,0.8357663820834504,0.15,2021-04-30
2021-04-30,2021-05-03,2021-05-28,Equity - Minimum Variance,Equity - Minimum Variance Sentiment Tilt,Equity,sentiment_tilt,Sentiment Tilt,AMGN,Healthcare,Equity,0.0,0.0,0.33535082609024663,1.050302623913537,0.15,2021-04-30
2021-04-30,2021-05-03,2021-05-28,Equity - Minimum Variance,Equity - Minimum Variance Sentiment Tilt,Equity,sentiment_tilt,Sentiment Tilt,AMT,RealEstate,Equity,2.5760950779548153e-17,2.936020921872364e-17,0.8762558430801104,1.1314383764620166,0.15,2021-04-30
2021-04-30,2021-05-03,2021-05-28,Equity - Minimum Variance,Equity - Minimum Variance Sentiment Tilt,Equity,sentiment_tilt,Sentiment Tilt,BA,Industrials,Equity,1.3266171480757876e-17,1.2459660932952987e-17,-0.4507811779483106,0.9323828233077535,0.15,2021-04-30
2021-04-30,2021-05-03,2021-05-28,Equity - Minimum Variance,Equity - Minimum Variance Sentiment Tilt,Equity,sentiment_tilt,Sentiment Tilt,CAT,Industrials,Equity,5.596647927922747e-18,5.256402394931777e-18,-0.4507811779483106,0.9323828233077535,0.15,2021-04-30
2021-04-30,2021-05-03,2021-05-28,Equity - Minimum Variance,Equity - Minimum Variance Sentiment Tilt,Equity,sentiment_tilt,Sentiment Tilt,CCI,RealEstate,Equity,5.133651258849449e-18,5.8509127363205e-18,0.8762558430801104,1.1314383764620166,0.15,2021-04-30
2021-04-30,2021-05-03,2021-05-28,Equity - Minimum Variance,Equity - Minimum Variance Sentiment Tilt,Equity,sentiment_tilt,Sentiment Tilt,CMCSA,Comm,Equity,0.0,0.0,0.629157961280969,1.0943736941921454,0.15,2021-04-30
2021-04-30,2021-05-03,2021-05-28,Equity - Minimum Variance,Equity - Minimum Variance Sentiment Tilt,Equity,sentiment_tilt,Sentiment Tilt,COP,Energy,Equity,1.5177540295671773e-17,1.718780888815287e-17,0.8281585526388962,1.1242237828958344,0.15,2021-04-30
2021-04-30,2021-05-03,2021-05-28,Equity - Minimum Variance,Equity - Minimum Variance Sentiment Tilt,Equity,sentiment_tilt,Sentiment Tilt,CVX,Energy,Equity,3.800308620325683e-18,4.303660343486946e-18,0.8281585526388962,1.1242237828958344,0.15,2021-04-30
2021-04-30,2021-05-03,2021-05-28,Equity - Minimum Variance,Equity - Minimum Variance Sentiment Tilt,Equity,sentiment_tilt,Sentiment Tilt,D,Utilities,Equity,0.0,0.0,-0.017522974105390353,0.9973715538841914,0.15,2021-04-30
2021-04-30,2021-05-03,2021-05-28,Equity - Minimum Variance,Equity - Minimum Variance Sentiment Tilt,Equity,sentiment_tilt,Sentiment Tilt,DD,Materials,Equity,5.900616185450214e-18,4.160655512307493e-18,-2.0,0.7,0.15,2021-04-30
2021-04-30,2021-05-03,2021-05-28,Equity - Minimum Variance,Equity - Minimum Variance Sentiment Tilt,Equity,sentiment_tilt,Sentiment Tilt,DIS,Consumer,Equity,4.6000633966782635e-18,4.568341265788401e-18,-0.09406806356792587,0.9858897904648111,0.15,2021-04-30
2021-04-30,2021-05-03,2021-05-28,Equity - Minimum Variance,Equity - Minimum Variance Sentiment Tilt,Equity,sentiment_tilt,Sentiment Tilt,DOW,Materials,Equity,1.4027657261027475e-17,9.891212658733713e-18,-2.0,0.7,0.15,2021-04-30
2021-04-30,2021-05-03,2021-05-28,Equity - Minimum Variance,Equity - Minimum Variance Sentiment Tilt,Equity,sentiment_tilt,Sentiment Tilt,DUK,Utilities,Equity,7.370359818122641e-18,7.404777630773694e-18,-0.017522974105390353,0.9973715538841914,0.15,2021-04-30
2021-04-30,2021-05-03,2021-05-28,Equity - Minimum Variance,Equity - Minimum Variance Sentiment Tilt,Equity,sentiment_tilt,Sentiment Tilt,EA,Comm,Equity,0.08582295881427465,0.09460965990514456,0.629157961280969,1.0943736941921454,0.15,2021-04-30
2021-04-30,2021-05-03,2021-05-28,Equity - Minimum Variance,Equity - Minimum Variance Sentiment Tilt,Equity,sentiment_tilt,Sentiment Tilt,GE,Industrials,Equity,1.025556558509688e-17,9.632083382256177e-18,-0.4507811779483106,0.9323828233077535,0.15,2021-04-30
2021-04-30,2021-05-03,2021-05-28,Equity - Minimum Variance,Equity - Minimum Variance Sentiment Tilt,Equity,sentiment_tilt,Sentiment Tilt,GILD,Healthcare,Equity,0.11458608408029082,0.12123071912416072,0.33535082609024663,1.050302623913537,0.15,2021-04-30
2021-04-30,2021-05-03,2021-05-28,Equity - Minimum Variance,Equity - Minimum Variance Sentiment Tilt,Equity,sentiment_tilt,Sentiment Tilt,GS,Financials,Equity,7.161495539461577e-18,7.269931335059997e-18,0.05178150361479585,1.0077672255422194,0.15,2021-04-30
2021-04-30,2021-05-03,2021-05-28,Equity - Minimum Variance,Equity - Minimum Variance Sentiment Tilt,Equity,sentiment_tilt,Sentiment Tilt,INTC,Tech,Equity,1.0048897535656505e-17,8.459986480154655e-18,-1.0948907861103307,0.8357663820834504,0.15,2021-04-30
2021-04-30,2021-05-03,2021-05-28,Equity - Minimum Variance,Equity - Minimum Variance Sentiment Tilt,Equity,sentiment_tilt,Sentiment Tilt,KO,Consumer,Equity,0.004266027587378504,0.004236608974234106,-0.09406806356792587,0.9858897904648111,0.15,2021-04-30
2021-04-30,2021-05-03,2021-05-28,Equity - Minimum Variance,Equity - Minimum Variance Sentiment Tilt,Equity,sentiment_tilt,Sentiment Tilt,MMM,Industrials,Equity,0.10811141717558753,0.10153883529567469,-0.4507811779483106,0.9323828233077535,0.15,2021-04-30
2021-04-30,2021-05-03,2021-05-28,Equity - Minimum Variance,Equity - Minimum Variance Sentiment Tilt,Equity,sentiment_tilt,Sentiment Tilt,MRK,Healthcare,Equity,0.07632348254246103,0.08074934010485468,0.33535082609024663,1.050302623913537,0.15,2021-04-30
2021-04-30,2021-05-03,2021-05-28,Equity - Minimum Variance,Equity - Minimum Variance Sentiment Tilt,Equity,sentiment_tilt,Sentiment Tilt,MS,Financials,Equity,0.0,0.0,0.05178150361479585,1.0077672255422194,0.15,2021-04-30
2021-04-30,2021-05-03,2021-05-28,Equity - Minimum Variance,Equity - Minimum Variance Sentiment Tilt,Equity,sentiment_tilt,Sentiment Tilt,NEE,Utilities,Equity,4.328995775154172e-18,4.349211147162211e-18,-0.017522974105390353,0.9973715538841914,0.15,2021-04-30
2021-04-30,2021-05-03,2021-05-28,Equity - Minimum Variance,Equity - Minimum Variance Sentiment Tilt,Equity,sentiment_tilt,Sentiment Tilt,NEM,Materials,Equity,0.11781966896962065,0.08307726511096462,-2.0,0.7,0.15,2021-04-30
2021-04-30,2021-05-03,2021-05-28,Equity - Minimum Variance,Equity - Minimum Variance Sentiment Tilt,Equity,sentiment_tilt,Sentiment Tilt,NKE,Consumer,Equity,1.874927768617583e-18,1.861998228531663e-18,-0.09406806356792587,0.9858897904648111,0.15,2021-04-30
2021-04-30,2021-05-03,2021-05-28,Equity - Minimum Variance,Equity - Minimum Variance Sentiment Tilt,Equity,sentiment_tilt,Sentiment Tilt,NUE,Materials,Equity,0.0,0.0,-2.0,0.7,0.15,2021-04-30
2021-04-30,2021-05-03,2021-05-28,Equity - Minimum Variance,Equity - Minimum Variance Sentiment Tilt,Equity,sentiment_tilt,Sentiment Tilt,NVDA,Tech,Equity,9.15570904548882e-18,7.708027121007433e-18,-1.0948907861103307,0.8357663820834504,0.15,2021-04-30
2021-04-30,2021-05-03,2021-05-28,Equity - Minimum Variance,Equity - Minimum Variance Sentiment Tilt,Equity,sentiment_tilt,Sentiment Tilt,O,RealEstate,Equity,0.0,0.0,0.8762558430801104,1.1314383764620166,0.15,2021-04-30
2021-04-30,2021-05-03,2021-05-28,Equity - Minimum Variance,Equity - Minimum Variance Sentiment Tilt,Equity,sentiment_tilt,Sentiment Tilt,OXY,Energy,Equity,0.0,0.0,0.8281585526388962,1.1242237828958344,0.15,2021-04-30
2021-04-30,2021-05-03,2021-05-28,Equity - Minimum Variance,Equity - Minimum Variance Sentiment Tilt,Equity,sentiment_tilt,Sentiment Tilt,PLD,RealEstate,Equity,0.0,0.0,0.8762558430801104,1.1314383764620166,0.15,2021-04-30
2021-04-30,2021-05-03,2021-05-28,Equity - Minimum Variance,Equity - Minimum Variance Sentiment Tilt,Equity,sentiment_tilt,Sentiment Tilt,PSA,RealEstate,Equity,0.08975091673724038,0.10229070019689089,0.8762558430801104,1.1314383764620166,0.15,2021-04-30
2021-04-30,2021-05-03,2021-05-28,Equity - Minimum Variance,Equity - Minimum Variance Sentiment Tilt,Equity,sentiment_tilt,Sentiment Tilt,QCOM,Tech,Equity,1.982609101598668e-17,1.6691230192606904e-17,-1.0948907861103307,0.8357663820834504,0.15,2021-04-30
2021-04-30,2021-05-03,2021-05-28,Equity - Minimum Variance,Equity - Minimum Variance Sentiment Tilt,Equity,sentiment_tilt,Sentiment Tilt,SBUX,Consumer,Equity,0.0,0.0,-0.09406806356792587,0.9858897904648111,0.15,2021-04-30
2021-04-30,2021-05-03,2021-05-28,Equity - Minimum Variance,Equity - Minimum Variance Sentiment Tilt,Equity,sentiment_tilt,Sentiment Tilt,SHW,Materials,Equity,3.0532941841683093e-18,2.152945536329101e-18,-2.0,0.7,0.15,2021-04-30
2021-04-30,2021-05-03,2021-05-28,Equity - Minimum Variance,Equity - Minimum Variance Sentiment Tilt,Equity,sentiment_tilt,Sentiment Tilt,SLB,Energy,Equity,0.0,0.0,0.8281585526388962,1.1242237828958344,0.15,2021-04-30
2021-04-30,2021-05-03,2021-05-28,Equity - Minimum Variance,Equity - Minimum Variance Sentiment Tilt,Equity,sentiment_tilt,Sentiment Tilt,SO,Utilities,Equity,2.838194333120435e-17,2.8514480199464744e-17,-0.017522974105390353,0.9973715538841914,0.15,2021-04-30
2021-04-30,2021-05-03,2021-05-28,Equity - Minimum Variance,Equity - Minimum Variance Sentiment Tilt,Equity,sentiment_tilt,Sentiment Tilt,T,Comm,Equity,1.5442416412098782e-17,1.7023437376751042e-17,0.629157961280969,1.0943736941921454,0.15,2021-04-30
2021-04-30,2021-05-03,2021-05-28,Equity - Minimum Variance,Equity - Minimum Variance Sentiment Tilt,Equity,sentiment_tilt,Sentiment Tilt,TMUS,Comm,Equity,0.0,0.0,0.629157961280969,1.0943736941921454,0.15,2021-04-30
2021-04-30,2021-05-03,2021-05-28,Equity - Minimum Variance,Equity - Minimum Variance Sentiment Tilt,Equity,sentiment_tilt,Sentiment Tilt,TTWO,Comm,Equity,0.03122530994139606,0.034422210499422276,0.629157961280969,1.0943736941921454,0.15,2021-04-30
2021-04-30,2021-05-03,2021-05-28,Equity - Minimum Variance,Equity - Minimum Variance Sentiment Tilt,Equity,sentiment_tilt,Sentiment Tilt,UPS,Industrials,Equity,0.01286675424473192,0.012084526076684993,-0.4507811779483106,0.9323828233077535,0.15,2021-04-30
2021-04-30,2021-05-03,2021-05-28,Equity - Minimum Variance,Equity - Minimum Variance Sentiment Tilt,Equity,sentiment_tilt,Sentiment Tilt,USB,Financials,Equity,7.064149121755923e-19,7.171110946422655e-19,0.05178150361479585,1.0077672255422194,0.15,2021-04-30
2021-04-30,2021-05-03,2021-05-28,Equity - Minimum Variance,Equity - Minimum Variance Sentiment Tilt,Equity,sentiment_tilt,Sentiment Tilt,V,Financials,Equity,4.861919593457749e-18,4.935536356373692e-18,0.05178150361479585,1.0077672255422194,0.15,2021-04-30
2021-04-30,2021-05-03,2021-05-28,Equity - Minimum Variance,Equity - Minimum Variance Sentiment Tilt,Equity,sentiment_tilt,Sentiment Tilt,WFC,Financials,Equity,0.0,0.0,0.05178150361479585,1.0077672255422194,0.15,2021-04-30
2021-04-30,2021-05-03,2021-05-28,Equity - Minimum Variance,Equity - Minimum Variance Sentiment Tilt,Equity,sentiment_tilt,Sentiment Tilt,WMT,Consumer,Equity,0.22036463313686636,0.21884499413777952,-0.09406806356792587,0.9858897904648111,0.15,2021-04-30
2021-04-30,2021-05-03,2021-05-28,Equity - Minimum Variance,Equity - Minimum Variance Sentiment Tilt,Equity,sentiment_tilt,Sentiment Tilt,XOM,Energy,Equity,0.0,0.0,0.8281585526388962,1.1242237828958344,0.15,2021-04-30
2021-05-28,2021-06-01,2021-06-30,Equity - Minimum Variance,Equity - Minimum Variance Sentiment Tilt,Equity,sentiment_tilt,Sentiment Tilt,ABBV,Healthcare,Equity,0.13305030486790295,0.11987584534328355,0.2107869182651872,1.0316180377397781,0.15,2021-05-28
2021-05-28,2021-06-01,2021-06-30,Equity - Minimum Variance,Equity - Minimum Variance Sentiment Tilt,Equity,sentiment_tilt,Sentiment Tilt,ABT,Healthcare,Equity,0.0,0.0,0.2107869182651872,1.0316180377397781,0.15,2021-05-28
2021-05-28,2021-06-01,2021-06-30,Equity - Minimum Variance,Equity - Minimum Variance Sentiment Tilt,Equity,sentiment_tilt,Sentiment Tilt,ADBE,Tech,Equity,0.0,0.0,0.08333287729225852,1.0124999315938388,0.15,2021-05-28
2021-05-28,2021-06-01,2021-06-30,Equity - Minimum Variance,Equity - Minimum Variance Sentiment Tilt,Equity,sentiment_tilt,Sentiment Tilt,AEP,Utilities,Equity,0.0,0.0,0.3753218432919643,1.0562982764937947,0.15,2021-05-28
2021-05-28,2021-06-01,2021-06-30,Equity - Minimum Variance,Equity - Minimum Variance Sentiment Tilt,Equity,sentiment_tilt,Sentiment Tilt,AMD,Tech,Equity,1.2283638305013342e-18,1.0862227743161587e-18,0.08333287729225852,1.0124999315938388,0.15,2021-05-28
2021-05-28,2021-06-01,2021-06-30,Equity - Minimum Variance,Equity - Minimum Variance Sentiment Tilt,Equity,sentiment_tilt,Sentiment Tilt,AMGN,Healthcare,Equity,0.0,0.0,0.2107869182651872,1.0316180377397781,0.15,2021-05-28
2021-05-28,2021-06-01,2021-06-30,Equity - Minimum Variance,Equity - Minimum Variance Sentiment Tilt,Equity,sentiment_tilt,Sentiment Tilt,AMT,RealEstate,Equity,0.0,0.0,2.0,1.3,0.15,2021-05-28
2021-05-28,2021-06-01,2021-06-30,Equity - Minimum Variance,Equity - Minimum Variance Sentiment Tilt,Equity,sentiment_tilt,Sentiment Tilt,BA,Industrials,Equity,0.0,0.0,-0.14746511439760224,0.9778802328403596,0.15,2021-05-28
2021-05-28,2021-06-01,2021-06-30,Equity - Minimum Variance,Equity - Minimum Variance Sentiment Tilt,Equity,sentiment_tilt,Sentiment Tilt,CAT,Industrials,Equity,3.450467427690347e-18,2.9468666300951147e-18,-0.14746511439760224,0.9778802328403596,0.15,2021-05-28
2021-05-28,2021-06-01,2021-06-30,Equity - Minimum Variance,Equity - Minimum Variance Sentiment Tilt,Equity,sentiment_tilt,Sentiment Tilt,CCI,RealEstate,Equity,0.0,0.0,2.0,1.3,0.15,2021-05-28
2021-05-28,2021-06-01,2021-06-30,Equity - Minimum Variance,Equity - Minimum Variance Sentiment Tilt,Equity,sentiment_tilt,Sentiment Tilt,CMCSA,Comm,Equity,0.0,0.0,2.0,1.3,0.15,2021-05-28
2021-05-28,2021-06-01,2021-06-30,Equity - Minimum Variance,Equity - Minimum Variance Sentiment Tilt,Equity,sentiment_tilt,Sentiment Tilt,COP,Energy,Equity,0.0,0.0,-0.9094356361541637,0.8635846545768755,0.15,2021-05-28
2021-05-28,2021-06-01,2021-06-30,Equity - Minimum Variance,Equity - Minimum Variance Sentiment Tilt,Equity,sentiment_tilt,Sentiment Tilt,CVX,Energy,Equity,1.1070938627018016e-17,8.349995499010138e-18,-0.9094356361541637,0.8635846545768755,0.15,2021-05-28
2021-05-28,2021-06-01,2021-06-30,Equity - Minimum Variance,Equity - Minimum Variance Sentiment Tilt,Equity,sentiment_tilt,Sentiment Tilt,D,Utilities,Equity,0.0,0.0,0.3753218432919643,1.0562982764937947,0.15,2021-05-28
2021-05-28,2021-06-01,2021-06-30,Equity - Minimum Variance,Equity - Minimum Variance Sentiment Tilt,Equity,sentiment_tilt,Sentiment Tilt,DD,Materials,Equity,0.0,0.0,0.17735438378916765,1.0266031575683752,0.15,2021-05-28
2021-05-28,2021-06-01,2021-06-30,Equity - Minimum Variance,Equity - Minimum Variance Sentiment Tilt,Equity,sentiment_tilt,Sentiment Tilt,DIS,Consumer,Equity,0.0,0.0,1.9967814537850168,1.2995172180677526,0.15,2021-05-28
2021-05-28,2021-06-01,2021-06-30,Equity - Minimum Variance,Equity - Minimum Variance Sentiment Tilt,Equity,sentiment_tilt,Sentiment Tilt,DOW,Materials,Equity,4.021225138133065e-17,3.605436625318023e-17,0.17735438378916765,1.0266031575683752,0.15,2021-05-28
2021-05-28,2021-06-01,2021-06-30,Equity - Minimum Variance,Equity - Minimum Variance Sentiment Tilt,Equity,sentiment_tilt,Sentiment Tilt,DUK,Utilities,Equity,9.237263915760493e-18,8.521711058705453e-18,0.3753218432919643,1.0562982764937947,0.15,2021-05-28
2021-05-28,2021-06-01,2021-06-30,Equity - Minimum Variance,Equity - Minimum Variance Sentiment Tilt,Equity,sentiment_tilt,Sentiment Tilt,EA,Comm,Equity,0.08904682159595638,0.1011017461495254,2.0,1.3,0.15,2021-05-28
2021-05-28,2021-06-01,2021-06-30,Equity - Minimum Variance,Equity - Minimum Variance Sentiment Tilt,Equity,sentiment_tilt,Sentiment Tilt,GE,Industrials,Equity,0.0,0.0,-0.14746511439760224,0.9778802328403596,0.15,2021-05-28
2021-05-28,2021-06-01,2021-06-30,Equity - Minimum Variance,Equity - Minimum Variance Sentiment Tilt,Equity,sentiment_tilt,Sentiment Tilt,GILD,Healthcare,Equity,0.11197276168859553,0.10088537171086594,0.2107869182651872,1.0316180377397781,0.15,2021-05-28
2021-05-28,2021-06-01,2021-06-30,Equity - Minimum Variance,Equity - Minimum Variance Sentiment Tilt,Equity,sentiment_tilt,Sentiment Tilt,GS,Financials,Equity,0.0,0.0,0.6781466908015119,1.1017220036202269,0.15,2021-05-28
2021-05-28,2021-06-01,2021-06-30,Equity - Minimum Variance,Equity - Minimum Variance Sentiment Tilt,Equity,sentiment_tilt,Sentiment Tilt,INTC,Tech,Equity,0.0,0.0,0.08333287729225852,1.0124999315938388,0.15,2021-05-28
2021-05-28,2021-06-01,2021-06-30,Equity - Minimum Variance,Equity - Minimum Variance Sentiment Tilt,Equity,sentiment_tilt,Sentiment Tilt,KO,Consumer,Equity,0.01119150679912674,0.01270186470778834,1.9967814537850168,1.2995172180677526,0.15,2021-05-28
2021-05-28,2021-06-01,2021-06-30,Equity - Minimum Variance,Equity - Minimum Variance Sentiment Tilt,Equity,sentiment_tilt,Sentiment Tilt,MMM,Industrials,Equity,0.10618322856578798,0.09068563013380923,-0.14746511439760224,0.9778802328403596,0.15,2021-05-28
2021-05-28,2021-06-01,2021-06-30,Equity - Minimum Variance,Equity - Minimum Variance Sentiment Tilt,Equity,sentiment_tilt,Sentiment Tilt,MRK,Healthcare,Equity,0.07968535488889436,0.07179501984809185,0.2107869182651872,1.0316180377397781,0.15,2021-05-28
2021-05-28,2021-06-01,2021-06-30,Equity - Minimum Variance,Equity - Minimum Variance Sentiment Tilt,Equity,sentiment_tilt,Sentiment Tilt,MS,Financials,Equity,1.1034031077783516e-17,1.061703154447173e-17,0.6781466908015119,1.1017220036202269,0.15,2021-05-28
2021-05-28,2021-06-01,2021-06-30,Equity - Minimum Variance,Equity - Minimum Variance Sentiment Tilt,Equity,sentiment_tilt,Sentiment Tilt,NEE,Utilities,Equity,2.183868563050791e-17,2.014697972714245e-17,0.3753218432919643,1.0562982764937947,0.15,2021-05-28
2021-05-28,2021-06-01,2021-06-30,Equity - Minimum Variance,Equity - Minimum Variance Sentiment Tilt,Equity,sentiment_tilt,Sentiment Tilt,NEM,Materials,Equity,0.11198605763043609,0.10040687099981731,0.17735438378916765,1.0266031575683752,0.15,2021-05-28
2021-05-28,2021-06-01,2021-06-30,Equity - Minimum Variance,Equity - Minimum Variance Sentiment Tilt,Equity,sentiment_tilt,Sentiment Tilt,NKE,Consumer,Equity,0.0,0.0,1.9967814537850168,1.2995172180677526,0.15,2021-05-28
2021-05-28,2021-06-01,2021-06-30,Equity - Minimum Variance,Equity - Minimum Variance Sentiment Tilt,Equity,sentiment_tilt,Sentiment Tilt,NUE,Materials,Equity,1.3890419027824526e-17,1.2454171001025833e-17,0.17735438378916765,1.0266031575683752,0.15,2021-05-28
2021-05-28,2021-06-01,2021-06-30,Equity - Minimum Variance,Equity - Minimum Variance Sentiment Tilt,Equity,sentiment_tilt,Sentiment Tilt,NVDA,Tech,Equity,4.434629950706358e-17,3.9214733684854774e-17,0.08333287729225852,1.0124999315938388,0.15,2021-05-28
2021-05-28,2021-06-01,2021-06-30,Equity - Minimum Variance,Equity - Minimum Variance Sentiment Tilt,Equity,sentiment_tilt,Sentiment Tilt,O,RealEstate,Equity,1.447724150675979e-17,1.6437132393148396e-17,2.0,1.3,0.15,2021-05-28
2021-05-28,2021-06-01,2021-06-30,Equity - Minimum Variance,Equity - Minimum Variance Sentiment Tilt,Equity,sentiment_tilt,Sentiment Tilt,OXY,Energy,Equity,0.0,0.0,-0.9094356361541637,0.8635846545768755,0.15,2021-05-28
2021-05-28,2021-06-01,2021-06-30,Equity - Minimum Variance,Equity - Minimum Variance Sentiment Tilt,Equity,sentiment_tilt,Sentiment Tilt,PLD,RealEstate,Equity,3.797536753982217e-18,4.3116372938799805e-18,2.0,1.3,0.15,2021-05-28
2021-05-28,2021-06-01,2021-06-30,Equity - Minimum Variance,Equity - Minimum Variance Sentiment Tilt,Equity,sentiment_tilt,Sentiment Tilt,PSA,RealEstate,Equity,0.0946927572577913,0.10751201373492462,2.0,1.3,0.15,2021-05-28
2021-05-28,2021-06-01,2021-06-30,Equity - Minimum Variance,Equity - Minimum Variance Sentiment Tilt,Equity,sentiment_tilt,Sentiment Tilt,QCOM,Tech,Equity,2.287743648694114e-17,2.0230156500085853e-17,0.08333287729225852,1.0124999315938388,0.15,2021-05-28
2021-05-28,2021-06-01,2021-06-30,Equity - Minimum Variance,Equity - Minimum Variance Sentiment Tilt,Equity,sentiment_tilt,Sentiment Tilt,SBUX,Consumer,Equity,1.6906735068683188e-17,1.9188395749318663e-17,1.9967814537850168,1.2995172180677526,0.15,2021-05-28
2021-05-28,2021-06-01,2021-06-30,Equity - Minimum Variance,Equity - Minimum Variance Sentiment Tilt,Equity,sentiment_tilt,Sentiment Tilt,SHW,Materials,Equity,0.0,0.0,0.17735438378916765,1.0266031575683752,0.15,2021-05-28
2021-05-28,2021-06-01,2021-06-30,Equity - Minimum Variance,Equity - Minimum Variance Sentiment Tilt,Equity,sentiment_tilt,Sentiment Tilt,SLB,Energy,Equity,2.307544572430404e-17,1.7404113095285966e-17,-0.9094356361541637,0.8635846545768755,0.15,2021-05-28
2021-05-28,2021-06-01,2021-06-30,Equity - Minimum Variance,Equity - Minimum Variance Sentiment Tilt,Equity,sentiment_tilt,Sentiment Tilt,SO,Utilities,Equity,7.370513047313177e-18,6.7995656632108365e-18,0.3753218432919643,1.0562982764937947,0.15,2021-05-28
2021-05-28,2021-06-01,2021-06-30,Equity - Minimum Variance,Equity - Minimum Variance Sentiment Tilt,Equity,sentiment_tilt,Sentiment Tilt,T,Comm,Equity,7.507418455452368e-18,8.523753024733161e-18,2.0,1.3,0.15,2021-05-28
2021-05-28,2021-06-01,2021-06-30,Equity - Minimum Variance,Equity - Minimum Variance Sentiment Tilt,Equity,sentiment_tilt,Sentiment Tilt,TMUS,Comm,Equity,0.0,0.0,2.0,1.3,0.15,2021-05-28
2021-05-28,2021-06-01,2021-06-30,Equity - Minimum Variance,Equity - Minimum Variance Sentiment Tilt,Equity,sentiment_tilt,Sentiment Tilt,TTWO,Comm,Equity,0.035685647032191806,0.040516676089807274,2.0,1.3,0.15,2021-05-28
2021-05-28,2021-06-01,2021-06-30,Equity - Minimum Variance,Equity - Minimum Variance Sentiment Tilt,Equity,sentiment_tilt,Sentiment Tilt,UPS,Industrials,Equity,0.00909489092979046,0.007767478217666995,-0.14746511439760224,0.9778802328403596,0.15,2021-05-28
2021-05-28,2021-06-01,2021-06-30,Equity - Minimum Variance,Equity - Minimum Variance Sentiment Tilt,Equity,sentiment_tilt,Sentiment Tilt,USB,Financials,Equity,0.0,0.0,0.6781466908015119,1.1017220036202269,0.15,2021-05-28
2021-05-28,2021-06-01,2021-06-30,Equity - Minimum Variance,Equity - Minimum Variance Sentiment Tilt,Equity,sentiment_tilt,Sentiment Tilt,V,Financials,Equity,1.238719671442653e-17,1.1919058169905161e-17,0.6781466908015119,1.1017220036202269,0.15,2021-05-28
2021-05-28,2021-06-01,2021-06-30,Equity - Minimum Variance,Equity - Minimum Variance Sentiment Tilt,Equity,sentiment_tilt,Sentiment Tilt,WFC,Financials,Equity,0.0,0.0,0.6781466908015119,1.1017220036202269,0.15,2021-05-28
2021-05-28,2021-06-01,2021-06-30,Equity - Minimum Variance,Equity - Minimum Variance Sentiment Tilt,Equity,sentiment_tilt,Sentiment Tilt,WMT,Consumer,Equity,0.21741066874352608,0.2467514830644193,1.9967814537850168,1.2995172180677526,0.15,2021-05-28
2021-05-28,2021-06-01,2021-06-30,Equity - Minimum Variance,Equity - Minimum Variance Sentiment Tilt,Equity,sentiment_tilt,Sentiment Tilt,XOM,Energy,Equity,0.0,0.0,-0.9094356361541637,0.8635846545768755,0.15,2021-05-28
2021-06-30,2021-07-01,2021-07-30,Equity - Minimum Variance,Equity - Minimum Variance Sentiment Tilt,Equity,sentiment_tilt,Sentiment Tilt,ABBV,Healthcare,Equity,0.1305601023044366,0.13528462965199972,-0.19949017904474714,0.9700764731432879,0.15,2021-06-30
2021-06-30,2021-07-01,2021-07-30,Equity - Minimum Variance,Equity - Minimum Variance Sentiment Tilt,Equity,sentiment_tilt,Sentiment Tilt,ABT,Healthcare,Equity,0.0,0.0,-0.19949017904474714,0.9700764731432879,0.15,2021-06-30
2021-06-30,2021-07-01,2021-07-30,Equity - Minimum Variance,Equity - Minimum Variance Sentiment Tilt,Equity,sentiment_tilt,Sentiment Tilt,ADBE,Tech,Equity,9.489445895761808e-18,9.778788623611127e-18,-0.23503829799525858,0.9647442553007112,0.15,2021-06-30
2021-06-30,2021-07-01,2021-07-30,Equity - Minimum Variance,Equity - Minimum Variance Sentiment Tilt,Equity,sentiment_tilt,Sentiment Tilt,AEP,Utilities,Equity,0.0,0.0,0.21113944335793572,1.0316709165036904,0.15,2021-06-30
2021-06-30,2021-07-01,2021-07-30,Equity - Minimum Variance,Equity - Minimum Variance Sentiment Tilt,Equity,sentiment_tilt,Sentiment Tilt,AMD,Tech,Equity,3.4636347218527844e-18,3.569244420216953e-18,-0.23503829799525858,0.9647442553007112,0.15,2021-06-30
2021-06-30,2021-07-01,2021-07-30,Equity - Minimum Variance,Equity - Minimum Variance Sentiment Tilt,Equity,sentiment_tilt,Sentiment Tilt,AMGN,Healthcare,Equity,0.0,0.0,-0.19949017904474714,0.9700764731432879,0.15,2021-06-30
2021-06-30,2021-07-01,2021-07-30,Equity - Minimum Variance,Equity - Minimum Variance Sentiment Tilt,Equity,sentiment_tilt,Sentiment Tilt,AMT,RealEstate,Equity,9.661462607165808e-18,9.276829545868206e-18,-0.6738162593574781,0.8989275610963783,0.15,2021-06-30
2021-06-30,2021-07-01,2021-07-30,Equity - Minimum Variance,Equity - Minimum Variance Sentiment Tilt,Equity,sentiment_tilt,Sentiment Tilt,BA,Industrials,Equity,0.0,0.0,-0.5094763551232352,0.9235785467315147,0.15,2021-06-30
2021-06-30,2021-07-01,2021-07-30,Equity - Minimum Variance,Equity - Minimum Variance Sentiment Tilt,Equity,sentiment_tilt,Sentiment Tilt,CAT,Industrials,Equity,4.0228184966773317e-19,3.968590405783496e-19,-0.5094763551232352,0.9235785467315147,0.15,2021-06-30
2021-06-30,2021-07-01,2021-07-30,Equity - Minimum Variance,Equity - Minimum Variance Sentiment Tilt,Equity,sentiment_tilt,Sentiment Tilt,CCI,RealEstate,Equity,0.0,0.0,-0.6738162593574781,0.8989275610963783,0.15,2021-06-30
2021-06-30,2021-07-01,2021-07-30,Equity - Minimum Variance,Equity - Minimum Variance Sentiment Tilt,Equity,sentiment_tilt,Sentiment Tilt,CMCSA,Comm,Equity,1.3582590819735586e-17,1.7658076673468834e-17,1.4473803177220868,1.217107047658313,0.15,2021-06-30
2021-06-30,2021-07-01,2021-07-30,Equity - Minimum Variance,Equity - Minimum Variance Sentiment Tilt,Equity,sentiment_tilt,Sentiment Tilt,COP,Energy,Equity,1.0132577223804159e-17,1.0902561842537952e-17,0.048941893155990075,1.0073412839733986,0.15,2021-06-30
2021-06-30,2021-07-01,2021-07-30,Equity - Minimum Variance,Equity - Minimum Variance Sentiment Tilt,Equity,sentiment_tilt,Sentiment Tilt,CVX,Energy,Equity,0.0,0.0,0.048941893155990075,1.0073412839733986,0.15,2021-06-30
2021-06-30,2021-07-01,2021-07-30,Equity - Minimum Variance,Equity - Minimum Variance Sentiment Tilt,Equity,sentiment_tilt,Sentiment Tilt,D,Utilities,Equity,8.212678419312869e-19,9.050196498386517e-19,0.21113944335793572,1.0316709165036904,0.15,2021-06-30
2021-06-30,2021-07-01,2021-07-30,Equity - Minimum Variance,Equity - Minimum Variance Sentiment Tilt,Equity,sentiment_tilt,Sentiment Tilt,DD,Materials,Equity,1.0412514507043507e-19,1.0192302406701791e-19,-0.5573389978528817,0.9163991503220678,0.15,2021-06-29
2021-06-30,2021-07-01,2021-07-30,Equity - Minimum Variance,Equity - Minimum Variance Sentiment Tilt,Equity,sentiment_tilt,Sentiment Tilt,DIS,Consumer,Equity,0.0,0.0,-1.5724092148748015,0.7641386177687798,0.15,2021-06-30
2021-06-30,2021-07-01,2021-07-30,Equity - Minimum Variance,Equity - Minimum Variance Sentiment Tilt,Equity,sentiment_tilt,Sentiment Tilt,DOW,Materials,Equity,0.0,0.0,-0.5573389978528817,0.9163991503220678,0.15,2021-06-29
2021-06-30,2021-07-01,2021-07-30,Equity - Minimum Variance,Equity - Minimum Variance Sentiment Tilt,Equity,sentiment_tilt,Sentiment Tilt,DUK,Utilities,Equity,0.0,0.0,0.21113944335793572,1.0316709165036904,0.15,2021-06-30
2021-06-30,2021-07-01,2021-07-30,Equity - Minimum Variance,Equity - Minimum Variance Sentiment Tilt,Equity,sentiment_tilt,Sentiment Tilt,EA,Comm,Equity,0.09379924298680374,0.12194390941731673,1.4473803177220868,1.217107047658313,0.15,2021-06-30
2021-06-30,2021-07-01,2021-07-30,Equity - Minimum Variance,Equity - Minimum Variance Sentiment Tilt,Equity,sentiment_tilt,Sentiment Tilt,GE,Industrials,Equity,4.44388848573594e-18,4.383984319309937e-18,-0.5094763551232352,0.9235785467315147,0.15,2021-06-30
2021-06-30,2021-07-01,2021-07-30,Equity - Minimum Variance,Equity - Minimum Variance Sentiment Tilt,Equity,sentiment_tilt,Sentiment Tilt,GILD,Healthcare,Equity,0.11216871989238066,0.11622772547922519,-0.19949017904474714,0.9700764731432879,0.15,2021-06-30
2021-06-30,2021-07-01,2021-07-30,Equity - Minimum Variance,Equity - Minimum Variance Sentiment Tilt,Equity,sentiment_tilt,Sentiment Tilt,GS,Financials,Equity,7.728484724099838e-18,7.914051192672821e-18,-0.2754838591150785,0.9586774211327382,0.15,2021-06-30
2021-06-30,2021-07-01,2021-07-30,Equity - Minimum Variance,Equity - Minimum Variance Sentiment Tilt,Equity,sentiment_tilt,Sentiment Tilt,INTC,Tech,Equity,8.69417190328845e-19,8.95926592906417e-19,-0.23503829799525858,0.9647442553007112,0.15,2021-06-30
2021-06-30,2021-07-01,2021-07-30,Equity - Minimum Variance,Equity - Minimum Variance Sentiment Tilt,Equity,sentiment_tilt,Sentiment Tilt,KO,Consumer,Equity,0.008763910323074121,0.00715322814841266,-1.5724092148748015,0.7641386177687798,0.15,2021-06-30
2021-06-30,2021-07-01,2021-07-30,Equity - Minimum Variance,Equity - Minimum Variance Sentiment Tilt,Equity,sentiment_tilt,Sentiment Tilt,MMM,Industrials,Equity,0.10042146376586217,0.09906777001376148,-0.5094763551232352,0.9235785467315147,0.15,2021-06-30
2021-06-30,2021-07-01,2021-07-30,Equity - Minimum Variance,Equity - Minimum Variance Sentiment Tilt,Equity,sentiment_tilt,Sentiment Tilt,MRK,Healthcare,Equity,0.08487684874441198,0.08794825406648278,-0.19949017904474714,0.9700764731432879,0.15,2021-06-30
2021-06-30,2021-07-01,2021-07-30,Equity - Minimum Variance,Equity - Minimum Variance Sentiment Tilt,Equity,sentiment_tilt,Sentiment Tilt,MS,Financials,Equity,0.0,0.0,-0.2754838591150785,0.9586774211327382,0.15,2021-06-30
2021-06-30,2021-07-01,2021-07-30,Equity - Minimum Variance,Equity - Minimum Variance Sentiment Tilt,Equity,sentiment_tilt,Sentiment Tilt,NEE,Utilities,Equity,0.0,0.0,0.21113944335793572,1.0316709165036904,0.15,2021-06-30
2021-06-30,2021-07-01,2021-07-30,Equity - Minimum Variance,Equity - Minimum Variance Sentiment Tilt,Equity,sentiment_tilt,Sentiment Tilt,NEM,Materials,Equity,0.108453516835683,0.1061598559994195,-0.5573389978528817,0.9163991503220678,0.15,2021-06-29
2021-06-30,2021-07-01,2021-07-30,Equity - Minimum Variance,Equity - Minimum Variance Sentiment Tilt,Equity,sentiment_tilt,Sentiment Tilt,NKE,Consumer,Equity,0.0,0.0,-1.5724092148748015,0.7641386177687798,0.15,2021-06-30
2021-06-30,2021-07-01,2021-07-30,Equity - Minimum Variance,Equity - Minimum Variance Sentiment Tilt,Equity,sentiment_tilt,Sentiment Tilt,NUE,Materials,Equity,5.462802635944584e-18,5.347270960920279e-18,-0.5573389978528817,0.9163991503220678,0.15,2021-06-29
2021-06-30,2021-07-01,2021-07-30,Equity - Minimum Variance,Equity - Minimum Variance Sentiment Tilt,Equity,sentiment_tilt,Sentiment Tilt,NVDA,Tech,Equity,1.3884631055444262e-17,1.4307987389301214e-17,-0.23503829799525858,0.9647442553007112,0.15,2021-06-30
2021-06-30,2021-07-01,2021-07-30,Equity - Minimum Variance,Equity - Minimum Variance Sentiment Tilt,Equity,sentiment_tilt,Sentiment Tilt,O,RealEstate,Equity,2.281895860458233e-17,2.1910511689185276e-17,-0.6738162593574781,0.8989275610963783,0.15,2021-06-30
2021-06-30,2021-07-01,2021-07-30,Equity - Minimum Variance,Equity - Minimum Variance Sentiment Tilt,Equity,sentiment_tilt,Sentiment Tilt,OXY,Energy,Equity,0.0,0.0,0.048941893155990075,1.0073412839733986,0.15,2021-06-30
2021-06-30,2021-07-01,2021-07-30,Equity - Minimum Variance,Equity - Minimum Variance Sentiment Tilt,Equity,sentiment_tilt,Sentiment Tilt,PLD,RealEstate,Equity,4.365237746550619e-19,4.1914530075296044e-19,-0.6738162593574781,0.8989275610963783,0.15,2021-06-30
2021-06-30,2021-07-01,2021-07-30,Equity - Minimum Variance,Equity - Minimum Variance Sentiment Tilt,Equity,sentiment_tilt,Sentiment Tilt,PSA,RealEstate,Equity,0.10616362617610542,0.1019371397532026,-0.6738162593574781,0.8989275610963783,0.15,2021-06-30
2021-06-30,2021-07-01,2021-07-30,Equity - Minimum Variance,Equity - Minimum Variance Sentiment Tilt,Equity,sentiment_tilt,Sentiment Tilt,QCOM,Tech,Equity,1.515762738127595e-17,1.561979865053633e-17,-0.23503829799525858,0.9647442553007112,0.15,2021-06-30
2021-06-30,2021-07-01,2021-07-30,Equity - Minimum Variance,Equity - Minimum Variance Sentiment Tilt,Equity,sentiment_tilt,Sentiment Tilt,SBUX,Consumer,Equity,3.1407658903753102e-18,2.5635377527147488e-18,-1.5724092148748015,0.7641386177687798,0.15,2021-06-30
2021-06-30,2021-07-01,2021-07-30,Equity - Minimum Variance,Equity - Minimum Variance Sentiment Tilt,Equity,sentiment_tilt,Sentiment Tilt,SHW,Materials,Equity,0.0,0.0,-0.5573389978528817,0.9163991503220678,0.15,2021-06-29
2021-06-30,2021-07-01,2021-07-30,Equity - Minimum Variance,Equity - Minimum Variance Sentiment Tilt,Equity,sentiment_tilt,Sentiment Tilt,SLB,Energy,Equity,0.0,0.0,0.048941893155990075,1.0073412839733986,0.15,2021-06-30
2021-06-30,2021-07-01,2021-07-30,Equity - Minimum Variance,Equity - Minimum Variance Sentiment Tilt,Equity,sentiment_tilt,Sentiment Tilt,SO,Utilities,Equity,3.814794158320204e-17,4.203821819262641e-17,0.21113944335793572,1.0316709165036904,0.15,2021-06-30
2021-06-30,2021-07-01,2021-07-30,Equity - Minimum Variance,Equity - Minimum Variance Sentiment Tilt,Equity,sentiment_tilt,Sentiment Tilt,T,Comm,Equity,4.311539075653805e-17,5.605225732628963e-17,1.4473803177220868,1.217107047658313,0.15,2021-06-30
2021-06-30,2021-07-01,2021-07-30,Equity - Minimum Variance,Equity - Minimum Variance Sentiment Tilt,Equity,sentiment_tilt,Sentiment Tilt,TMUS,Comm,Equity,0.0,0.0,1.4473803177220868,1.217107047658313,0.15,2021-06-30
2021-06-30,2021-07-01,2021-07-30,Equity - Minimum Variance,Equity - Minimum Variance Sentiment Tilt,Equity,sentiment_tilt,Sentiment Tilt,TTWO,Comm,Equity,0.029827154330551785,0.0387768567212514,1.4473803177220868,1.217107047658313,0.15,2021-06-30
2021-06-30,2021-07-01,2021-07-30,Equity - Minimum Variance,Equity - Minimum Variance Sentiment Tilt,Equity,sentiment_tilt,Sentiment Tilt,UPS,Industrials,Equity,0.011042864379976258,0.010894005202307601,-0.5094763551232352,0.9235785467315147,0.15,2021-06-30
2021-06-30,2021-07-01,2021-07-30,Equity - Minimum Variance,Equity - Minimum Variance Sentiment Tilt,Equity,sentiment_tilt,Sentiment Tilt,USB,Financials,Equity,6.512726437506674e-19,6.669101676500342e-19,-0.2754838591150785,0.9586774211327382,0.15,2021-06-30
2021-06-30,2021-07-01,2021-07-30,Equity - Minimum Variance,Equity - Minimum Variance Sentiment Tilt,Equity,sentiment_tilt,Sentiment Tilt,V,Financials,Equity,0.0,0.0,-0.2754838591150785,0.9586774211327382,0.15,2021-06-30
2021-06-30,2021-07-01,2021-07-30,Equity - Minimum Variance,Equity - Minimum Variance Sentiment Tilt,Equity,sentiment_tilt,Sentiment Tilt,WFC,Financials,Equity,0.0,0.0,-0.2754838591150785,0.9586774211327382,0.15,2021-06-30
2021-06-30,2021-07-01,2021-07-30,Equity - Minimum Variance,Equity - Minimum Variance Sentiment Tilt,Equity,sentiment_tilt,Sentiment Tilt,WMT,Consumer,Equity,0.21392255026071408,0.17460662554662015,-1.5724092148748015,0.7641386177687798,0.15,2021-06-30
2021-06-30,2021-07-01,2021-07-30,Equity - Minimum Variance,Equity - Minimum Variance Sentiment Tilt,Equity,sentiment_tilt,Sentiment Tilt,XOM,Energy,Equity,0.0,0.0,0.048941893155990075,1.0073412839733986,0.15,2021-06-30
2021-07-30,2021-08-02,2021-08-31,Equity - Minimum Variance,Equity - Minimum Variance Sentiment Tilt,Equity,sentiment_tilt,Sentiment Tilt,ABBV,Healthcare,Equity,0.13017049121295785,0.1376785642697031,0.270328831733534,1.0405493247600301,0.15,2021-07-30
2021-07-30,2021-08-02,2021-08-31,Equity - Minimum Variance,Equity - Minimum Variance Sentiment Tilt,Equity,sentiment_tilt,Sentiment Tilt,ABT,Healthcare,Equity,2.4636509407997184e-17,2.6057512822632998e-17,0.270328831733534,1.0405493247600301,0.15,2021-07-30
2021-07-30,2021-08-02,2021-08-31,Equity - Minimum Variance,Equity - Minimum Variance Sentiment Tilt,Equity,sentiment_tilt,Sentiment Tilt,ADBE,Tech,Equity,0.0,0.0,1.7254925515930202,1.258823882738953,0.15,2021-07-30
2021-07-30,2021-08-02,2021-08-31,Equity - Minimum Variance,Equity - Minimum Variance Sentiment Tilt,Equity,sentiment_tilt,Sentiment Tilt,AEP,Utilities,Equity,0.0,0.0,-1.110013106439788,0.8334980340340318,0.15,2021-07-30
2021-07-30,2021-08-02,2021-08-31,Equity - Minimum Variance,Equity - Minimum Variance Sentiment Tilt,Equity,sentiment_tilt,Sentiment Tilt,AMD,Tech,Equity,0.0,0.0,1.7254925515930202,1.258823882738953,0.15,2021-07-30
2021-07-30,2021-08-02,2021-08-31,Equity - Minimum Variance,Equity - Minimum Variance Sentiment Tilt,Equity,sentiment_tilt,Sentiment Tilt,AMGN,Healthcare,Equity,1.449699524043637e-17,1.5333164009212204e-17,0.270328831733534,1.0405493247600301,0.15,2021-07-30
2021-07-30,2021-08-02,2021-08-31,Equity - Minimum Variance,Equity - Minimum Variance Sentiment Tilt,Equity,sentiment_tilt,Sentiment Tilt,AMT,RealEstate,Equity,5.5283826221210876e-18,5.060067941891007e-18,-0.6635624501980438,0.9004656324702934,0.15,2021-07-30
2021-07-30,2021-08-02,2021-08-31,Equity - Minimum Variance,Equity - Minimum Variance Sentiment Tilt,Equity,sentiment_tilt,Sentiment Tilt,BA,Industrials,Equity,0.0,0.0,0.07728024209049547,1.0115920363135744,0.15,2021-07-30
2021-07-30,2021-08-02,2021-08-31,Equity - Minimum Variance,Equity - Minimum Variance Sentiment Tilt,Equity,sentiment_tilt,Sentiment Tilt,CAT,Industrials,Equity,1.2750099367600212e-17,1.3110223158850028e-17,0.07728024209049547,1.0115920363135744,0.15,2021-07-30
2021-07-30,2021-08-02,2021-08-31,Equity - Minimum Variance,Equity - Minimum Variance Sentiment Tilt,Equity,sentiment_tilt,Sentiment Tilt,CCI,RealEstate,Equity,2.560647026251724e-17,2.3437321208899302e-17,-0.6635624501980438,0.9004656324702934,0.15,2021-07-30
2021-07-30,2021-08-02,2021-08-31,Equity - Minimum Variance,Equity - Minimum Variance Sentiment Tilt,Equity,sentiment_tilt,Sentiment Tilt,CMCSA,Comm,Equity,1.5906526224631086e-17,1.4759855925150592e-17,-0.5807724353244543,0.9128841347013319,0.15,2021-07-30
2021-07-30,2021-08-02,2021-08-31,Equity - Minimum Variance,Equity - Minimum Variance Sentiment Tilt,Equity,sentiment_tilt,Sentiment Tilt,COP,Energy,Equity,1.5826799927984798e-17,1.8666325786503144e-17,1.0687436790047238,1.1603115518507086,0.15,2021-07-30
2021-07-30,2021-08-02,2021-08-31,Equity - Minimum Variance,Equity - Minimum Variance Sentiment Tilt,Equity,sentiment_tilt,Sentiment Tilt,CVX,Energy,Equity,0.0,0.0,1.0687436790047238,1.1603115518507086,0.15,2021-07-30
2021-07-30,2021-08-02,2021-08-31,Equity - Minimum Variance,Equity - Minimum Variance Sentiment Tilt,Equity,sentiment_tilt,Sentiment Tilt,D,Utilities,Equity,1.8081261310429605e-17,1.5318788337309726e-17,-1.110013106439788,0.8334980340340318,0.15,2021-07-30
2021-07-30,2021-08-02,2021-08-31,Equity - Minimum Variance,Equity - Minimum Variance Sentiment Tilt,Equity,sentiment_tilt,Sentiment Tilt,DD,Materials,Equity,0.0,0.0,1.1045466652204463,1.165681999783067,0.15,2021-07-30
2021-07-30,2021-08-02,2021-08-31,Equity - Minimum Variance,Equity - Minimum Variance Sentiment Tilt,Equity,sentiment_tilt,Sentiment Tilt,DIS,Consumer,Equity,0.0,0.0,-0.8096043535769307,0.8785593469634604,0.15,2021-07-30
2021-07-30,2021-08-02,2021-08-31,Equity - Minimum Variance,Equity - Minimum Variance Sentiment Tilt,Equity,sentiment_tilt,Sentiment Tilt,DOW,Materials,Equity,0.0,0.0,1.1045466652204463,1.165681999783067,0.15,2021-07-30
2021-07-30,2021-08-02,2021-08-31,Equity - Minimum Variance,Equity - Minimum Variance Sentiment Tilt,Equity,sentiment_tilt,Sentiment Tilt,DUK,Utilities,Equity,0.0,0.0,-1.110013106439788,0.8334980340340318,0.15,2021-07-30
2021-07-30,2021-08-02,2021-08-31,Equity - Minimum Variance,Equity - Minimum Variance Sentiment Tilt,Equity,sentiment_tilt,Sentiment Tilt,EA,Comm,Equity,0.08971273206330135,0.08324551704164913,-0.5807724353244543,0.9128841347013319,0.15,2021-07-30
2021-07-30,2021-08-02,2021-08-31,Equity - Minimum Variance,Equity - Minimum Variance Sentiment Tilt,Equity,sentiment_tilt,Sentiment Tilt,GE,Industrials,Equity,0.0,0.0,0.07728024209049547,1.0115920363135744,0.15,2021-07-30
2021-07-30,2021-08-02,2021-08-31,Equity - Minimum Variance,Equity - Minimum Variance Sentiment Tilt,Equity,sentiment_tilt,Sentiment Tilt,GILD,Healthcare,Equity,0.11143019757193477,0.11785735365240872,0.270328831733534,1.0405493247600301,0.15,2021-07-30
2021-07-30,2021-08-02,2021-08-31,Equity - Minimum Variance,Equity - Minimum Variance Sentiment Tilt,Equity,sentiment_tilt,Sentiment Tilt,GS,Financials,Equity,1.2702550535964644e-18,1.0159448824530243e-18,-1.4210464605645055,0.7868430309153241,0.15,2021-07-30
2021-07-30,2021-08-02,2021-08-31,Equity - Minimum Variance,Equity - Minimum Variance Sentiment Tilt,Equity,sentiment_tilt,Sentiment Tilt,INTC,Tech,Equity,0.0,0.0,1.7254925515930202,1.258823882738953,0.15,2021-07-30
2021-07-30,2021-08-02,2021-08-31,Equity - Minimum Variance,Equity - Minimum Variance Sentiment Tilt,Equity,sentiment_tilt,Sentiment Tilt,KO,Consumer,Equity,0.011516538956840494,0.010284524037972176,-0.8096043535769307,0.8785593469634604,0.15,2021-07-30
2021-07-30,2021-08-02,2021-08-31,Equity - Minimum Variance,Equity - Minimum Variance Sentiment Tilt,Equity,sentiment_tilt,Sentiment Tilt,MMM,Industrials,Equity,0.09760887098344065,0.10036581237383446,0.07728024209049547,1.0115920363135744,0.15,2021-07-30
2021-07-30,2021-08-02,2021-08-31,Equity - Minimum Variance,Equity - Minimum Variance Sentiment Tilt,Equity,sentiment_tilt,Sentiment Tilt,MRK,Healthcare,Equity,0.08709928245418856,0.09212306142100743,0.270328831733534,1.0405493247600301,0.15,2021-07-30
2021-07-30,2021-08-02,2021-08-31,Equity - Minimum Variance,Equity - Minimum Variance Sentiment Tilt,Equity,sentiment_tilt,Sentiment Tilt,MS,Financials,Equity,1.7882021846967368e-18,1.4301969145411509e-18,-1.4210464605645055,0.7868430309153241,0.15,2021-07-30
2021-07-30,2021-08-02,2021-08-31,Equity - Minimum Variance,Equity - Minimum Variance Sentiment Tilt,Equity,sentiment_tilt,Sentiment Tilt,NEE,Utilities,Equity,1.947755771800737e-18,1.6501757199746986e-18,-1.110013106439788,0.8334980340340318,0.15,2021-07-30
2021-07-30,2021-08-02,2021-08-31,Equity - Minimum Variance,Equity - Minimum Variance Sentiment Tilt,Equity,sentiment_tilt,Sentiment Tilt,NEM,Materials,Equity,0.10786429815268254,0.1278053179897205,1.1045466652204463,1.165681999783067,0.15,2021-07-30
2021-07-30,2021-08-02,2021-08-31,Equity - Minimum Variance,Equity - Minimum Variance Sentiment Tilt,Equity,sentiment_tilt,Sentiment Tilt,NKE,Consumer,Equity,0.0,0.0,-0.8096043535769307,0.8785593469634604,0.15,2021-07-30
2021-07-30,2021-08-02,2021-08-31,Equity - Minimum Variance,Equity - Minimum Variance Sentiment Tilt,Equity,sentiment_tilt,Sentiment Tilt,NUE,Materials,Equity,0.0,0.0,1.1045466652204463,1.165681999783067,0.15,2021-07-30
2021-07-30,2021-08-02,2021-08-31,Equity - Minimum Variance,Equity - Minimum Variance Sentiment Tilt,Equity,sentiment_tilt,Sentiment Tilt,NVDA,Tech,Equity,0.0,0.0,1.7254925515930202,1.258823882738953,0.15,2021-07-30
2021-07-30,2021-08-02,2021-08-31,Equity - Minimum Variance,Equity - Minimum Variance Sentiment Tilt,Equity,sentiment_tilt,Sentiment Tilt,O,RealEstate,Equity,0.0,0.0,-0.6635624501980438,0.9004656324702934,0.15,2021-07-30
2021-07-30,2021-08-02,2021-08-31,Equity - Minimum Variance,Equity - Minimum Variance Sentiment Tilt,Equity,sentiment_tilt,Sentiment Tilt,OXY,Energy,Equity,4.336163339061741e-17,5.114125276032584e-17,1.0687436790047238,1.1603115518507086,0.15,2021-07-30
2021-07-30,2021-08-02,2021-08-31,Equity - Minimum Variance,Equity - Minimum Variance Sentiment Tilt,Equity,sentiment_tilt,Sentiment Tilt,PLD,RealEstate,Equity,3.515691619044312e-18,3.217873955380394e-18,-0.6635624501980438,0.9004656324702934,0.15,2021-07-30
2021-07-30,2021-08-02,2021-08-31,Equity - Minimum Variance,Equity - Minimum Variance Sentiment Tilt,Equity,sentiment_tilt,Sentiment Tilt,PSA,RealEstate,Equity,0.10393713223081291,0.09513251645585968,-0.6635624501980438,0.9004656324702934,0.15,2021-07-30
2021-07-30,2021-08-02,2021-08-31,Equity - Minimum Variance,Equity - Minimum Variance Sentiment Tilt,Equity,sentiment_tilt,Sentiment Tilt,QCOM,Tech,Equity,0.0,0.0,1.7254925515930202,1.258823882738953,0.15,2021-07-30
2021-07-30,2021-08-02,2021-08-31,Equity - Minimum Variance,Equity - Minimum Variance Sentiment Tilt,Equity,sentiment_tilt,Sentiment Tilt,SBUX,Consumer,Equity,3.574238025692042e-18,3.191873620227719e-18,-0.8096043535769307,0.8785593469634604,0.15,2021-07-30
2021-07-30,2021-08-02,2021-08-31,Equity - Minimum Variance,Equity - Minimum Variance Sentiment Tilt,Equity,sentiment_tilt,Sentiment Tilt,SHW,Materials,Equity,1.2645125024344482e-17,1.4982846525070785e-17,1.1045466652204463,1.165681999783067,0.15,2021-07-30
2021-07-30,2021-08-02,2021-08-31,Equity - Minimum Variance,Equity - Minimum Variance Sentiment Tilt,Equity,sentiment_tilt,Sentiment Tilt,SLB,Energy,Equity,0.0,0.0,1.0687436790047238,1.1603115518507086,0.15,2021-07-30
2021-07-30,2021-08-02,2021-08-31,Equity - Minimum Variance,Equity - Minimum Variance Sentiment Tilt,Equity,sentiment_tilt,Sentiment Tilt,SO,Utilities,Equity,0.0,0.0,-1.110013106439788,0.8334980340340318,0.15,2021-07-30
2021-07-30,2021-08-02,2021-08-31,Equity - Minimum Variance,Equity - Minimum Variance Sentiment Tilt,Equity,sentiment_tilt,Sentiment Tilt,T,Comm,Equity,0.0,0.0,-0.5807724353244543,0.9128841347013319,0.15,2021-07-30
2021-07-30,2021-08-02,2021-08-31,Equity - Minimum Variance,Equity - Minimum Variance Sentiment Tilt,Equity,sentiment_tilt,Sentiment Tilt,TMUS,Comm,Equity,0.0,0.0,-0.5807724353244543,0.9128841347013319,0.15,2021-07-30
2021-07-30,2021-08-02,2021-08-31,Equity - Minimum Variance,Equity - Minimum Variance Sentiment Tilt,Equity,sentiment_tilt,Sentiment Tilt,TTWO,Comm,Equity,0.032128304571242064,0.02981223806468707,-0.5807724353244543,0.9128841347013319,0.15,2021-07-30
2021-07-30,2021-08-02,2021-08-31,Equity - Minimum Variance,Equity - Minimum Variance Sentiment Tilt,Equity,sentiment_tilt,Sentiment Tilt,UPS,Industrials,Equity,0.011912410953482132,0.012248874417162672,0.07728024209049547,1.0115920363135744,0.15,2021-07-30
2021-07-30,2021-08-02,2021-08-31,Equity - Minimum Variance,Equity - Minimum Variance Sentiment Tilt,Equity,sentiment_tilt,Sentiment Tilt,USB,Financials,Equity,0.0,0.0,-1.4210464605645055,0.7868430309153241,0.15,2021-07-30
2021-07-30,2021-08-02,2021-08-31,Equity - Minimum Variance,Equity - Minimum Variance Sentiment Tilt,Equity,sentiment_tilt,Sentiment Tilt,V,Financials,Equity,0.0,0.0,-1.4210464605645055,0.7868430309153241,0.15,2021-07-30
2021-07-30,2021-08-02,2021-08-31,Equity - Minimum Variance,Equity - Minimum Variance Sentiment Tilt,Equity,sentiment_tilt,Sentiment Tilt,WFC,Financials,Equity,0.0,0.0,-1.4210464605645055,0.7868430309153241,0.15,2021-07-30
2021-07-30,2021-08-02,2021-08-31,Equity - Minimum Variance,Equity - Minimum Variance Sentiment Tilt,Equity,sentiment_tilt,Sentiment Tilt,WMT,Consumer,Equity,0.2166197408491165,0.19344622027599487,-0.8096043535769307,0.8785593469634604,0.15,2021-07-30
2021-07-30,2021-08-02,2021-08-31,Equity - Minimum Variance,Equity - Minimum Variance Sentiment Tilt,Equity,sentiment_tilt,Sentiment Tilt,XOM,Energy,Equity,0.0,0.0,1.0687436790047238,1.1603115518507086,0.15,2021-07-30
2021-08-31,2021-09-01,2021-09-30,Equity - Minimum Variance,Equity - Minimum Variance Sentiment Tilt,Equity,sentiment_tilt,Sentiment Tilt,ABBV,Healthcare,Equity,0.12871367830803834,0.11369341043237759,-1.1584207672802118,0.8262368849079682,0.15,2021-08-31
2021-08-31,2021-09-01,2021-09-30,Equity - Minimum Variance,Equity - Minimum Variance Sentiment Tilt,Equity,sentiment_tilt,Sentiment Tilt,ABT,Healthcare,Equity,0.0,0.0,-1.1584207672802118,0.8262368849079682,0.15,2021-08-31
2021-08-31,2021-09-01,2021-09-30,Equity - Minimum Variance,Equity - Minimum Variance Sentiment Tilt,Equity,sentiment_tilt,Sentiment Tilt,ADBE,Tech,Equity,0.0,0.0,-1.1871428261277643,0.8219285760808354,0.15,2021-08-31
2021-08-31,2021-09-01,2021-09-30,Equity - Minimum Variance,Equity - Minimum Variance Sentiment Tilt,Equity,sentiment_tilt,Sentiment Tilt,AEP,Utilities,Equity,4.4982727982653034e-17,3.485538570700219e-17,-1.8346677253788228,0.7247998411931766,0.15,2021-08-31
2021-08-31,2021-09-01,2021-09-30,Equity - Minimum Variance,Equity - Minimum Variance Sentiment Tilt,Equity,sentiment_tilt,Sentiment Tilt,AMD,Tech,Equity,1.507709518599381e-17,1.3248227286503302e-17,-1.1871428261277643,0.8219285760808354,0.15,2021-08-31
2021-08-31,2021-09-01,2021-09-30,Equity - Minimum Variance,Equity - Minimum Variance Sentiment Tilt,Equity,sentiment_tilt,Sentiment Tilt,AMGN,Healthcare,Equity,0.0,0.0,-1.1584207672802118,0.8262368849079682,0.15,2021-08-31
2021-08-31,2021-09-01,2021-09-30,Equity - Minimum Variance,Equity - Minimum Variance Sentiment Tilt,Equity,sentiment_tilt,Sentiment Tilt,AMT,RealEstate,Equity,0.0,0.0,-0.6813675185011089,0.8977948722248337,0.15,2021-08-31
2021-08-31,2021-09-01,2021-09-30,Equity - Minimum Variance,Equity - Minimum Variance Sentiment Tilt,Equity,sentiment_tilt,Sentiment Tilt,BA,Industrials,Equity,0.0,0.0,1.7614980889301355,1.2642247133395204,0.15,2021-08-31
2021-08-31,2021-09-01,2021-09-30,Equity - Minimum Variance,Equity - Minimum Variance Sentiment Tilt,Equity,sentiment_tilt,Sentiment Tilt,CAT,Industrials,Equity,1.614386758271775e-17,2.1819152422348164e-17,1.7614980889301355,1.2642247133395204,0.15,2021-08-31
2021-08-31,2021-09-01,2021-09-30,Equity - Minimum Variance,Equity - Minimum Variance Sentiment Tilt,Equity,sentiment_tilt,Sentiment Tilt,CCI,RealEstate,Equity,8.3576676806348e-18,8.021733561004021e-18,-0.6813675185011089,0.8977948722248337,0.15,2021-08-31
2021-08-31,2021-09-01,2021-09-30,Equity - Minimum Variance,Equity - Minimum Variance Sentiment Tilt,Equity,sentiment_tilt,Sentiment Tilt,CMCSA,Comm,Equity,4.166366111699638e-19,4.454135696772623e-19,0.0,1.0,0.15,
2021-08-31,2021-09-01,2021-09-30,Equity - Minimum Variance,Equity - Minimum Variance Sentiment Tilt,Equity,sentiment_tilt,Sentiment Tilt,COP,Energy,Equity,0.0,0.0,-0.2601818652917714,0.9609727202062343,0.15,2021-08-31
2021-08-31,2021-09-01,2021-09-30,Equity - Minimum Variance,Equity - Minimum Variance Sentiment Tilt,Equity,sentiment_tilt,Sentiment Tilt,CVX,Energy,Equity,1.8222106242106445e-17,1.87204225555107e-17,-0.2601818652917714,0.9609727202062343,0.15,2021-08-31
2021-08-31,2021-09-01,2021-09-30,Equity - Minimum Variance,Equity - Minimum Variance Sentiment Tilt,Equity,sentiment_tilt,Sentiment Tilt,D,Utilities,Equity,1.9049299262355485e-17,1.476056928991865e-17,-1.8346677253788228,0.7247998411931766,0.15,2021-08-31
2021-08-31,2021-09-01,2021-09-30,Equity - Minimum Variance,Equity - Minimum Variance Sentiment Tilt,Equity,sentiment_tilt,Sentiment Tilt,DD,Materials,Equity,0.0,0.0,-0.3706742942416999,0.9443988558637451,0.15,2021-08-31
2021-08-31,2021-09-01,2021-09-30,Equity - Minimum Variance,Equity - Minimum Variance Sentiment Tilt,Equity,sentiment_tilt,Sentiment Tilt,DIS,Consumer,Equity,4.529150233738801e-18,4.407227116216345e-18,-0.5985847909421909,0.9102122813586714,0.15,2021-08-31
2021-08-31,2021-09-01,2021-09-30,Equity - Minimum Variance,Equity - Minimum Variance Sentiment Tilt,Equity,sentiment_tilt,Sentiment Tilt,DOW,Materials,Equity,4.386318918959415e-18,4.4285512094993064e-18,-0.3706742942416999,0.9443988558637451,0.15,2021-08-31
2021-08-31,2021-09-01,2021-09-30,Equity - Minimum Variance,Equity - Minimum Variance Sentiment Tilt,Equity,sentiment_tilt,Sentiment Tilt,DUK,Utilities,Equity,0.0,0.0,-1.8346677253788228,0.7247998411931766,0.15,2021-08-31
2021-08-31,2021-09-01,2021-09-30,Equity - Minimum Variance,Equity - Minimum Variance Sentiment Tilt,Equity,sentiment_tilt,Sentiment Tilt,EA,Comm,Equity,0.09114067203229619,0.09743572932463469,0.0,1.0,0.15,
2021-08-31,2021-09-01,2021-09-30,Equity - Minimum Variance,Equity - Minimum Variance Sentiment Tilt,Equity,sentiment_tilt,Sentiment Tilt,GE,Industrials,Equity,0.0,0.0,1.7614980889301355,1.2642247133395204,0.15,2021-08-31
2021-08-31,2021-09-01,2021-09-30,Equity - Minimum Variance,Equity - Minimum Variance Sentiment Tilt,Equity,sentiment_tilt,Sentiment Tilt,GILD,Healthcare,Equity,0.10965411436528678,0.09685800603332494,-1.1584207672802118,0.8262368849079682,0.15,2021-08-31
2021-08-31,2021-09-01,2021-09-30,Equity - Minimum Variance,Equity - Minimum Variance Sentiment Tilt,Equity,sentiment_tilt,Sentiment Tilt,GS,Financials,Equity,0.0,0.0,0.6411881981329262,1.096178229719939,0.15,2021-08-31
2021-08-31,2021-09-01,2021-09-30,Equity - Minimum Variance,Equity - Minimum Variance Sentiment Tilt,Equity,sentiment_tilt,Sentiment Tilt,INTC,Tech,Equity,0.0,0.0,-1.1871428261277643,0.8219285760808354,0.15,2021-08-31
2021-08-31,2021-09-01,2021-09-30,Equity - Minimum Variance,Equity - Minimum Variance Sentiment Tilt,Equity,sentiment_tilt,Sentiment Tilt,KO,Consumer,Equity,0.013152976244407545,0.012798902790082502,-0.5985847909421909,0.9102122813586714,0.15,2021-08-31
2021-08-31,2021-09-01,2021-09-30,Equity - Minimum Variance,Equity - Minimum Variance Sentiment Tilt,Equity,sentiment_tilt,Sentiment Tilt,MMM,Industrials,Equity,0.09870295782389665,0.13340142132989743,1.7614980889301355,1.2642247133395204,0.15,2021-08-31
2021-08-31,2021-09-01,2021-09-30,Equity - Minimum Variance,Equity - Minimum Variance Sentiment Tilt,Equity,sentiment_tilt,Sentiment Tilt,MRK,Healthcare,Equity,0.08684427850542562,0.07670996843234834,-1.1584207672802118,0.8262368849079682,0.15,2021-08-31
2021-08-31,2021-09-01,2021-09-30,Equity - Minimum Variance,Equity - Minimum Variance Sentiment Tilt,Equity,sentiment_tilt,Sentiment Tilt,MS,Financials,Equity,1.3665581098061268e-17,1.601457029816542e-17,0.6411881981329262,1.096178229719939,0.15,2021-08-31
2021-08-31,2021-09-01,2021-09-30,Equity - Minimum Variance,Equity - Minimum Variance Sentiment Tilt,Equity,sentiment_tilt,Sentiment Tilt,NEE,Utilities,Equity,1.674586831903226e-17,1.2975729250649879e-17,-1.8346677253788228,0.7247998411931766,0.15,2021-08-31
2021-08-31,2021-09-01,2021-09-30,Equity - Minimum Variance,Equity - Minimum Variance Sentiment Tilt,Equity,sentiment_tilt,Sentiment Tilt,NEM,Materials,Equity,0.10570674634130214,0.10672451046333536,-0.3706742942416999,0.9443988558637451,0.15,2021-08-31
2021-08-31,2021-09-01,2021-09-30,Equity - Minimum Variance,Equity - Minimum Variance Sentiment Tilt,Equity,sentiment_tilt,Sentiment Tilt,NKE,Consumer,Equity,0.0,0.0,-0.5985847909421909,0.9102122813586714,0.15,2021-08-31
2021-08-31,2021-09-01,2021-09-30,Equity - Minimum Variance,Equity - Minimum Variance Sentiment Tilt,Equity,sentiment_tilt,Sentiment Tilt,NUE,Materials,Equity,0.0,0.0,-0.3706742942416999,0.9443988558637451,0.15,2021-08-31
2021-08-31,2021-09-01,2021-09-30,Equity - Minimum Variance,Equity - Minimum Variance Sentiment Tilt,Equity,sentiment_tilt,Sentiment Tilt,NVDA,Tech,Equity,0.0,0.0,-1.1871428261277643,0.8219285760808354,0.15,2021-08-31
2021-08-31,2021-09-01,2021-09-30,Equity - Minimum Variance,Equity - Minimum Variance Sentiment Tilt,Equity,sentiment_tilt,Sentiment Tilt,O,RealEstate,Equity,2.379485880965435e-18,2.2838431101421662e-18,-0.6813675185011089,0.8977948722248337,0.15,2021-08-31
2021-08-31,2021-09-01,2021-09-30,Equity - Minimum Variance,Equity - Minimum Variance Sentiment Tilt,Equity,sentiment_tilt,Sentiment Tilt,OXY,Energy,Equity,2.76597266920403e-17,2.8416131733906275e-17,-0.2601818652917714,0.9609727202062343,0.15,2021-08-31
2021-08-31,2021-09-01,2021-09-30,Equity - Minimum Variance,Equity - Minimum Variance Sentiment Tilt,Equity,sentiment_tilt,Sentiment Tilt,PLD,RealEstate,Equity,3.685647056239361e-18,3.537503501551685e-18,-0.6813675185011089,0.8977948722248337,0.15,2021-08-31
2021-08-31,2021-09-01,2021-09-30,Equity - Minimum Variance,Equity - Minimum Variance Sentiment Tilt,Equity,sentiment_tilt,Sentiment Tilt,PSA,RealEstate,Equity,0.10490624552196463,0.10068956826464219,-0.6813675185011089,0.8977948722248337,0.15,2021-08-31
2021-08-31,2021-09-01,2021-09-30,Equity - Minimum Variance,Equity - Minimum Variance Sentiment Tilt,Equity,sentiment_tilt,Sentiment Tilt,QCOM,Tech,Equity,0.0,0.0,-1.1871428261277643,0.8219285760808354,0.15,2021-08-31
2021-08-31,2021-09-01,2021-09-30,Equity - Minimum Variance,Equity - Minimum Variance Sentiment Tilt,Equity,sentiment_tilt,Sentiment Tilt,SBUX,Consumer,Equity,0.0,0.0,-0.5985847909421909,0.9102122813586714,0.15,2021-08-31
2021-08-31,2021-09-01,2021-09-30,Equity - Minimum Variance,Equity - Minimum Variance Sentiment Tilt,Equity,sentiment_tilt,Sentiment Tilt,SHW,Materials,Equity,1.3146053869127138e-17,1.3272626509354981e-17,-0.3706742942416999,0.9443988558637451,0.15,2021-08-31
2021-08-31,2021-09-01,2021-09-30,Equity - Minimum Variance,Equity - Minimum Variance Sentiment Tilt,Equity,sentiment_tilt,Sentiment Tilt,SLB,Energy,Equity,0.0,0.0,-0.2601818652917714,0.9609727202062343,0.15,2021-08-31
2021-08-31,2021-09-01,2021-09-30,Equity - Minimum Variance,Equity - Minimum Variance Sentiment Tilt,Equity,sentiment_tilt,Sentiment Tilt,SO,Utilities,Equity,0.0,0.0,-1.8346677253788228,0.7247998411931766,0.15,2021-08-31
2021-08-31,2021-09-01,2021-09-30,Equity - Minimum Variance,Equity - Minimum Variance Sentiment Tilt,Equity,sentiment_tilt,Sentiment Tilt,T,Comm,Equity,1.000623305764926e-17,1.0697360399304945e-17,0.0,1.0,0.15,
2021-08-31,2021-09-01,2021-09-30,Equity - Minimum Variance,Equity - Minimum Variance Sentiment Tilt,Equity,sentiment_tilt,Sentiment Tilt,TMUS,Comm,Equity,0.0,0.0,0.0,1.0,0.15,
2021-08-31,2021-09-01,2021-09-30,Equity - Minimum Variance,Equity - Minimum Variance Sentiment Tilt,Equity,sentiment_tilt,Sentiment Tilt,TTWO,Comm,Equity,0.034443034638629265,0.03682200411007819,0.0,1.0,0.15,
2021-08-31,2021-09-01,2021-09-30,Equity - Minimum Variance,Equity - Minimum Variance Sentiment Tilt,Equity,sentiment_tilt,Sentiment Tilt,UPS,Industrials,Equity,0.011189483819407934,0.015123083222289379,1.7614980889301355,1.2642247133395204,0.15,2021-08-31
2021-08-31,2021-09-01,2021-09-30,Equity - Minimum Variance,Equity - Minimum Variance Sentiment Tilt,Equity,sentiment_tilt,Sentiment Tilt,USB,Financials,Equity,0.0,0.0,0.6411881981329262,1.096178229719939,0.15,2021-08-31
2021-08-31,2021-09-01,2021-09-30,Equity - Minimum Variance,Equity - Minimum Variance Sentiment Tilt,Equity,sentiment_tilt,Sentiment Tilt,V,Financials,Equity,0.0,0.0,0.6411881981329262,1.096178229719939,0.15,2021-08-31
2021-08-31,2021-09-01,2021-09-30,Equity - Minimum Variance,Equity - Minimum Variance Sentiment Tilt,Equity,sentiment_tilt,Sentiment Tilt,WFC,Financials,Equity,0.0,0.0,0.6411881981329262,1.096178229719939,0.15,2021-08-31
2021-08-31,2021-09-01,2021-09-30,Equity - Minimum Variance,Equity - Minimum Variance Sentiment Tilt,Equity,sentiment_tilt,Sentiment Tilt,WMT,Consumer,Equity,0.21554581239934476,0.20974339559698923,-0.5985847909421909,0.9102122813586714,0.15,2021-08-31
2021-08-31,2021-09-01,2021-09-30,Equity - Minimum Variance,Equity - Minimum Variance Sentiment Tilt,Equity,sentiment_tilt,Sentiment Tilt,XOM,Energy,Equity,0.0,0.0,-0.2601818652917714,0.9609727202062343,0.15,2021-08-31
2021-09-30,2021-10-01,2021-10-29,Equity - Minimum Variance,Equity - Minimum Variance Sentiment Tilt,Equity,sentiment_tilt,Sentiment Tilt,ABBV,Healthcare,Equity,0.11600794286241808,0.10207327933370579,-0.9861783119846721,0.8520732532022992,0.15,2021-09-30
2021-09-30,2021-10-01,2021-10-29,Equity - Minimum Variance,Equity - Minimum Variance Sentiment Tilt,Equity,sentiment_tilt,Sentiment Tilt,ABT,Healthcare,Equity,0.0,0.0,-0.9861783119846721,0.8520732532022992,0.15,2021-09-30
2021-09-30,2021-10-01,2021-10-29,Equity - Minimum Variance,Equity - Minimum Variance Sentiment Tilt,Equity,sentiment_tilt,Sentiment Tilt,ADBE,Tech,Equity,0.0,0.0,0.2802751791984737,1.042041276879771,0.15,2021-09-30
2021-09-30,2021-10-01,2021-10-29,Equity - Minimum Variance,Equity - Minimum Variance Sentiment Tilt,Equity,sentiment_tilt,Sentiment Tilt,AEP,Utilities,Equity,1.1483045960256515e-17,8.305080968700055e-18,-1.9974062147321003,0.700389067790185,0.15,2021-09-30
2021-09-30,2021-10-01,2021-10-29,Equity - Minimum Variance,Equity - Minimum Variance Sentiment Tilt,Equity,sentiment_tilt,Sentiment Tilt,AMD,Tech,Equity,0.0,0.0,0.2802751791984737,1.042041276879771,0.15,2021-09-30
2021-09-30,2021-10-01,2021-10-29,Equity - Minimum Variance,Equity - Minimum Variance Sentiment Tilt,Equity,sentiment_tilt,Sentiment Tilt,AMGN,Healthcare,Equity,0.0,0.0,-0.9861783119846721,0.8520732532022992,0.15,2021-09-30
2021-09-30,2021-10-01,2021-10-29,Equity - Minimum Variance,Equity - Minimum Variance Sentiment Tilt,Equity,sentiment_tilt,Sentiment Tilt,AMT,RealEstate,Equity,6.1730060355503576e-18,7.265054136586148e-18,0.9314067401643517,1.1397110110246527,0.15,2021-09-30
2021-09-30,2021-10-01,2021-10-29,Equity - Minimum Variance,Equity - Minimum Variance Sentiment Tilt,Equity,sentiment_tilt,Sentiment Tilt,BA,Industrials,Equity,0.0,0.0,0.3076941085870803,1.046154116288062,0.15,2021-09-30
2021-09-30,2021-10-01,2021-10-29,Equity - Minimum Variance,Equity - Minimum Variance Sentiment Tilt,Equity,sentiment_tilt,Sentiment Tilt,CAT,Industrials,Equity,0.0,0.0,0.3076941085870803,1.046154116288062,0.15,2021-09-30
2021-09-30,2021-10-01,2021-10-29,Equity - Minimum Variance,Equity - Minimum Variance Sentiment Tilt,Equity,sentiment_tilt,Sentiment Tilt,CCI,RealEstate,Equity,0.0,0.0,0.9314067401643517,1.1397110110246527,0.15,2021-09-30
2021-09-30,2021-10-01,2021-10-29,Equity - Minimum Variance,Equity - Minimum Variance Sentiment Tilt,Equity,sentiment_tilt,Sentiment Tilt,CMCSA,Comm,Equity,0.0,0.0,-0.06564498179154642,0.9901532527312681,0.15,2021-09-30
2021-09-30,2021-10-01,2021-10-29,Equity - Minimum Variance,Equity - Minimum Variance Sentiment Tilt,Equity,sentiment_tilt,Sentiment Tilt,COP,Energy,Equity,2.0368972143923865e-17,2.1048621503952155e-17,0.004716368846123131,1.0007074553269184,0.15,2021-09-30
2021-09-30,2021-10-01,2021-10-29,Equity - Minimum Variance,Equity - Minimum Variance Sentiment Tilt,Equity,sentiment_tilt,Sentiment Tilt,CVX,Energy,Equity,1.1472475016381753e-17,1.1855275888597114e-17,0.004716368846123131,1.0007074553269184,0.15,2021-09-30
2021-09-30,2021-10-01,2021-10-29,Equity - Minimum Variance,Equity - Minimum Variance Sentiment Tilt,Equity,sentiment_tilt,Sentiment Tilt,D,Utilities,Equity,2.685608017259866e-18,1.942358509295295e-18,-1.9974062147321003,0.700389067790185,0.15,2021-09-30
2021-09-30,2021-10-01,2021-10-29,Equity - Minimum Variance,Equity - Minimum Variance Sentiment Tilt,Equity,sentiment_tilt,Sentiment Tilt,DD,Materials,Equity,0.0,0.0,0.5976195717068844,1.0896429357560327,0.15,2021-09-30
2021-09-30,2021-10-01,2021-10-29,Equity - Minimum Variance,Equity - Minimum Variance Sentiment Tilt,Equity,sentiment_tilt,Sentiment Tilt,DIS,Consumer,Equity,0.0,0.0,-0.33675077233834333,0.9494873841492485,0.15,2021-09-30
2021-09-30,2021-10-01,2021-10-29,Equity - Minimum Variance,Equity - Minimum Variance Sentiment Tilt,Equity,sentiment_tilt,Sentiment Tilt,DOW,Materials,Equity,3.821264991396483e-19,4.2997061126074286e-19,0.5976195717068844,1.0896429357560327,0.15,2021-09-30
2021-09-30,2021-10-01,2021-10-29,Equity - Minimum Variance,Equity - Minimum Variance Sentiment Tilt,Equity,sentiment_tilt,Sentiment Tilt,DUK,Utilities,Equity,0.0,0.0,-1.9974062147321003,0.700389067790185,0.15,2021-09-30
2021-09-30,2021-10-01,2021-10-29,Equity - Minimum Variance,Equity - Minimum Variance Sentiment Tilt,Equity,sentiment_tilt,Sentiment Tilt,EA,Comm,Equity,0.09429363133265001,0.09641224346045037,-0.06564498179154642,0.9901532527312681,0.15,2021-09-30
2021-09-30,2021-10-01,2021-10-29,Equity - Minimum Variance,Equity - Minimum Variance Sentiment Tilt,Equity,sentiment_tilt,Sentiment Tilt,GE,Industrials,Equity,7.386994990307946e-18,7.980146823642299e-18,0.3076941085870803,1.046154116288062,0.15,2021-09-30
2021-09-30,2021-10-01,2021-10-29,Equity - Minimum Variance,Equity - Minimum Variance Sentiment Tilt,Equity,sentiment_tilt,Sentiment Tilt,GILD,Healthcare,Equity,0.10953346322345427,0.09637650243704003,-0.9861783119846721,0.8520732532022992,0.15,2021-09-30
2021-09-30,2021-10-01,2021-10-29,Equity - Minimum Variance,Equity - Minimum Variance Sentiment Tilt,Equity,sentiment_tilt,Sentiment Tilt,GS,Financials,Equity,1.1791737536864653e-17,1.1361660457078946e-17,-0.44616609890783027,0.9330750851638254,0.15,2021-09-30
2021-09-30,2021-10-01,2021-10-29,Equity - Minimum Variance,Equity - Minimum Variance Sentiment Tilt,Equity,sentiment_tilt,Sentiment Tilt,INTC,Tech,Equity,2.1399903704308056e-18,2.3027360002259476e-18,0.2802751791984737,1.042041276879771,0.15,2021-09-30
2021-09-30,2021-10-01,2021-10-29,Equity - Minimum Variance,Equity - Minimum Variance Sentiment Tilt,Equity,sentiment_tilt,Sentiment Tilt,KO,Consumer,Equity,0.017696964131297354,0.017351434231006255,-0.33675077233834333,0.9494873841492485,0.15,2021-09-30
2021-09-30,2021-10-01,2021-10-29,Equity - Minimum Variance,Equity - Minimum Variance Sentiment Tilt,Equity,sentiment_tilt,Sentiment Tilt,MMM,Industrials,Equity,0.08982313792603804,0.09703564571933937,0.3076941085870803,1.046154116288062,0.15,2021-09-30
2021-09-30,2021-10-01,2021-10-29,Equity - Minimum Variance,Equity - Minimum Variance Sentiment Tilt,Equity,sentiment_tilt,Sentiment Tilt,MRK,Healthcare,Equity,0.092116128955449,0.08105130674681824,-0.9861783119846721,0.8520732532022992,0.15,2021-09-30
2021-09-30,2021-10-01,2021-10-29,Equity - Minimum Variance,Equity - Minimum Variance Sentiment Tilt,Equity,sentiment_tilt,Sentiment Tilt,MS,Financials,Equity,0.0,0.0,-0.44616609890783027,0.9330750851638254,0.15,2021-09-30
2021-09-30,2021-10-01,2021-10-29,Equity - Minimum Variance,Equity - Minimum Variance Sentiment Tilt,Equity,sentiment_tilt,Sentiment Tilt,NEE,Utilities,Equity,0.0,0.0,-1.9974062147321003,0.700389067790185,0.15,2021-09-30
2021-09-30,2021-10-01,2021-10-29,Equity - Minimum Variance,Equity - Minimum Variance Sentiment Tilt,Equity,sentiment_tilt,Sentiment Tilt,NEM,Materials,Equity,0.10461075962071333,0.11770853986792197,0.5976195717068844,1.0896429357560327,0.15,2021-09-30
2021-09-30,2021-10-01,2021-10-29,Equity - Minimum Variance,Equity - Minimum Variance Sentiment Tilt,Equity,sentiment_tilt,Sentiment Tilt,NKE,Consumer,Equity,0.0017192224083018627,0.0016856549137354816,-0.33675077233834333,0.9494873841492485,0.15,2021-09-30
2021-09-30,2021-10-01,2021-10-29,Equity - Minimum Variance,Equity - Minimum Variance Sentiment Tilt,Equity,sentiment_tilt,Sentiment Tilt,NUE,Materials,Equity,3.7296387663383545e-18,4.19660783472181e-18,0.5976195717068844,1.0896429357560327,0.15,2021-09-30
2021-09-30,2021-10-01,2021-10-29,Equity - Minimum Variance,Equity - Minimum Variance Sentiment Tilt,Equity,sentiment_tilt,Sentiment Tilt,NVDA,Tech,Equity,7.491923187299296e-18,8.061681712543684e-18,0.2802751791984737,1.042041276879771,0.15,2021-09-30
2021-09-30,2021-10-01,2021-10-29,Equity - Minimum Variance,Equity - Minimum Variance Sentiment Tilt,Equity,sentiment_tilt,Sentiment Tilt,O,RealEstate,Equity,9.963011481301366e-19,1.172553815081934e-18,0.9314067401643517,1.1397110110246527,0.15,2021-09-30
2021-09-30,2021-10-01,2021-10-29,Equity - Minimum Variance,Equity - Minimum Variance Sentiment Tilt,Equity,sentiment_tilt,Sentiment Tilt,OXY,Energy,Equity,7.054676905290762e-18,7.290069570664774e-18,0.004716368846123131,1.0007074553269184,0.15,2021-09-30
2021-09-30,2021-10-01,2021-10-29,Equity - Minimum Variance,Equity - Minimum Variance Sentiment Tilt,Equity,sentiment_tilt,Sentiment Tilt,PLD,RealEstate,Equity,0.0,0.0,0.9314067401643517,1.1397110110246527,0.15,2021-09-30
2021-09-30,2021-10-01,2021-10-29,Equity - Minimum Variance,Equity - Minimum Variance Sentiment Tilt,Equity,sentiment_tilt,Sentiment Tilt,PSA,RealEstate,Equity,0.10508555754057594,0.1236759303504483,0.9314067401643517,1.1397110110246527,0.15,2021-09-30
2021-09-30,2021-10-01,2021-10-29,Equity - Minimum Variance,Equity - Minimum Variance Sentiment Tilt,Equity,sentiment_tilt,Sentiment Tilt,QCOM,Tech,Equity,7.766829263232653e-18,8.357494313609339e-18,0.2802751791984737,1.042041276879771,0.15,2021-09-30
2021-09-30,2021-10-01,2021-10-29,Equity - Minimum Variance,Equity - Minimum Variance Sentiment Tilt,Equity,sentiment_tilt,Sentiment Tilt,SBUX,Consumer,Equity,2.063091165046961e-18,2.0228096976008346e-18,-0.33675077233834333,0.9494873841492485,0.15,2021-09-30
2021-09-30,2021-10-01,2021-10-29,Equity - Minimum Variance,Equity - Minimum Variance Sentiment Tilt,Equity,sentiment_tilt,Sentiment Tilt,SHW,Materials,Equity,0.0,0.0,0.5976195717068844,1.0896429357560327,0.15,2021-09-30
2021-09-30,2021-10-01,2021-10-29,Equity - Minimum Variance,Equity - Minimum Variance Sentiment Tilt,Equity,sentiment_tilt,Sentiment Tilt,SLB,Energy,Equity,0.0,0.0,0.004716368846123131,1.0007074553269184,0.15,2021-09-30
2021-09-30,2021-10-01,2021-10-29,Equity - Minimum Variance,Equity - Minimum Variance Sentiment Tilt,Equity,sentiment_tilt,Sentiment Tilt,SO,Utilities,Equity,1.8833896584449337e-17,1.3621563183787957e-17,-1.9974062147321003,0.700389067790185,0.15,2021-09-30
2021-09-30,2021-10-01,2021-10-29,Equity - Minimum Variance,Equity - Minimum Variance Sentiment Tilt,Equity,sentiment_tilt,Sentiment Tilt,T,Comm,Equity,0.005405268495718471,0.005526715376352933,-0.06564498179154642,0.9901532527312681,0.15,2021-09-30
2021-09-30,2021-10-01,2021-10-29,Equity - Minimum Variance,Equity - Minimum Variance Sentiment Tilt,Equity,sentiment_tilt,Sentiment Tilt,TMUS,Comm,Equity,1.0586825075730124e-17,1.082469242353876e-17,-0.06564498179154642,0.9901532527312681,0.15,2021-09-30
2021-09-30,2021-10-01,2021-10-29,Equity - Minimum Variance,Equity - Minimum Variance Sentiment Tilt,Equity,sentiment_tilt,Sentiment Tilt,TTWO,Comm,Equity,0.03304291876841106,0.0337853350636719,-0.06564498179154642,0.9901532527312681,0.15,2021-09-30
2021-09-30,2021-10-01,2021-10-29,Equity - Minimum Variance,Equity - Minimum Variance Sentiment Tilt,Equity,sentiment_tilt,Sentiment Tilt,UPS,Industrials,Equity,0.01158165031630852,0.012511619421089167,0.3076941085870803,1.046154116288062,0.15,2021-09-30
2021-09-30,2021-10-01,2021-10-29,Equity - Minimum Variance,Equity - Minimum Variance Sentiment Tilt,Equity,sentiment_tilt,Sentiment Tilt,USB,Financials,Equity,0.0,0.0,-0.44616609890783027,0.9330750851638254,0.15,2021-09-30
2021-09-30,2021-10-01,2021-10-29,Equity - Minimum Variance,Equity - Minimum Variance Sentiment Tilt,Equity,sentiment_tilt,Sentiment Tilt,V,Financials,Equity,1.3807564067730078e-18,1.3303964253484012e-18,-0.44616609890783027,0.9330750851638254,0.15,2021-09-30
2021-09-30,2021-10-01,2021-10-29,Equity - Minimum Variance,Equity - Minimum Variance Sentiment Tilt,Equity,sentiment_tilt,Sentiment Tilt,WFC,Financials,Equity,0.0,0.0,-0.44616609890783027,0.9330750851638254,0.15,2021-09-30
2021-09-30,2021-10-01,2021-10-29,Equity - Minimum Variance,Equity - Minimum Variance Sentiment Tilt,Equity,sentiment_tilt,Sentiment Tilt,WMT,Consumer,Equity,0.2190833544186639,0.21480579307842002,-0.33675077233834333,0.9494873841492485,0.15,2021-09-30
2021-09-30,2021-10-01,2021-10-29,Equity - Minimum Variance,Equity - Minimum Variance Sentiment Tilt,Equity,sentiment_tilt,Sentiment Tilt,XOM,Energy,Equity,1.8757515951032936e-17,1.938339602106106e-17,0.004716368846123131,1.0007074553269184,0.15,2021-09-30
2021-10-29,2021-11-01,2021-11-30,Equity - Minimum Variance,Equity - Minimum Variance Sentiment Tilt,Equity,sentiment_tilt,Sentiment Tilt,ABBV,Healthcare,Equity,0.11992151285224305,0.11080603648294837,-0.7587571122288117,0.8861864331656782,0.15,2021-10-29
2021-10-29,2021-11-01,2021-11-30,Equity - Minimum Variance,Equity - Minimum Variance Sentiment Tilt,Equity,sentiment_tilt,Sentiment Tilt,ABT,Healthcare,Equity,2.9510178511500973e-18,2.7267050248045087e-18,-0.7587571122288117,0.8861864331656782,0.15,2021-10-29
2021-10-29,2021-11-01,2021-11-30,Equity - Minimum Variance,Equity - Minimum Variance Sentiment Tilt,Equity,sentiment_tilt,Sentiment Tilt,ADBE,Tech,Equity,1.10262822808425e-17,1.0761648391408104e-17,-0.4261979833653186,0.9360703024952022,0.15,2021-10-29
2021-10-29,2021-11-01,2021-11-30,Equity - Minimum Variance,Equity - Minimum Variance Sentiment Tilt,Equity,sentiment_tilt,Sentiment Tilt,AEP,Utilities,Equity,4.210661038437868e-17,4.654292588736193e-17,0.40091630613636975,1.0601374459204556,0.15,2021-10-29
2021-10-29,2021-11-01,2021-11-30,Equity - Minimum Variance,Equity - Minimum Variance Sentiment Tilt,Equity,sentiment_tilt,Sentiment Tilt,AMD,Tech,Equity,1.3100682430416209e-18,1.2786262351417382e-18,-0.4261979833653186,0.9360703024952022,0.15,2021-10-29
2021-10-29,2021-11-01,2021-11-30,Equity - Minimum Variance,Equity - Minimum Variance Sentiment Tilt,Equity,sentiment_tilt,Sentiment Tilt,AMGN,Healthcare,Equity,1.315925826179914e-17,1.2158996466647578e-17,-0.7587571122288117,0.8861864331656782,0.15,2021-10-29
2021-10-29,2021-11-01,2021-11-30,Equity - Minimum Variance,Equity - Minimum Variance Sentiment Tilt,Equity,sentiment_tilt,Sentiment Tilt,AMT,RealEstate,Equity,0.0,0.0,0.20187564747825673,1.0302813471217385,0.15,2021-10-29
2021-10-29,2021-11-01,2021-11-30,Equity - Minimum Variance,Equity - Minimum Variance Sentiment Tilt,Equity,sentiment_tilt,Sentiment Tilt,BA,Industrials,Equity,4.9811404346343234e-20,4.857339703073203e-20,-0.4316559049756379,0.9352516142536543,0.15,2021-10-29
2021-10-29,2021-11-01,2021-11-30,Equity - Minimum Variance,Equity - Minimum Variance Sentiment Tilt,Equity,sentiment_tilt,Sentiment Tilt,CAT,Industrials,Equity,4.462728629901029e-18,4.351812449883498e-18,-0.4316559049756379,0.9352516142536543,0.15,2021-10-29
2021-10-29,2021-11-01,2021-11-30,Equity - Minimum Variance,Equity - Minimum Variance Sentiment Tilt,Equity,sentiment_tilt,Sentiment Tilt,CCI,RealEstate,Equity,2.117669527773775e-18,2.274863011799001e-18,0.20187564747825673,1.0302813471217385,0.15,2021-10-29
2021-10-29,2021-11-01,2021-11-30,Equity - Minimum Variance,Equity - Minimum Variance Sentiment Tilt,Equity,sentiment_tilt,Sentiment Tilt,CMCSA,Comm,Equity,2.600154988534569e-17,3.0911513012170406e-17,0.9346450579144739,1.140196758687171,0.15,2021-10-29
2021-10-29,2021-11-01,2021-11-30,Equity - Minimum Variance,Equity - Minimum Variance Sentiment Tilt,Equity,sentiment_tilt,Sentiment Tilt,COP,Energy,Equity,8.953307161958573e-18,1.2135790238140363e-17,2.0,1.3,0.15,2021-10-29
2021-10-29,2021-11-01,2021-11-30,Equity - Minimum Variance,Equity - Minimum Variance Sentiment Tilt,Equity,sentiment_tilt,Sentiment Tilt,CVX,Energy,Equity,4.711029067981428e-19,6.385580159443327e-19,2.0,1.3,0.15,2021-10-29
2021-10-29,2021-11-01,2021-11-30,Equity - Minimum Variance,Equity - Minimum Variance Sentiment Tilt,Equity,sentiment_tilt,Sentiment Tilt,D,Utilities,Equity,0.0,0.0,0.40091630613636975,1.0601374459204556,0.15,2021-10-29
2021-10-29,2021-11-01,2021-11-30,Equity - Minimum Variance,Equity - Minimum Variance Sentiment Tilt,Equity,sentiment_tilt,Sentiment Tilt,DD,Materials,Equity,0.0,0.0,-0.6971720188440368,0.8954241971733945,0.15,2021-10-29
2021-10-29,2021-11-01,2021-11-30,Equity - Minimum Variance,Equity - Minimum Variance Sentiment Tilt,Equity,sentiment_tilt,Sentiment Tilt,DIS,Consumer,Equity,0.0,0.0,-0.2329305938965811,0.9650604109155129,0.15,2021-10-29
2021-10-29,2021-11-01,2021-11-30,Equity - Minimum Variance,Equity - Minimum Variance Sentiment Tilt,Equity,sentiment_tilt,Sentiment Tilt,DOW,Materials,Equity,2.0008779139836326e-17,1.8680592269787912e-17,-0.6971720188440368,0.8954241971733945,0.15,2021-10-29
2021-10-29,2021-11-01,2021-11-30,Equity - Minimum Variance,Equity - Minimum Variance Sentiment Tilt,Equity,sentiment_tilt,Sentiment Tilt,DUK,Utilities,Equity,0.0,0.0,0.40091630613636975,1.0601374459204556,0.15,2021-10-29
2021-10-29,2021-11-01,2021-11-30,Equity - Minimum Variance,Equity - Minimum Variance Sentiment Tilt,Equity,sentiment_tilt,Sentiment Tilt,EA,Comm,Equity,0.09145400010609296,0.10872357712367736,0.9346450579144739,1.140196758687171,0.15,2021-10-29
2021-10-29,2021-11-01,2021-11-30,Equity - Minimum Variance,Equity - Minimum Variance Sentiment Tilt,Equity,sentiment_tilt,Sentiment Tilt,GE,Industrials,Equity,9.939899616154904e-18,9.69285441430357e-18,-0.4316559049756379,0.9352516142536543,0.15,2021-10-29
2021-10-29,2021-11-01,2021-11-30,Equity - Minimum Variance,Equity - Minimum Variance Sentiment Tilt,Equity,sentiment_tilt,Sentiment Tilt,GILD,Healthcare,Equity,0.11174321459959749,0.10324938719628014,-0.7587571122288117,0.8861864331656782,0.15,2021-10-29
2021-10-29,2021-11-01,2021-11-30,Equity - Minimum Variance,Equity - Minimum Variance Sentiment Tilt,Equity,sentiment_tilt,Sentiment Tilt,GS,Financials,Equity,0.0,0.0,1.0253044519300236,1.1537956677895036,0.15,2021-10-29
2021-10-29,2021-11-01,2021-11-30,Equity - Minimum Variance,Equity - Minimum Variance Sentiment Tilt,Equity,sentiment_tilt,Sentiment Tilt,INTC,Tech,Equity,0.0,0.0,-0.4261979833653186,0.9360703024952022,0.15,2021-10-29
2021-10-29,2021-11-01,2021-11-30,Equity - Minimum Variance,Equity - Minimum Variance Sentiment Tilt,Equity,sentiment_tilt,Sentiment Tilt,KO,Consumer,Equity,0.03171472309635701,0.03191219292952767,-0.2329305938965811,0.9650604109155129,0.15,2021-10-29
2021-10-29,2021-11-01,2021-11-30,Equity - Minimum Variance,Equity - Minimum Variance Sentiment Tilt,Equity,sentiment_tilt,Sentiment Tilt,MMM,Industrials,Equity,0.08906504111799272,0.08685142811277372,-0.4316559049756379,0.9352516142536543,0.15,2021-10-29
2021-10-29,2021-11-01,2021-11-30,Equity - Minimum Variance,Equity - Minimum Variance Sentiment Tilt,Equity,sentiment_tilt,Sentiment Tilt,MRK,Healthcare,Equity,0.07741160128963522,0.07152738914552756,-0.7587571122288117,0.8861864331656782,0.15,2021-10-29
2021-10-29,2021-11-01,2021-11-30,Equity - Minimum Variance,Equity - Minimum Variance Sentiment Tilt,Equity,sentiment_tilt,Sentiment Tilt,MS,Financials,Equity,0.0,0.0,1.0253044519300236,1.1537956677895036,0.15,2021-10-29
2021-10-29,2021-11-01,2021-11-30,Equity - Minimum Variance,Equity - Minimum Variance Sentiment Tilt,Equity,sentiment_tilt,Sentiment Tilt,NEE,Utilities,Equity,0.0,0.0,0.40091630613636975,1.0601374459204556,0.15,2021-10-29
2021-10-29,2021-11-01,2021-11-30,Equity - Minimum Variance,Equity - Minimum Variance Sentiment Tilt,Equity,sentiment_tilt,Sentiment Tilt,NEM,Materials,Equity,0.10685379253014285,0.09976081582918786,-0.6971720188440368,0.8954241971733945,0.15,2021-10-29
2021-10-29,2021-11-01,2021-11-30,Equity - Minimum Variance,Equity - Minimum Variance Sentiment Tilt,Equity,sentiment_tilt,Sentiment Tilt,NKE,Consumer,Equity,0.0029866612617185243,0.0030052575300604212,-0.2329305938965811,0.9650604109155129,0.15,2021-10-29
2021-10-29,2021-11-01,2021-11-30,Equity - Minimum Variance,Equity - Minimum Variance Sentiment Tilt,Equity,sentiment_tilt,Sentiment Tilt,NUE,Materials,Equity,0.0,0.0,-0.6971720188440368,0.8954241971733945,0.15,2021-10-29
2021-10-29,2021-11-01,2021-11-30,Equity - Minimum Variance,Equity - Minimum Variance Sentiment Tilt,Equity,sentiment_tilt,Sentiment Tilt,NVDA,Tech,Equity,0.0,0.0,-0.4261979833653186,0.9360703024952022,0.15,2021-10-29
2021-10-29,2021-11-01,2021-11-30,Equity - Minimum Variance,Equity - Minimum Variance Sentiment Tilt,Equity,sentiment_tilt,Sentiment Tilt,O,RealEstate,Equity,0.0,0.0,0.20187564747825673,1.0302813471217385,0.15,2021-10-29
2021-10-29,2021-11-01,2021-11-30,Equity - Minimum Variance,Equity - Minimum Variance Sentiment Tilt,Equity,sentiment_tilt,Sentiment Tilt,OXY,Energy,Equity,1.276204057497416e-17,1.729835072414097e-17,2.0,1.3,0.15,2021-10-29
2021-10-29,2021-11-01,2021-11-30,Equity - Minimum Variance,Equity - Minimum Variance Sentiment Tilt,Equity,sentiment_tilt,Sentiment Tilt,PLD,RealEstate,Equity,0.0,0.0,0.20187564747825673,1.0302813471217385,0.15,2021-10-29
2021-10-29,2021-11-01,2021-11-30,Equity - Minimum Variance,Equity - Minimum Variance Sentiment Tilt,Equity,sentiment_tilt,Sentiment Tilt,PSA,RealEstate,Equity,0.10417345319410966,0.11190619328209482,0.20187564747825673,1.0302813471217385,0.15,2021-10-29
2021-10-29,2021-11-01,2021-11-30,Equity - Minimum Variance,Equity - Minimum Variance Sentiment Tilt,Equity,sentiment_tilt,Sentiment Tilt,QCOM,Tech,Equity,0.0,0.0,-0.4261979833653186,0.9360703024952022,0.15,2021-10-29
2021-10-29,2021-11-01,2021-11-30,Equity - Minimum Variance,Equity - Minimum Variance Sentiment Tilt,Equity,sentiment_tilt,Sentiment Tilt,SBUX,Consumer,Equity,0.0,0.0,-0.2329305938965811,0.9650604109155129,0.15,2021-10-29
2021-10-29,2021-11-01,2021-11-30,Equity - Minimum Variance,Equity - Minimum Variance Sentiment Tilt,Equity,sentiment_tilt,Sentiment Tilt,SHW,Materials,Equity,0.0,0.0,-0.6971720188440368,0.8954241971733945,0.15,2021-10-29
2021-10-29,2021-11-01,2021-11-30,Equity - Minimum Variance,Equity - Minimum Variance Sentiment Tilt,Equity,sentiment_tilt,Sentiment Tilt,SLB,Energy,Equity,7.547313843850121e-18,1.0230031876884884e-17,2.0,1.3,0.15,2021-10-29
2021-10-29,2021-11-01,2021-11-30,Equity - Minimum Variance,Equity - Minimum Variance Sentiment Tilt,Equity,sentiment_tilt,Sentiment Tilt,SO,Utilities,Equity,1.6577220189510105e-17,1.8323781554857486e-17,0.40091630613636975,1.0601374459204556,0.15,2021-10-29
2021-10-29,2021-11-01,2021-11-30,Equity - Minimum Variance,Equity - Minimum Variance Sentiment Tilt,Equity,sentiment_tilt,Sentiment Tilt,T,Comm,Equity,0.0,0.0,0.9346450579144739,1.140196758687171,0.15,2021-10-29
2021-10-29,2021-11-01,2021-11-30,Equity - Minimum Variance,Equity - Minimum Variance Sentiment Tilt,Equity,sentiment_tilt,Sentiment Tilt,TMUS,Comm,Equity,1.7133482300269742e-17,2.036885737211654e-17,0.9346450579144739,1.140196758687171,0.15,2021-10-29
2021-10-29,2021-11-01,2021-11-30,Equity - Minimum Variance,Equity - Minimum Variance Sentiment Tilt,Equity,sentiment_tilt,Sentiment Tilt,TTWO,Comm,Equity,0.034157205797975126,0.040607229805118716,0.9346450579144739,1.140196758687171,0.15,2021-10-29
2021-10-29,2021-11-01,2021-11-30,Equity - Minimum Variance,Equity - Minimum Variance Sentiment Tilt,Equity,sentiment_tilt,Sentiment Tilt,UPS,Industrials,Equity,0.009768657240942596,0.009525868078768068,-0.4316559049756379,0.9352516142536543,0.15,2021-10-29
2021-10-29,2021-11-01,2021-11-30,Equity - Minimum Variance,Equity - Minimum Variance Sentiment Tilt,Equity,sentiment_tilt,Sentiment Tilt,USB,Financials,Equity,0.0,0.0,1.0253044519300236,1.1537956677895036,0.15,2021-10-29
2021-10-29,2021-11-01,2021-11-30,Equity - Minimum Variance,Equity - Minimum Variance Sentiment Tilt,Equity,sentiment_tilt,Sentiment Tilt,V,Financials,Equity,0.0,0.0,1.0253044519300236,1.1537956677895036,0.15,2021-10-29
2021-10-29,2021-11-01,2021-11-30,Equity - Minimum Variance,Equity - Minimum Variance Sentiment Tilt,Equity,sentiment_tilt,Sentiment Tilt,WFC,Financials,Equity,1.6373948517149604e-18,1.969806423424327e-18,1.0253044519300236,1.1537956677895036,0.15,2021-10-29
2021-10-29,2021-11-01,2021-11-30,Equity - Minimum Variance,Equity - Minimum Variance Sentiment Tilt,Equity,sentiment_tilt,Sentiment Tilt,WMT,Consumer,Equity,0.22075013691319273,0.222124624484035,-0.2329305938965811,0.9650604109155129,0.15,2021-10-29
2021-10-29,2021-11-01,2021-11-30,Equity - Minimum Variance,Equity - Minimum Variance Sentiment Tilt,Equity,sentiment_tilt,Sentiment Tilt,XOM,Energy,Equity,0.0,0.0,2.0,1.3,0.15,2021-10-29
2021-11-30,2021-12-01,2021-12-31,Equity - Minimum Variance,Equity - Minimum Variance Sentiment Tilt,Equity,sentiment_tilt,Sentiment Tilt,ABBV,Healthcare,Equity,0.12651826907202024,0.11664909690875046,-0.27716959345486575,0.9584245609817701,0.15,2021-11-30
2021-11-30,2021-12-01,2021-12-31,Equity - Minimum Variance,Equity - Minimum Variance Sentiment Tilt,Equity,sentiment_tilt,Sentiment Tilt,ABT,Healthcare,Equity,6.895993953811176e-18,6.358065699921706e-18,-0.27716959345486575,0.9584245609817701,0.15,2021-11-30
2021-11-30,2021-12-01,2021-12-31,Equity - Minimum Variance,Equity - Minimum Variance Sentiment Tilt,Equity,sentiment_tilt,Sentiment Tilt,ADBE,Tech,Equity,0.0,0.0,-0.8552797121985536,0.871708043170217,0.15,2021-11-30
2021-11-30,2021-12-01,2021-12-31,Equity - Minimum Variance,Equity - Minimum Variance Sentiment Tilt,Equity,sentiment_tilt,Sentiment Tilt,AEP,Utilities,Equity,2.2823460373147826e-18,2.3643825211977706e-18,0.5125124007392887,1.0768768601108933,0.15,2021-11-30
2021-11-30,2021-12-01,2021-12-31,Equity - Minimum Variance,Equity - Minimum Variance Sentiment Tilt,Equity,sentiment_tilt,Sentiment Tilt,AMD,Tech,Equity,0.0,0.0,-0.8552797121985536,0.871708043170217,0.15,2021-11-30
2021-11-30,2021-12-01,2021-12-31,Equity - Minimum Variance,Equity - Minimum Variance Sentiment Tilt,Equity,sentiment_tilt,Sentiment Tilt,AMGN,Healthcare,Equity,0.0,0.0,-0.27716959345486575,0.9584245609817701,0.15,2021-11-30
2021-11-30,2021-12-01,2021-12-31,Equity - Minimum Variance,Equity - Minimum Variance Sentiment Tilt,Equity,sentiment_tilt,Sentiment Tilt,AMT,RealEstate,Equity,1.0312940816111665e-17,8.86155710794556e-18,-0.711882136280445,0.8932176795579332,0.15,2021-11-30
2021-11-30,2021-12-01,2021-12-31,Equity - Minimum Variance,Equity - Minimum Variance Sentiment Tilt,Equity,sentiment_tilt,Sentiment Tilt,BA,Industrials,Equity,0.0,0.0,-0.020062511814608545,0.9969906232278087,0.15,2021-11-30
2021-11-30,2021-12-01,2021-12-31,Equity - Minimum Variance,Equity - Minimum Variance Sentiment Tilt,Equity,sentiment_tilt,Sentiment Tilt,CAT,Industrials,Equity,0.0,0.0,-0.020062511814608545,0.9969906232278087,0.15,2021-11-30
2021-11-30,2021-12-01,2021-12-31,Equity - Minimum Variance,Equity - Minimum Variance Sentiment Tilt,Equity,sentiment_tilt,Sentiment Tilt,CCI,RealEstate,Equity,9.091900015569879e-18,7.812358535194297e-18,-0.711882136280445,0.8932176795579332,0.15,2021-11-30
2021-11-30,2021-12-01,2021-12-31,Equity - Minimum Variance,Equity - Minimum Variance Sentiment Tilt,Equity,sentiment_tilt,Sentiment Tilt,CMCSA,Comm,Equity,0.0,0.0,0.005751979703510856,1.0008627969555266,0.15,2021-11-30
2021-11-30,2021-12-01,2021-12-31,Equity - Minimum Variance,Equity - Minimum Variance Sentiment Tilt,Equity,sentiment_tilt,Sentiment Tilt,COP,Energy,Equity,1.0448851501936213e-17,8.122838796716328e-18,-1.2792841363773624,0.8081073795433956,0.15,2021-11-30
2021-11-30,2021-12-01,2021-12-31,Equity - Minimum Variance,Equity - Minimum Variance Sentiment Tilt,Equity,sentiment_tilt,Sentiment Tilt,CVX,Energy,Equity,1.0329057356655613e-17,8.029711955864544e-18,-1.2792841363773624,0.8081073795433956,0.15,2021-11-30
2021-11-30,2021-12-01,2021-12-31,Equity - Minimum Variance,Equity - Minimum Variance Sentiment Tilt,Equity,sentiment_tilt,Sentiment Tilt,D,Utilities,Equity,1.320937897780826e-17,1.3684175957714157e-17,0.5125124007392887,1.0768768601108933,0.15,2021-11-30
2021-11-30,2021-12-01,2021-12-31,Equity - Minimum Variance,Equity - Minimum Variance Sentiment Tilt,Equity,sentiment_tilt,Sentiment Tilt,DD,Materials,Equity,0.0,0.0,0.5694478626992514,1.0854171794048877,0.15,2021-11-30
2021-11-30,2021-12-01,2021-12-31,Equity - Minimum Variance,Equity - Minimum Variance Sentiment Tilt,Equity,sentiment_tilt,Sentiment Tilt,DIS,Consumer,Equity,0.0,0.0,1.3638042038744924,1.2045706305811739,0.15,2021-11-30
2021-11-30,2021-12-01,2021-12-31,Equity - Minimum Variance,Equity - Minimum Variance Sentiment Tilt,Equity,sentiment_tilt,Sentiment Tilt,DOW,Materials,Equity,1.8709391631361272e-17,1.953559133232419e-17,0.5694478626992514,1.0854171794048877,0.15,2021-11-30
2021-11-30,2021-12-01,2021-12-31,Equity - Minimum Variance,Equity - Minimum Variance Sentiment Tilt,Equity,sentiment_tilt,Sentiment Tilt,DUK,Utilities,Equity,2.0855724150634786e-17,2.16053608184227e-17,0.5125124007392887,1.0768768601108933,0.15,2021-11-30
2021-11-30,2021-12-01,2021-12-31,Equity - Minimum Variance,Equity - Minimum Variance Sentiment Tilt,Equity,sentiment_tilt,Sentiment Tilt,EA,Comm,Equity,0.08663832664063098,0.08341704605928024,0.005751979703510856,1.0008627969555266,0.15,2021-11-30
2021-11-30,2021-12-01,2021-12-31,Equity - Minimum Variance,Equity - Minimum Variance Sentiment Tilt,Equity,sentiment_tilt,Sentiment Tilt,GE,Industrials,Equity,0.0,0.0,-0.020062511814608545,0.9969906232278087,0.15,2021-11-30
2021-11-30,2021-12-01,2021-12-31,Equity - Minimum Variance,Equity - Minimum Variance Sentiment Tilt,Equity,sentiment_tilt,Sentiment Tilt,GILD,Healthcare,Equity,0.11783425114368513,0.10864248366380438,-0.27716959345486575,0.9584245609817701,0.15,2021-11-30
2021-11-30,2021-12-01,2021-12-31,Equity - Minimum Variance,Equity - Minimum Variance Sentiment Tilt,Equity,sentiment_tilt,Sentiment Tilt,GS,Financials,Equity,0.0,0.0,0.5332276656479763,1.0799841498471965,0.15,2021-11-30
2021-11-30,2021-12-01,2021-12-31,Equity - Minimum Variance,Equity - Minimum Variance Sentiment Tilt,Equity,sentiment_tilt,Sentiment Tilt,INTC,Tech,Equity,0.0,0.0,-0.8552797121985536,0.871708043170217,0.15,2021-11-30
2021-11-30,2021-12-01,2021-12-31,Equity - Minimum Variance,Equity - Minimum Variance Sentiment Tilt,Equity,sentiment_tilt,Sentiment Tilt,KO,Consumer,Equity,0.030727444907327386,0.035606470273039446,1.3638042038744924,1.2045706305811739,0.15,2021-11-30
2021-11-30,2021-12-01,2021-12-31,Equity - Minimum Variance,Equity - Minimum Variance Sentiment Tilt,Equity,sentiment_tilt,Sentiment Tilt,MMM,Industrials,Equity,0.08866833263114428,0.0850412862460117,-0.020062511814608545,0.9969906232278087,0.15,2021-11-30
2021-11-30,2021-12-01,2021-12-31,Equity - Minimum Variance,Equity - Minimum Variance Sentiment Tilt,Equity,sentiment_tilt,Sentiment Tilt,MRK,Healthcare,Equity,0.0574457003076752,0.05296459642809781,-0.27716959345486575,0.9584245609817701,0.15,2021-11-30
2021-11-30,2021-12-01,2021-12-31,Equity - Minimum Variance,Equity - Minimum Variance Sentiment Tilt,Equity,sentiment_tilt,Sentiment Tilt,MS,Financials,Equity,1.4087859880179724e-17,1.4636344053330405e-17,0.5332276656479763,1.0799841498471965,0.15,2021-11-30
2021-11-30,2021-12-01,2021-12-31,Equity - Minimum Variance,Equity - Minimum Variance Sentiment Tilt,Equity,sentiment_tilt,Sentiment Tilt,NEE,Utilities,Equity,1.4041797355598524e-17,1.4546514722560993e-17,0.5125124007392887,1.0768768601108933,0.15,2021-11-30
2021-11-30,2021-12-01,2021-12-31,Equity - Minimum Variance,Equity - Minimum Variance Sentiment Tilt,Equity,sentiment_tilt,Sentiment Tilt,NEM,Materials,Equity,0.10997054808899143,0.11482680615104164,0.5694478626992514,1.0854171794048877,0.15,2021-11-30
2021-11-30,2021-12-01,2021-12-31,Equity - Minimum Variance,Equity - Minimum Variance Sentiment Tilt,Equity,sentiment_tilt,Sentiment Tilt,NKE,Consumer,Equity,0.01122465359739772,0.013006948538880963,1.3638042038744924,1.2045706305811739,0.15,2021-11-30
2021-11-30,2021-12-01,2021-12-31,Equity - Minimum Variance,Equity - Minimum Variance Sentiment Tilt,Equity,sentiment_tilt,Sentiment Tilt,NUE,Materials,Equity,6.290602143710622e-18,6.568392769531856e-18,0.5694478626992514,1.0854171794048877,0.15,2021-11-30
2021-11-30,2021-12-01,2021-12-31,Equity - Minimum Variance,Equity - Minimum Variance Sentiment Tilt,Equity,sentiment_tilt,Sentiment Tilt,NVDA,Tech,Equity,0.0,0.0,-0.8552797121985536,0.871708043170217,0.15,2021-11-30
2021-11-30,2021-12-01,2021-12-31,Equity - Minimum Variance,Equity - Minimum Variance Sentiment Tilt,Equity,sentiment_tilt,Sentiment Tilt,O,RealEstate,Equity,0.0,0.0,-0.711882136280445,0.8932176795579332,0.15,2021-11-30
2021-11-30,2021-12-01,2021-12-31,Equity - Minimum Variance,Equity - Minimum Variance Sentiment Tilt,Equity,sentiment_tilt,Sentiment Tilt,OXY,Energy,Equity,8.060417002310487e-18,6.266092300378377e-18,-1.2792841363773624,0.8081073795433956,0.15,2021-11-30
2021-11-30,2021-12-01,2021-12-31,Equity - Minimum Variance,Equity - Minimum Variance Sentiment Tilt,Equity,sentiment_tilt,Sentiment Tilt,PLD,RealEstate,Equity,3.3072771128909396e-18,2.841830039584612e-18,-0.711882136280445,0.8932176795579332,0.15,2021-11-30
2021-11-30,2021-12-01,2021-12-31,Equity - Minimum Variance,Equity - Minimum Variance Sentiment Tilt,Equity,sentiment_tilt,Sentiment Tilt,PSA,RealEstate,Equity,0.10400781529401243,0.08937035626740332,-0.711882136280445,0.8932176795579332,0.15,2021-11-30
2021-11-30,2021-12-01,2021-12-31,Equity - Minimum Variance,Equity - Minimum Variance Sentiment Tilt,Equity,sentiment_tilt,Sentiment Tilt,QCOM,Tech,Equity,1.1730023603847686e-17,9.83648975359723e-18,-0.8552797121985536,0.871708043170217,0.15,2021-11-30
2021-11-30,2021-12-01,2021-12-31,Equity - Minimum Variance,Equity - Minimum Variance Sentiment Tilt,Equity,sentiment_tilt,Sentiment Tilt,SBUX,Consumer,Equity,0.0,0.0,1.3638042038744924,1.2045706305811739,0.15,2021-11-30
2021-11-30,2021-12-01,2021-12-31,Equity - Minimum Variance,Equity - Minimum Variance Sentiment Tilt,Equity,sentiment_tilt,Sentiment Tilt,SHW,Materials,Equity,2.0452750020574637e-18,2.1355935772619243e-18,0.5694478626992514,1.0854171794048877,0.15,2021-11-30
2021-11-30,2021-12-01,2021-12-31,Equity - Minimum Variance,Equity - Minimum Variance Sentiment Tilt,Equity,sentiment_tilt,Sentiment Tilt,SLB,Energy,Equity,0.0,0.0,-1.2792841363773624,0.8081073795433956,0.15,2021-11-30
2021-11-30,2021-12-01,2021-12-31,Equity - Minimum Variance,Equity - Minimum Variance Sentiment Tilt,Equity,sentiment_tilt,Sentiment Tilt,SO,Utilities,Equity,2.1393654255585527e-17,2.2162626244864338e-17,0.5125124007392887,1.0768768601108933,0.15,2021-11-30
2021-11-30,2021-12-01,2021-12-31,Equity - Minimum Variance,Equity - Minimum Variance Sentiment Tilt,Equity,sentiment_tilt,Sentiment Tilt,T,Comm,Equity,3.487337608616757e-19,3.357675675441988e-19,0.005751979703510856,1.0008627969555266,0.15,2021-11-30
2021-11-30,2021-12-01,2021-12-31,Equity - Minimum Variance,Equity - Minimum Variance Sentiment Tilt,Equity,sentiment_tilt,Sentiment Tilt,TMUS,Comm,Equity,1.429426876306245e-17,1.376279669779443e-17,0.005751979703510856,1.0008627969555266,0.15,2021-11-30
2021-11-30,2021-12-01,2021-12-31,Equity - Minimum Variance,Equity - Minimum Variance Sentiment Tilt,Equity,sentiment_tilt,Sentiment Tilt,TTWO,Comm,Equity,0.03517974815791926,0.03387173767350659,0.005751979703510856,1.0008627969555266,0.15,2021-11-30
2021-11-30,2021-12-01,2021-12-31,Equity - Minimum Variance,Equity - Minimum Variance Sentiment Tilt,Equity,sentiment_tilt,Sentiment Tilt,UPS,Industrials,Equity,0.009942745433352418,0.009536029779497126,-0.020062511814608545,0.9969906232278087,0.15,2021-11-30
2021-11-30,2021-12-01,2021-12-31,Equity - Minimum Variance,Equity - Minimum Variance Sentiment Tilt,Equity,sentiment_tilt,Sentiment Tilt,USB,Financials,Equity,0.0,0.0,0.5332276656479763,1.0799841498471965,0.15,2021-11-30
2021-11-30,2021-12-01,2021-12-31,Equity - Minimum Variance,Equity - Minimum Variance Sentiment Tilt,Equity,sentiment_tilt,Sentiment Tilt,V,Financials,Equity,0.0,0.0,0.5332276656479763,1.0799841498471965,0.15,2021-11-30
2021-11-30,2021-12-01,2021-12-31,Equity - Minimum Variance,Equity - Minimum Variance Sentiment Tilt,Equity,sentiment_tilt,Sentiment Tilt,WFC,Financials,Equity,1.790978183071125e-17,1.860706530472898e-17,0.5332276656479763,1.0799841498471965,0.15,2021-11-30
2021-11-30,2021-12-01,2021-12-31,Equity - Minimum Variance,Equity - Minimum Variance Sentiment Tilt,Equity,sentiment_tilt,Sentiment Tilt,WMT,Consumer,Equity,0.22184216472584328,0.25706714201068603,1.3638042038744924,1.2045706305811739,0.15,2021-11-30
2021-11-30,2021-12-01,2021-12-31,Equity - Minimum Variance,Equity - Minimum Variance Sentiment Tilt,Equity,sentiment_tilt,Sentiment Tilt,XOM,Energy,Equity,0.0,0.0,-1.2792841363773624,0.8081073795433956,0.15,2021-11-30
2021-12-31,2022-01-03,2022-01-31,Equity - Minimum Variance,Equity - Minimum Variance Sentiment Tilt,Equity,sentiment_tilt,Sentiment Tilt,ABBV,Healthcare,Equity,0.1202569426016225,0.12420431072391964,0.13734856260306363,1.0206022843904596,0.15,2021-12-31
2021-12-31,2022-01-03,2022-01-31,Equity - Minimum Variance,Equity - Minimum Variance Sentiment Tilt,Equity,sentiment_tilt,Sentiment Tilt,ABT,Healthcare,Equity,7.549534814846895e-19,7.797344150604089e-19,0.13734856260306363,1.0206022843904596,0.15,2021-12-31
2021-12-31,2022-01-03,2022-01-31,Equity - Minimum Variance,Equity - Minimum Variance Sentiment Tilt,Equity,sentiment_tilt,Sentiment Tilt,ADBE,Tech,Equity,0.0,0.0,0.9082282863664621,1.1362342429549692,0.15,2021-12-31
2021-12-31,2022-01-03,2022-01-31,Equity - Minimum Variance,Equity - Minimum Variance Sentiment Tilt,Equity,sentiment_tilt,Sentiment Tilt,AEP,Utilities,Equity,0.0,0.0,-0.31635634246097244,0.9525465486308541,0.15,2021-12-31
2021-12-31,2022-01-03,2022-01-31,Equity - Minimum Variance,Equity - Minimum Variance Sentiment Tilt,Equity,sentiment_tilt,Sentiment Tilt,AMD,Tech,Equity,1.2547405172478563e-17,1.4427522840180005e-17,0.9082282863664621,1.1362342429549692,0.15,2021-12-31
2021-12-31,2022-01-03,2022-01-31,Equity - Minimum Variance,Equity - Minimum Variance Sentiment Tilt,Equity,sentiment_tilt,Sentiment Tilt,AMGN,Healthcare,Equity,8.913265931343859e-18,9.205838992339585e-18,0.13734856260306363,1.0206022843904596,0.15,2021-12-31
2021-12-31,2022-01-03,2022-01-31,Equity - Minimum Variance,Equity - Minimum Variance Sentiment Tilt,Equity,sentiment_tilt,Sentiment Tilt,AMT,RealEstate,Equity,0.0,0.0,-0.46148532403311326,0.9307772013950331,0.15,2021-12-31
2021-12-31,2022-01-03,2022-01-31,Equity - Minimum Variance,Equity - Minimum Variance Sentiment Tilt,Equity,sentiment_tilt,Sentiment Tilt,BA,Industrials,Equity,0.0,0.0,0.5944435034516174,1.0891665255177425,0.15,2021-12-31
2021-12-31,2022-01-03,2022-01-31,Equity - Minimum Variance,Equity - Minimum Variance Sentiment Tilt,Equity,sentiment_tilt,Sentiment Tilt,CAT,Industrials,Equity,0.0,0.0,0.5944435034516174,1.0891665255177425,0.15,2021-12-31
2021-12-31,2022-01-03,2022-01-31,Equity - Minimum Variance,Equity - Minimum Variance Sentiment Tilt,Equity,sentiment_tilt,Sentiment Tilt,CCI,RealEstate,Equity,1.151643891691055e-18,1.0847606440749486e-18,-0.46148532403311326,0.9307772013950331,0.15,2021-12-31
2021-12-31,2022-01-03,2022-01-31,Equity - Minimum Variance,Equity - Minimum Variance Sentiment Tilt,Equity,sentiment_tilt,Sentiment Tilt,CMCSA,Comm,Equity,0.0,0.0,-0.41124268609059955,0.93831359708641,0.15,2021-12-31
2021-12-31,2022-01-03,2022-01-31,Equity - Minimum Variance,Equity - Minimum Variance Sentiment Tilt,Equity,sentiment_tilt,Sentiment Tilt,COP,Energy,Equity,6.2376895346279685e-18,8.056746855784196e-18,1.842258993805176,1.2763388490707763,0.15,2021-12-31
2021-12-31,2022-01-03,2022-01-31,Equity - Minimum Variance,Equity - Minimum Variance Sentiment Tilt,Equity,sentiment_tilt,Sentiment Tilt,CVX,Energy,Equity,7.963507110919508e-18,1.0285853523285763e-17,1.842258993805176,1.2763388490707763,0.15,2021-12-31
2021-12-31,2022-01-03,2022-01-31,Equity - Minimum Variance,Equity - Minimum Variance Sentiment Tilt,Equity,sentiment_tilt,Sentiment Tilt,D,Utilities,Equity,0.0,0.0,-0.31635634246097244,0.9525465486308541,0.15,2021-12-31
2021-12-31,2022-01-03,2022-01-31,Equity - Minimum Variance,Equity - Minimum Variance Sentiment Tilt,Equity,sentiment_tilt,Sentiment Tilt,DD,Materials,Equity,3.774081970528177e-18,3.7817828078433096e-18,-0.06544949311280587,0.9901825760330791,0.15,2021-12-30
2021-12-31,2022-01-03,2022-01-31,Equity - Minimum Variance,Equity - Minimum Variance Sentiment Tilt,Equity,sentiment_tilt,Sentiment Tilt,DIS,Consumer,Equity,0.0020156806610753903,0.0019508340006608763,-0.2908274996969096,0.9563758750454636,0.15,2021-12-31
2021-12-31,2022-01-03,2022-01-31,Equity - Minimum Variance,Equity - Minimum Variance Sentiment Tilt,Equity,sentiment_tilt,Sentiment Tilt,DOW,Materials,Equity,1.417975290908884e-17,1.4208686030090022e-17,-0.06544949311280587,0.9901825760330791,0.15,2021-12-30
2021-12-31,2022-01-03,2022-01-31,Equity - Minimum Variance,Equity - Minimum Variance Sentiment Tilt,Equity,sentiment_tilt,Sentiment Tilt,DUK,Utilities,Equity,0.0,0.0,-0.31635634246097244,0.9525465486308541,0.15,2021-12-31
2021-12-31,2022-01-03,2022-01-31,Equity - Minimum Variance,Equity - Minimum Variance Sentiment Tilt,Equity,sentiment_tilt,Sentiment Tilt,EA,Comm,Equity,0.083385573935593,0.07917879841883727,-0.41124268609059955,0.93831359708641,0.15,2021-12-31
2021-12-31,2022-01-03,2022-01-31,Equity - Minimum Variance,Equity - Minimum Variance Sentiment Tilt,Equity,sentiment_tilt,Sentiment Tilt,GE,Industrials,Equity,0.0,0.0,0.5944435034516174,1.0891665255177425,0.15,2021-12-31
2021-12-31,2022-01-03,2022-01-31,Equity - Minimum Variance,Equity - Minimum Variance Sentiment Tilt,Equity,sentiment_tilt,Sentiment Tilt,GILD,Healthcare,Equity,0.12368823382603027,0.12774823219905992,0.13734856260306363,1.0206022843904596,0.15,2021-12-31
2021-12-31,2022-01-03,2022-01-31,Equity - Minimum Variance,Equity - Minimum Variance Sentiment Tilt,Equity,sentiment_tilt,Sentiment Tilt,GS,Financials,Equity,0.0,0.0,-0.2948860028922041,0.9557670995661693,0.15,2021-12-31
2021-12-31,2022-01-03,2022-01-31,Equity - Minimum Variance,Equity - Minimum Variance Sentiment Tilt,Equity,sentiment_tilt,Sentiment Tilt,INTC,Tech,Equity,1.9415933006180345e-19,2.2325238809096115e-19,0.9082282863664621,1.1362342429549692,0.15,2021-12-31
2021-12-31,2022-01-03,2022-01-31,Equity - Minimum Variance,Equity - Minimum Variance Sentiment Tilt,Equity,sentiment_tilt,Sentiment Tilt,KO,Consumer,Equity,0.022578412750280656,0.02185204041730652,-0.2908274996969096,0.9563758750454636,0.15,2021-12-31
2021-12-31,2022-01-03,2022-01-31,Equity - Minimum Variance,Equity - Minimum Variance Sentiment Tilt,Equity,sentiment_tilt,Sentiment Tilt,MMM,Industrials,Equity,0.08869376131010086,0.0977591310925056,0.5944435034516174,1.0891665255177425,0.15,2021-12-31
2021-12-31,2022-01-03,2022-01-31,Equity - Minimum Variance,Equity - Minimum Variance Sentiment Tilt,Equity,sentiment_tilt,Sentiment Tilt,MRK,Healthcare,Equity,0.06331686260817351,0.06539520386362464,0.13734856260306363,1.0206022843904596,0.15,2021-12-31
2021-12-31,2022-01-03,2022-01-31,Equity - Minimum Variance,Equity - Minimum Variance Sentiment Tilt,Equity,sentiment_tilt,Sentiment Tilt,MS,Financials,Equity,1.2108216441930781e-17,1.171122236369542e-17,-0.2948860028922041,0.9557670995661693,0.15,2021-12-31
2021-12-31,2022-01-03,2022-01-31,Equity - Minimum Variance,Equity - Minimum Variance Sentiment Tilt,Equity,sentiment_tilt,Sentiment Tilt,NEE,Utilities,Equity,0.0,0.0,-0.31635634246097244,0.9525465486308541,0.15,2021-12-31
2021-12-31,2022-01-03,2022-01-31,Equity - Minimum Variance,Equity - Minimum Variance Sentiment Tilt,Equity,sentiment_tilt,Sentiment Tilt,NEM,Materials,Equity,0.10674124143930196,0.10695904193795525,-0.06544949311280587,0.9901825760330791,0.15,2021-12-30
2021-12-31,2022-01-03,2022-01-31,Equity - Minimum Variance,Equity - Minimum Variance Sentiment Tilt,Equity,sentiment_tilt,Sentiment Tilt,NKE,Consumer,Equity,0.01854472988195809,0.017948125556502763,-0.2908274996969096,0.9563758750454636,0.15,2021-12-31
2021-12-31,2022-01-03,2022-01-31,Equity - Minimum Variance,Equity - Minimum Variance Sentiment Tilt,Equity,sentiment_tilt,Sentiment Tilt,NUE,Materials,Equity,0.0,0.0,-0.06544949311280587,0.9901825760330791,0.15,2021-12-30
2021-12-31,2022-01-03,2022-01-31,Equity - Minimum Variance,Equity - Minimum Variance Sentiment Tilt,Equity,sentiment_tilt,Sentiment Tilt,NVDA,Tech,Equity,0.0,0.0,0.9082282863664621,1.1362342429549692,0.15,2021-12-31
2021-12-31,2022-01-03,2022-01-31,Equity - Minimum Variance,Equity - Minimum Variance Sentiment Tilt,Equity,sentiment_tilt,Sentiment Tilt,O,RealEstate,Equity,7.766244329875759e-19,7.315209382085138e-19,-0.46148532403311326,0.9307772013950331,0.15,2021-12-31
2021-12-31,2022-01-03,2022-01-31,Equity - Minimum Variance,Equity - Minimum Variance Sentiment Tilt,Equity,sentiment_tilt,Sentiment Tilt,OXY,Energy,Equity,4.1316951722363835e-19,5.336594888729038e-19,1.842258993805176,1.2763388490707763,0.15,2021-12-31
2021-12-31,2022-01-03,2022-01-31,Equity - Minimum Variance,Equity - Minimum Variance Sentiment Tilt,Equity,sentiment_tilt,Sentiment Tilt,PLD,RealEstate,Equity,0.0,0.0,-0.46148532403311326,0.9307772013950331,0.15,2021-12-31
2021-12-31,2022-01-03,2022-01-31,Equity - Minimum Variance,Equity - Minimum Variance Sentiment Tilt,Equity,sentiment_tilt,Sentiment Tilt,PSA,RealEstate,Equity,0.10339079128127956,0.09738623384439953,-0.46148532403311326,0.9307772013950331,0.15,2021-12-31
2021-12-31,2022-01-03,2022-01-31,Equity - Minimum Variance,Equity - Minimum Variance Sentiment Tilt,Equity,sentiment_tilt,Sentiment Tilt,QCOM,Tech,Equity,0.0,0.0,0.9082282863664621,1.1362342429549692,0.15,2021-12-31
2021-12-31,2022-01-03,2022-01-31,Equity - Minimum Variance,Equity - Minimum Variance Sentiment Tilt,Equity,sentiment_tilt,Sentiment Tilt,SBUX,Consumer,Equity,0.0,0.0,-0.2908274996969096,0.9563758750454636,0.15,2021-12-31
2021-12-31,2022-01-03,2022-01-31,Equity - Minimum Variance,Equity - Minimum Variance Sentiment Tilt,Equity,sentiment_tilt,Sentiment Tilt,SHW,Materials,Equity,0.0,0.0,-0.06544949311280587,0.9901825760330791,0.15,2021-12-30
2021-12-31,2022-01-03,2022-01-31,Equity - Minimum Variance,Equity - Minimum Variance Sentiment Tilt,Equity,sentiment_tilt,Sentiment Tilt,SLB,Energy,Equity,5.461744811472069e-18,7.05451835854279e-18,1.842258993805176,1.2763388490707763,0.15,2021-12-31
2021-12-31,2022-01-03,2022-01-31,Equity - Minimum Variance,Equity - Minimum Variance Sentiment Tilt,Equity,sentiment_tilt,Sentiment Tilt,SO,Utilities,Equity,0.0,0.0,-0.31635634246097244,0.9525465486308541,0.15,2021-12-31
2021-12-31,2022-01-03,2022-01-31,Equity - Minimum Variance,Equity - Minimum Variance Sentiment Tilt,Equity,sentiment_tilt,Sentiment Tilt,T,Comm,Equity,7.735175995693807e-18,7.344938842422963e-18,-0.41124268609059955,0.93831359708641,0.15,2021-12-31
2021-12-31,2022-01-03,2022-01-31,Equity - Minimum Variance,Equity - Minimum Variance Sentiment Tilt,Equity,sentiment_tilt,Sentiment Tilt,TMUS,Comm,Equity,0.0,0.0,-0.41124268609059955,0.93831359708641,0.15,2021-12-31
2021-12-31,2022-01-03,2022-01-31,Equity - Minimum Variance,Equity - Minimum Variance Sentiment Tilt,Equity,sentiment_tilt,Sentiment Tilt,TTWO,Comm,Equity,0.03823007070648078,0.03630137587521315,-0.41124268609059955,0.93831359708641,0.15,2021-12-31
2021-12-31,2022-01-03,2022-01-31,Equity - Minimum Variance,Equity - Minimum Variance Sentiment Tilt,Equity,sentiment_tilt,Sentiment Tilt,UPS,Industrials,Equity,0.011394685974225086,0.012559334314592262,0.5944435034516174,1.0891665255177425,0.15,2021-12-31
2021-12-31,2022-01-03,2022-01-31,Equity - Minimum Variance,Equity - Minimum Variance Sentiment Tilt,Equity,sentiment_tilt,Sentiment Tilt,USB,Financials,Equity,0.0,0.0,-0.2948860028922041,0.9557670995661693,0.15,2021-12-31
2021-12-31,2022-01-03,2022-01-31,Equity - Minimum Variance,Equity - Minimum Variance Sentiment Tilt,Equity,sentiment_tilt,Sentiment Tilt,V,Financials,Equity,6.782566425142585e-18,6.560185307417023e-18,-0.2948860028922041,0.9557670995661693,0.15,2021-12-31
2021-12-31,2022-01-03,2022-01-31,Equity - Minimum Variance,Equity - Minimum Variance Sentiment Tilt,Equity,sentiment_tilt,Sentiment Tilt,WFC,Financials,Equity,2.3034142113873233e-18,2.2278917918774416e-18,-0.2948860028922041,0.9557670995661693,0.15,2021-12-31
2021-12-31,2022-01-03,2022-01-31,Equity - Minimum Variance,Equity - Minimum Variance Sentiment Tilt,Equity,sentiment_tilt,Sentiment Tilt,WMT,Consumer,Equity,0.21776301302387846,0.2107573377554225,-0.2908274996969096,0.9563758750454636,0.15,2021-12-31
2021-12-31,2022-01-03,2022-01-31,Equity - Minimum Variance,Equity - Minimum Variance Sentiment Tilt,Equity,sentiment_tilt,Sentiment Tilt,XOM,Energy,Equity,0.0,0.0,1.842258993805176,1.2763388490707763,0.15,2021-12-31
2022-01-31,2022-02-01,2022-02-28,Equity - Minimum Variance,Equity - Minimum Variance Sentiment Tilt,Equity,sentiment_tilt,Sentiment Tilt,ABBV,Healthcare,Equity,0.1225324492688134,0.12351603740625892,0.342576462852087,1.051386469427813,0.15,2022-01-31
2022-01-31,2022-02-01,2022-02-28,Equity - Minimum Variance,Equity - Minimum Variance Sentiment Tilt,Equity,sentiment_tilt,Sentiment Tilt,ABT,Healthcare,Equity,3.982421003687159e-17,4.014388552535769e-17,0.342576462852087,1.051386469427813,0.15,2022-01-31
2022-01-31,2022-02-01,2022-02-28,Equity - Minimum Variance,Equity - Minimum Variance Sentiment Tilt,Equity,sentiment_tilt,Sentiment Tilt,ADBE,Tech,Equity,0.0,0.0,-0.2169700254556313,0.9674544961816554,0.15,2022-01-31
2022-01-31,2022-02-01,2022-02-28,Equity - Minimum Variance,Equity - Minimum Variance Sentiment Tilt,Equity,sentiment_tilt,Sentiment Tilt,AEP,Utilities,Equity,2.561258644048472e-17,2.4122362267620708e-17,-0.11781298745993266,0.9823280518810101,0.15,2022-01-31
2022-01-31,2022-02-01,2022-02-28,Equity - Minimum Variance,Equity - Minimum Variance Sentiment Tilt,Equity,sentiment_tilt,Sentiment Tilt,AMD,Tech,Equity,5.879755499615454e-18,5.45380576159601e-18,-0.2169700254556313,0.9674544961816554,0.15,2022-01-31
2022-01-31,2022-02-01,2022-02-28,Equity - Minimum Variance,Equity - Minimum Variance Sentiment Tilt,Equity,sentiment_tilt,Sentiment Tilt,AMGN,Healthcare,Equity,3.380678827751488e-17,3.4078160931153326e-17,0.342576462852087,1.051386469427813,0.15,2022-01-31
2022-01-31,2022-02-01,2022-02-28,Equity - Minimum Variance,Equity - Minimum Variance Sentiment Tilt,Equity,sentiment_tilt,Sentiment Tilt,AMT,RealEstate,Equity,0.0,0.0,1.7772279213006548,1.266584188195098,0.15,2022-01-31
2022-01-31,2022-02-01,2022-02-28,Equity - Minimum Variance,Equity - Minimum Variance Sentiment Tilt,Equity,sentiment_tilt,Sentiment Tilt,BA,Industrials,Equity,6.474846056396022e-18,6.584873913518049e-18,0.40492060042767214,1.0607380900641508,0.15,2022-01-31
2022-01-31,2022-02-01,2022-02-28,Equity - Minimum Variance,Equity - Minimum Variance Sentiment Tilt,Equity,sentiment_tilt,Sentiment Tilt,CAT,Industrials,Equity,0.0,0.0,0.40492060042767214,1.0607380900641508,0.15,2022-01-31
2022-01-31,2022-02-01,2022-02-28,Equity - Minimum Variance,Equity - Minimum Variance Sentiment Tilt,Equity,sentiment_tilt,Sentiment Tilt,CCI,RealEstate,Equity,7.941632602850435e-18,9.643922372988725e-18,1.7772279213006548,1.266584188195098,0.15,2022-01-31
2022-01-31,2022-02-01,2022-02-28,Equity - Minimum Variance,Equity - Minimum Variance Sentiment Tilt,Equity,sentiment_tilt,Sentiment Tilt,CMCSA,Comm,Equity,3.8316320775089597e-17,3.7398007027462786e-17,0.12010983263154419,1.0180164748947316,0.15,2022-01-31
2022-01-31,2022-02-01,2022-02-28,Equity - Minimum Variance,Equity - Minimum Variance Sentiment Tilt,Equity,sentiment_tilt,Sentiment Tilt,COP,Energy,Equity,0.0,0.0,0.40756288437445487,1.0611344326561682,0.15,2022-01-31
2022-01-31,2022-02-01,2022-02-28,Equity - Minimum Variance,Equity - Minimum Variance Sentiment Tilt,Equity,sentiment_tilt,Sentiment Tilt,CVX,Energy,Equity,0.0,0.0,0.40756288437445487,1.0611344326561682,0.15,2022-01-31
2022-01-31,2022-02-01,2022-02-28,Equity - Minimum Variance,Equity - Minimum Variance Sentiment Tilt,Equity,sentiment_tilt,Sentiment Tilt,D,Utilities,Equity,2.495312667291275e-19,2.3501272029379584e-19,-0.11781298745993266,0.9823280518810101,0.15,2022-01-31
2022-01-31,2022-02-01,2022-02-28,Equity - Minimum Variance,Equity - Minimum Variance Sentiment Tilt,Equity,sentiment_tilt,Sentiment Tilt,DD,Materials,Equity,1.474627509947841e-17,1.1894992486387342e-17,-1.0577275064430047,0.8413408740335493,0.15,2022-01-31
2022-01-31,2022-02-01,2022-02-28,Equity - Minimum Variance,Equity - Minimum Variance Sentiment Tilt,Equity,sentiment_tilt,Sentiment Tilt,DIS,Consumer,Equity,0.0,0.0,0.20093468333447387,1.0301402025001711,0.15,2022-01-31
2022-01-31,2022-02-01,2022-02-28,Equity - Minimum Variance,Equity - Minimum Variance Sentiment Tilt,Equity,sentiment_tilt,Sentiment Tilt,DOW,Materials,Equity,1.5383048102214495e-17,1.2408641528737567e-17,-1.0577275064430047,0.8413408740335493,0.15,2022-01-31
2022-01-31,2022-02-01,2022-02-28,Equity - Minimum Variance,Equity - Minimum Variance Sentiment Tilt,Equity,sentiment_tilt,Sentiment Tilt,DUK,Utilities,Equity,0.0,0.0,-0.11781298745993266,0.9823280518810101,0.15,2022-01-31
2022-01-31,2022-02-01,2022-02-28,Equity - Minimum Variance,Equity - Minimum Variance Sentiment Tilt,Equity,sentiment_tilt,Sentiment Tilt,EA,Comm,Equity,0.08745481863715956,0.08535881984014236,0.12010983263154419,1.0180164748947316,0.15,2022-01-31
2022-01-31,2022-02-01,2022-02-28,Equity - Minimum Variance,Equity - Minimum Variance Sentiment Tilt,Equity,sentiment_tilt,Sentiment Tilt,GE,Industrials,Equity,0.0,0.0,0.40492060042767214,1.0607380900641508,0.15,2022-01-31
2022-01-31,2022-02-01,2022-02-28,Equity - Minimum Variance,Equity - Minimum Variance Sentiment Tilt,Equity,sentiment_tilt,Sentiment Tilt,GILD,Healthcare,Equity,0.1231197442771985,0.12410804672833706,0.342576462852087,1.051386469427813,0.15,2022-01-31
2022-01-31,2022-02-01,2022-02-28,Equity - Minimum Variance,Equity - Minimum Variance Sentiment Tilt,Equity,sentiment_tilt,Sentiment Tilt,GS,Financials,Equity,0.0,0.0,-0.4968045650551983,0.9254793152417202,0.15,2022-01-31
2022-01-31,2022-02-01,2022-02-28,Equity - Minimum Variance,Equity - Minimum Variance Sentiment Tilt,Equity,sentiment_tilt,Sentiment Tilt,INTC,Tech,Equity,0.0,0.0,-0.2169700254556313,0.9674544961816554,0.15,2022-01-31
2022-01-31,2022-02-01,2022-02-28,Equity - Minimum Variance,Equity - Minimum Variance Sentiment Tilt,Equity,sentiment_tilt,Sentiment Tilt,KO,Consumer,Equity,0.027588190572982847,0.027247672192655177,0.20093468333447387,1.0301402025001711,0.15,2022-01-31
2022-01-31,2022-02-01,2022-02-28,Equity - Minimum Variance,Equity - Minimum Variance Sentiment Tilt,Equity,sentiment_tilt,Sentiment Tilt,MMM,Industrials,Equity,0.08748366805504343,0.08897028880948787,0.40492060042767214,1.0607380900641508,0.15,2022-01-31
2022-01-31,2022-02-01,2022-02-28,Equity - Minimum Variance,Equity - Minimum Variance Sentiment Tilt,Equity,sentiment_tilt,Sentiment Tilt,MRK,Healthcare,Equity,0.06733720904335798,0.06787773590313237,0.342576462852087,1.051386469427813,0.15,2022-01-31
2022-01-31,2022-02-01,2022-02-28,Equity - Minimum Variance,Equity - Minimum Variance Sentiment Tilt,Equity,sentiment_tilt,Sentiment Tilt,MS,Financials,Equity,0.0,0.0,-0.4968045650551983,0.9254793152417202,0.15,2022-01-31
2022-01-31,2022-02-01,2022-02-28,Equity - Minimum Variance,Equity - Minimum Variance Sentiment Tilt,Equity,sentiment_tilt,Sentiment Tilt,NEE,Utilities,Equity,2.0311069607230003e-18,1.9129305048787197e-18,-0.11781298745993266,0.9823280518810101,0.15,2022-01-31
2022-01-31,2022-02-01,2022-02-28,Equity - Minimum Variance,Equity - Minimum Variance Sentiment Tilt,Equity,sentiment_tilt,Sentiment Tilt,NEM,Materials,Equity,0.10435074997813944,0.08417389330969127,-1.0577275064430047,0.8413408740335493,0.15,2022-01-31
2022-01-31,2022-02-01,2022-02-28,Equity - Minimum Variance,Equity - Minimum Variance Sentiment Tilt,Equity,sentiment_tilt,Sentiment Tilt,NKE,Consumer,Equity,0.01850228269939939,0.018273910805255162,0.20093468333447387,1.0301402025001711,0.15,2022-01-31
2022-01-31,2022-02-01,2022-02-28,Equity - Minimum Variance,Equity - Minimum Variance Sentiment Tilt,Equity,sentiment_tilt,Sentiment Tilt,NUE,Materials,Equity,0.0,0.0,-1.0577275064430047,0.8413408740335493,0.15,2022-01-31
2022-01-31,2022-02-01,2022-02-28,Equity - Minimum Variance,Equity - Minimum Variance Sentiment Tilt,Equity,sentiment_tilt,Sentiment Tilt,NVDA,Tech,Equity,0.0,0.0,-0.2169700254556313,0.9674544961816554,0.15,2022-01-31
2022-01-31,2022-02-01,2022-02-28,Equity - Minimum Variance,Equity - Minimum Variance Sentiment Tilt,Equity,sentiment_tilt,Sentiment Tilt,O,RealEstate,Equity,0.0,0.0,1.7772279213006548,1.266584188195098,0.15,2022-01-31
2022-01-31,2022-02-01,2022-02-28,Equity - Minimum Variance,Equity - Minimum Variance Sentiment Tilt,Equity,sentiment_tilt,Sentiment Tilt,OXY,Energy,Equity,3.863615905645657e-18,3.930738970862186e-18,0.40756288437445487,1.0611344326561682,0.15,2022-01-31
2022-01-31,2022-02-01,2022-02-28,Equity - Minimum Variance,Equity - Minimum Variance Sentiment Tilt,Equity,sentiment_tilt,Sentiment Tilt,PLD,RealEstate,Equity,1.6902093993444863e-17,2.0525059589792144e-17,1.7772279213006548,1.266584188195098,0.15,2022-01-31
2022-01-31,2022-02-01,2022-02-28,Equity - Minimum Variance,Equity - Minimum Variance Sentiment Tilt,Equity,sentiment_tilt,Sentiment Tilt,PSA,RealEstate,Equity,0.10282340462760654,0.12486361204862732,1.7772279213006548,1.266584188195098,0.15,2022-01-31
2022-01-31,2022-02-01,2022-02-28,Equity - Minimum Variance,Equity - Minimum Variance Sentiment Tilt,Equity,sentiment_tilt,Sentiment Tilt,QCOM,Tech,Equity,0.0,0.0,-0.2169700254556313,0.9674544961816554,0.15,2022-01-31
2022-01-31,2022-02-01,2022-02-28,Equity - Minimum Variance,Equity - Minimum Variance Sentiment Tilt,Equity,sentiment_tilt,Sentiment Tilt,SBUX,Consumer,Equity,0.0,0.0,0.20093468333447387,1.0301402025001711,0.15,2022-01-31
2022-01-31,2022-02-01,2022-02-28,Equity - Minimum Variance,Equity - Minimum Variance Sentiment Tilt,Equity,sentiment_tilt,Sentiment Tilt,SHW,Materials,Equity,4.249481008372489e-18,3.4278178268506866e-18,-1.0577275064430047,0.8413408740335493,0.15,2022-01-31
2022-01-31,2022-02-01,2022-02-28,Equity - Minimum Variance,Equity - Minimum Variance Sentiment Tilt,Equity,sentiment_tilt,Sentiment Tilt,SLB,Energy,Equity,1.4258464079350176e-18,1.450617809587217e-18,0.40756288437445487,1.0611344326561682,0.15,2022-01-31
2022-01-31,2022-02-01,2022-02-28,Equity - Minimum Variance,Equity - Minimum Variance Sentiment Tilt,Equity,sentiment_tilt,Sentiment Tilt,SO,Utilities,Equity,8.479729974367176e-18,7.986351509192446e-18,-0.11781298745993266,0.9823280518810101,0.15,2022-01-31
2022-01-31,2022-02-01,2022-02-28,Equity - Minimum Variance,Equity - Minimum Variance Sentiment Tilt,Equity,sentiment_tilt,Sentiment Tilt,T,Comm,Equity,0.0,0.0,0.12010983263154419,1.0180164748947316,0.15,2022-01-31
2022-01-31,2022-02-01,2022-02-28,Equity - Minimum Variance,Equity - Minimum Variance Sentiment Tilt,Equity,sentiment_tilt,Sentiment Tilt,TMUS,Comm,Equity,1.1381207170649397e-17,1.110843779201451e-17,0.12010983263154419,1.0180164748947316,0.15,2022-01-31
2022-01-31,2022-02-01,2022-02-28,Equity - Minimum Variance,Equity - Minimum Variance Sentiment Tilt,Equity,sentiment_tilt,Sentiment Tilt,TTWO,Comm,Equity,0.03151538000071049,0.030760062002246742,0.12010983263154419,1.0180164748947316,0.15,2022-01-31
2022-01-31,2022-02-01,2022-02-28,Equity - Minimum Variance,Equity - Minimum Variance Sentiment Tilt,Equity,sentiment_tilt,Sentiment Tilt,UPS,Industrials,Equity,0.012382817163692883,0.012593239902054224,0.40492060042767214,1.0607380900641508,0.15,2022-01-31
2022-01-31,2022-02-01,2022-02-28,Equity - Minimum Variance,Equity - Minimum Variance Sentiment Tilt,Equity,sentiment_tilt,Sentiment Tilt,USB,Financials,Equity,0.0,0.0,-0.4968045650551983,0.9254793152417202,0.15,2022-01-31
2022-01-31,2022-02-01,2022-02-28,Equity - Minimum Variance,Equity - Minimum Variance Sentiment Tilt,Equity,sentiment_tilt,Sentiment Tilt,V,Financials,Equity,9.113216636583583e-18,8.08627045933184e-18,-0.4968045650551983,0.9254793152417202,0.15,2022-01-31
2022-01-31,2022-02-01,2022-02-28,Equity - Minimum Variance,Equity - Minimum Variance Sentiment Tilt,Equity,sentiment_tilt,Sentiment Tilt,WFC,Financials,Equity,7.927300339474437e-19,7.033992180106284e-19,-0.4968045650551983,0.9254793152417202,0.15,2022-01-31
2022-01-31,2022-02-01,2022-02-28,Equity - Minimum Variance,Equity - Minimum Variance Sentiment Tilt,Equity,sentiment_tilt,Sentiment Tilt,WMT,Consumer,Equity,0.21490928567589535,0.2122566810521112,0.20093468333447387,1.0301402025001711,0.15,2022-01-31
2022-01-31,2022-02-01,2022-02-28,Equity - Minimum Variance,Equity - Minimum Variance Sentiment Tilt,Equity,sentiment_tilt,Sentiment Tilt,XOM,Energy,Equity,0.0,0.0,0.40756288437445487,1.0611344326561682,0.15,2022-01-31
2022-02-28,2022-03-01,2022-03-31,Equity - Minimum Variance,Equity - Minimum Variance Sentiment Tilt,Equity,sentiment_tilt,Sentiment Tilt,ABBV,Healthcare,Equity,0.12460340384584978,0.12113724219942398,0.12945775319148625,1.019418662978723,0.15,2022-02-28
2022-02-28,2022-03-01,2022-03-31,Equity - Minimum Variance,Equity - Minimum Variance Sentiment Tilt,Equity,sentiment_tilt,Sentiment Tilt,ABT,Healthcare,Equity,1.95290154532822e-17,1.898576605344746e-17,0.12945775319148625,1.019418662978723,0.15,2022-02-28
2022-02-28,2022-03-01,2022-03-31,Equity - Minimum Variance,Equity - Minimum Variance Sentiment Tilt,Equity,sentiment_tilt,Sentiment Tilt,ADBE,Tech,Equity,0.0,0.0,0.3039104839868704,1.0455865725980305,0.15,2022-02-28
2022-02-28,2022-03-01,2022-03-31,Equity - Minimum Variance,Equity - Minimum Variance Sentiment Tilt,Equity,sentiment_tilt,Sentiment Tilt,AEP,Utilities,Equity,0.0,0.0,0.3846614081325028,1.0576992112198753,0.15,2022-02-28
2022-02-28,2022-03-01,2022-03-31,Equity - Minimum Variance,Equity - Minimum Variance Sentiment Tilt,Equity,sentiment_tilt,Sentiment Tilt,AMD,Tech,Equity,5.327897705698872e-18,5.312648359039143e-18,0.3039104839868704,1.0455865725980305,0.15,2022-02-28
2022-02-28,2022-03-01,2022-03-31,Equity - Minimum Variance,Equity - Minimum Variance Sentiment Tilt,Equity,sentiment_tilt,Sentiment Tilt,AMGN,Healthcare,Equity,8.726855814367131e-18,8.48409605031551e-18,0.12945775319148625,1.019418662978723,0.15,2022-02-28
2022-02-28,2022-03-01,2022-03-31,Equity - Minimum Variance,Equity - Minimum Variance Sentiment Tilt,Equity,sentiment_tilt,Sentiment Tilt,AMT,RealEstate,Equity,0.0,0.0,-0.5999141787728964,0.9100128731840655,0.15,2022-02-28
2022-02-28,2022-03-01,2022-03-31,Equity - Minimum Variance,Equity - Minimum Variance Sentiment Tilt,Equity,sentiment_tilt,Sentiment Tilt,BA,Industrials,Equity,0.0,0.0,0.6067476289240185,1.0910121443386027,0.15,2022-02-28
2022-02-28,2022-03-01,2022-03-31,Equity - Minimum Variance,Equity - Minimum Variance Sentiment Tilt,Equity,sentiment_tilt,Sentiment Tilt,CAT,Industrials,Equity,0.0,0.0,0.6067476289240185,1.0910121443386027,0.15,2022-02-28
2022-02-28,2022-03-01,2022-03-31,Equity - Minimum Variance,Equity - Minimum Variance Sentiment Tilt,Equity,sentiment_tilt,Sentiment Tilt,CCI,RealEstate,Equity,3.812148768917414e-18,3.3083585612859384e-18,-0.5999141787728964,0.9100128731840655,0.15,2022-02-28
2022-02-28,2022-03-01,2022-03-31,Equity - Minimum Variance,Equity - Minimum Variance Sentiment Tilt,Equity,sentiment_tilt,Sentiment Tilt,CMCSA,Comm,Equity,2.155023894443719e-17,2.3665724648803184e-17,1.010151647666272,1.1515227471499407,0.15,2022-02-28
2022-02-28,2022-03-01,2022-03-31,Equity - Minimum Variance,Equity - Minimum Variance Sentiment Tilt,Equity,sentiment_tilt,Sentiment Tilt,COP,Energy,Equity,3.26090694977173e-18,3.225104788040142e-18,0.24716766356401143,1.0370751495346018,0.15,2022-02-28
2022-02-28,2022-03-01,2022-03-31,Equity - Minimum Variance,Equity - Minimum Variance Sentiment Tilt,Equity,sentiment_tilt,Sentiment Tilt,CVX,Energy,Equity,0.0,0.0,0.24716766356401143,1.0370751495346018,0.15,2022-02-28
2022-02-28,2022-03-01,2022-03-31,Equity - Minimum Variance,Equity - Minimum Variance Sentiment Tilt,Equity,sentiment_tilt,Sentiment Tilt,D,Utilities,Equity,1.3572492373659069e-17,1.3690426646825116e-17,0.3846614081325028,1.0576992112198753,0.15,2022-02-28
2022-02-28,2022-03-01,2022-03-31,Equity - Minimum Variance,Equity - Minimum Variance Sentiment Tilt,Equity,sentiment_tilt,Sentiment Tilt,DD,Materials,Equity,0.0,0.0,-0.6998615333849465,0.895020769992258,0.15,2022-02-28
2022-02-28,2022-03-01,2022-03-31,Equity - Minimum Variance,Equity - Minimum Variance Sentiment Tilt,Equity,sentiment_tilt,Sentiment Tilt,DIS,Consumer,Equity,0.00805652668437101,0.008657445834295986,0.8453315860671601,1.126799737910074,0.15,2022-02-28
2022-02-28,2022-03-01,2022-03-31,Equity - Minimum Variance,Equity - Minimum Variance Sentiment Tilt,Equity,sentiment_tilt,Sentiment Tilt,DOW,Materials,Equity,1.276725732379525e-17,1.0897476001255622e-17,-0.6998615333849465,0.895020769992258,0.15,2022-02-28
2022-02-28,2022-03-01,2022-03-31,Equity - Minimum Variance,Equity - Minimum Variance Sentiment Tilt,Equity,sentiment_tilt,Sentiment Tilt,DUK,Utilities,Equity,6.0091566330324145e-18,6.061371473191985e-18,0.3846614081325028,1.0576992112198753,0.15,2022-02-28
2022-02-28,2022-03-01,2022-03-31,Equity - Minimum Variance,Equity - Minimum Variance Sentiment Tilt,Equity,sentiment_tilt,Sentiment Tilt,EA,Comm,Equity,0.08697187833959083,0.09550949900280653,1.010151647666272,1.1515227471499407,0.15,2022-02-28
2022-02-28,2022-03-01,2022-03-31,Equity - Minimum Variance,Equity - Minimum Variance Sentiment Tilt,Equity,sentiment_tilt,Sentiment Tilt,GE,Industrials,Equity,1.2531108496368329e-17,1.3038098896433266e-17,0.6067476289240185,1.0910121443386027,0.15,2022-02-28
2022-02-28,2022-03-01,2022-03-31,Equity - Minimum Variance,Equity - Minimum Variance Sentiment Tilt,Equity,sentiment_tilt,Sentiment Tilt,GILD,Healthcare,Equity,0.12630375967558743,0.12279029829271458,0.12945775319148625,1.019418662978723,0.15,2022-02-28
2022-02-28,2022-03-01,2022-03-31,Equity - Minimum Variance,Equity - Minimum Variance Sentiment Tilt,Equity,sentiment_tilt,Sentiment Tilt,GS,Financials,Equity,0.0,0.0,-1.0901163422562044,0.8364825486615693,0.15,2022-02-28
2022-02-28,2022-03-01,2022-03-31,Equity - Minimum Variance,Equity - Minimum Variance Sentiment Tilt,Equity,sentiment_tilt,Sentiment Tilt,INTC,Tech,Equity,0.0,0.0,0.3039104839868704,1.0455865725980305,0.15,2022-02-28
2022-02-28,2022-03-01,2022-03-31,Equity - Minimum Variance,Equity - Minimum Variance Sentiment Tilt,Equity,sentiment_tilt,Sentiment Tilt,KO,Consumer,Equity,0.02941092992560126,0.03160462848849197,0.8453315860671601,1.126799737910074,0.15,2022-02-28
2022-02-28,2022-03-01,2022-03-31,Equity - Minimum Variance,Equity - Minimum Variance Sentiment Tilt,Equity,sentiment_tilt,Sentiment Tilt,MMM,Industrials,Equity,0.07770733032139325,0.08085125573701303,0.6067476289240185,1.0910121443386027,0.15,2022-02-28
2022-02-28,2022-03-01,2022-03-31,Equity - Minimum Variance,Equity - Minimum Variance Sentiment Tilt,Equity,sentiment_tilt,Sentiment Tilt,MRK,Healthcare,Equity,0.06505006363880239,0.06324053012107189,0.12945775319148625,1.019418662978723,0.15,2022-02-28
2022-02-28,2022-03-01,2022-03-31,Equity - Minimum Variance,Equity - Minimum Variance Sentiment Tilt,Equity,sentiment_tilt,Sentiment Tilt,MS,Financials,Equity,0.0,0.0,-1.0901163422562044,0.8364825486615693,0.15,2022-02-28
2022-02-28,2022-03-01,2022-03-31,Equity - Minimum Variance,Equity - Minimum Variance Sentiment Tilt,Equity,sentiment_tilt,Sentiment Tilt,NEE,Utilities,Equity,1.9224784403210348e-18,1.9391832644089583e-18,0.3846614081325028,1.0576992112198753,0.15,2022-02-28
2022-02-28,2022-03-01,2022-03-31,Equity - Minimum Variance,Equity - Minimum Variance Sentiment Tilt,Equity,sentiment_tilt,Sentiment Tilt,NEM,Materials,Equity,0.10069426355464028,0.08594745862180281,-0.6998615333849465,0.895020769992258,0.15,2022-02-28
2022-02-28,2022-03-01,2022-03-31,Equity - Minimum Variance,Equity - Minimum Variance Sentiment Tilt,Equity,sentiment_tilt,Sentiment Tilt,NKE,Consumer,Equity,0.01954708845953905,0.02100506411589742,0.8453315860671601,1.126799737910074,0.15,2022-02-28
2022-02-28,2022-03-01,2022-03-31,Equity - Minimum Variance,Equity - Minimum Variance Sentiment Tilt,Equity,sentiment_tilt,Sentiment Tilt,NUE,Materials,Equity,0.0,0.0,-0.6998615333849465,0.895020769992258,0.15,2022-02-28
2022-02-28,2022-03-01,2022-03-31,Equity - Minimum Variance,Equity - Minimum Variance Sentiment Tilt,Equity,sentiment_tilt,Sentiment Tilt,NVDA,Tech,Equity,0.0,0.0,0.3039104839868704,1.0455865725980305,0.15,2022-02-28
2022-02-28,2022-03-01,2022-03-31,Equity - Minimum Variance,Equity - Minimum Variance Sentiment Tilt,Equity,sentiment_tilt,Sentiment Tilt,O,RealEstate,Equity,0.0,0.0,-0.5999141787728964,0.9100128731840655,0.15,2022-02-28
2022-02-28,2022-03-01,2022-03-31,Equity - Minimum Variance,Equity - Minimum Variance Sentiment Tilt,Equity,sentiment_tilt,Sentiment Tilt,OXY,Energy,Equity,1.1844371303145736e-18,1.1714329537607505e-18,0.24716766356401143,1.0370751495346018,0.15,2022-02-28
2022-02-28,2022-03-01,2022-03-31,Equity - Minimum Variance,Equity - Minimum Variance Sentiment Tilt,Equity,sentiment_tilt,Sentiment Tilt,PLD,RealEstate,Equity,6.3991901927310506e-18,5.553512452618931e-18,-0.5999141787728964,0.9100128731840655,0.15,2022-02-28
2022-02-28,2022-03-01,2022-03-31,Equity - Minimum Variance,Equity - Minimum Variance Sentiment Tilt,Equity,sentiment_tilt,Sentiment Tilt,PSA,RealEstate,Equity,0.09541640252097681,0.08280675579642299,-0.5999141787728964,0.9100128731840655,0.15,2022-02-28
2022-02-28,2022-03-01,2022-03-31,Equity - Minimum Variance,Equity - Minimum Variance Sentiment Tilt,Equity,sentiment_tilt,Sentiment Tilt,QCOM,Tech,Equity,7.85066962683913e-18,7.828199679166781e-18,0.3039104839868704,1.0455865725980305,0.15,2022-02-28
2022-02-28,2022-03-01,2022-03-31,Equity - Minimum Variance,Equity - Minimum Variance Sentiment Tilt,Equity,sentiment_tilt,Sentiment Tilt,SBUX,Consumer,Equity,0.0,0.0,0.8453315860671601,1.126799737910074,0.15,2022-02-28
2022-02-28,2022-03-01,2022-03-31,Equity - Minimum Variance,Equity - Minimum Variance Sentiment Tilt,Equity,sentiment_tilt,Sentiment Tilt,SHW,Materials,Equity,0.0,0.0,-0.6998615333849465,0.895020769992258,0.15,2022-02-28
2022-02-28,2022-03-01,2022-03-31,Equity - Minimum Variance,Equity - Minimum Variance Sentiment Tilt,Equity,sentiment_tilt,Sentiment Tilt,SLB,Energy,Equity,0.0,0.0,0.24716766356401143,1.0370751495346018,0.15,2022-02-28
2022-02-28,2022-03-01,2022-03-31,Equity - Minimum Variance,Equity - Minimum Variance Sentiment Tilt,Equity,sentiment_tilt,Sentiment Tilt,SO,Utilities,Equity,0.0,0.0,0.3846614081325028,1.0576992112198753,0.15,2022-02-28
2022-02-28,2022-03-01,2022-03-31,Equity - Minimum Variance,Equity - Minimum Variance Sentiment Tilt,Equity,sentiment_tilt,Sentiment Tilt,T,Comm,Equity,8.337058569184632e-18,9.15546843763413e-18,1.010151647666272,1.1515227471499407,0.15,2022-02-28
2022-02-28,2022-03-01,2022-03-31,Equity - Minimum Variance,Equity - Minimum Variance Sentiment Tilt,Equity,sentiment_tilt,Sentiment Tilt,TMUS,Comm,Equity,0.0,0.0,1.010151647666272,1.1515227471499407,0.15,2022-02-28
2022-02-28,2022-03-01,2022-03-31,Equity - Minimum Variance,Equity - Minimum Variance Sentiment Tilt,Equity,sentiment_tilt,Sentiment Tilt,TTWO,Comm,Equity,0.03546626119519912,0.03894781742013004,1.010151647666272,1.1515227471499407,0.15,2022-02-28
2022-02-28,2022-03-01,2022-03-31,Equity - Minimum Variance,Equity - Minimum Variance Sentiment Tilt,Equity,sentiment_tilt,Sentiment Tilt,UPS,Industrials,Equity,0.014148707310479645,0.014721143402771135,0.6067476289240185,1.0910121443386027,0.15,2022-02-28
2022-02-28,2022-03-01,2022-03-31,Equity - Minimum Variance,Equity - Minimum Variance Sentiment Tilt,Equity,sentiment_tilt,Sentiment Tilt,USB,Financials,Equity,9.54466500583174e-18,7.613998221109248e-18,-1.0901163422562044,0.8364825486615693,0.15,2022-02-28
2022-02-28,2022-03-01,2022-03-31,Equity - Minimum Variance,Equity - Minimum Variance Sentiment Tilt,Equity,sentiment_tilt,Sentiment Tilt,V,Financials,Equity,1.781508446648146e-18,1.421150154078986e-18,-1.0901163422562044,0.8364825486615693,0.15,2022-02-28
2022-02-28,2022-03-01,2022-03-31,Equity - Minimum Variance,Equity - Minimum Variance Sentiment Tilt,Equity,sentiment_tilt,Sentiment Tilt,WFC,Financials,Equity,0.0,0.0,-1.0901163422562044,0.8364825486615693,0.15,2022-02-28
2022-02-28,2022-03-01,2022-03-31,Equity - Minimum Variance,Equity - Minimum Variance Sentiment Tilt,Equity,sentiment_tilt,Sentiment Tilt,WMT,Consumer,Equity,0.21662338452796898,0.23278086096715753,0.8453315860671601,1.126799737910074,0.15,2022-02-28
2022-02-28,2022-03-01,2022-03-31,Equity - Minimum Variance,Equity - Minimum Variance Sentiment Tilt,Equity,sentiment_tilt,Sentiment Tilt,XOM,Energy,Equity,1.8930820581912886e-17,1.8722975246052335e-17,0.24716766356401143,1.0370751495346018,0.15,2022-02-28
2022-03-31,2022-04-01,2022-04-29,Equity - Minimum Variance,Equity - Minimum Variance Sentiment Tilt,Equity,sentiment_tilt,Sentiment Tilt,ABBV,Healthcare,Equity,0.12485591368757114,0.12456897860300897,0.11632604541620592,1.0174489068124308,0.15,2022-03-31
2022-03-31,2022-04-01,2022-04-29,Equity - Minimum Variance,Equity - Minimum Variance Sentiment Tilt,Equity,sentiment_tilt,Sentiment Tilt,ABT,Healthcare,Equity,0.0,0.0,0.11632604541620592,1.0174489068124308,0.15,2022-03-31
2022-03-31,2022-04-01,2022-04-29,Equity - Minimum Variance,Equity - Minimum Variance Sentiment Tilt,Equity,sentiment_tilt,Sentiment Tilt,ADBE,Tech,Equity,2.805637881811038e-19,2.7708003246531536e-19,0.04753184103444061,1.007129776155166,0.15,2022-03-31
2022-03-31,2022-04-01,2022-04-29,Equity - Minimum Variance,Equity - Minimum Variance Sentiment Tilt,Equity,sentiment_tilt,Sentiment Tilt,AEP,Utilities,Equity,0.0,0.0,0.5340219027123446,1.0801032854068517,0.15,2022-03-31
2022-03-31,2022-04-01,2022-04-29,Equity - Minimum Variance,Equity - Minimum Variance Sentiment Tilt,Equity,sentiment_tilt,Sentiment Tilt,AMD,Tech,Equity,7.271854296758342e-18,7.181559807455397e-18,0.04753184103444061,1.007129776155166,0.15,2022-03-31
2022-03-31,2022-04-01,2022-04-29,Equity - Minimum Variance,Equity - Minimum Variance Sentiment Tilt,Equity,sentiment_tilt,Sentiment Tilt,AMGN,Healthcare,Equity,3.0572948763152544e-17,3.0502688161314965e-17,0.11632604541620592,1.0174489068124308,0.15,2022-03-31
2022-03-31,2022-04-01,2022-04-29,Equity - Minimum Variance,Equity - Minimum Variance Sentiment Tilt,Equity,sentiment_tilt,Sentiment Tilt,AMT,RealEstate,Equity,0.0,0.0,-0.6104552910034047,0.9084317063494893,0.15,2022-03-31
2022-03-31,2022-04-01,2022-04-29,Equity - Minimum Variance,Equity - Minimum Variance Sentiment Tilt,Equity,sentiment_tilt,Sentiment Tilt,BA,Industrials,Equity,2.475828085008519e-18,2.7271708323187163e-18,0.822136611413456,1.1233204917120183,0.15,2022-03-31
2022-03-31,2022-04-01,2022-04-29,Equity - Minimum Variance,Equity - Minimum Variance Sentiment Tilt,Equity,sentiment_tilt,Sentiment Tilt,CAT,Industrials,Equity,2.544730520353173e-18,2.803068150507116e-18,0.822136611413456,1.1233204917120183,0.15,2022-03-31
2022-03-31,2022-04-01,2022-04-29,Equity - Minimum Variance,Equity - Minimum Variance Sentiment Tilt,Equity,sentiment_tilt,Sentiment Tilt,CCI,RealEstate,Equity,0.0,0.0,-0.6104552910034047,0.9084317063494893,0.15,2022-03-31
2022-03-31,2022-04-01,2022-04-29,Equity - Minimum Variance,Equity - Minimum Variance Sentiment Tilt,Equity,sentiment_tilt,Sentiment Tilt,CMCSA,Comm,Equity,1.1994667195779002e-17,1.2714258479520403e-17,0.5398168549587867,1.080972528243818,0.15,2022-03-31
2022-03-31,2022-04-01,2022-04-29,Equity - Minimum Variance,Equity - Minimum Variance Sentiment Tilt,Equity,sentiment_tilt,Sentiment Tilt,COP,Energy,Equity,1.4047628232850783e-17,1.2387892577618326e-17,-0.6713104834657587,0.8993034274801361,0.15,2022-03-31
2022-03-31,2022-04-01,2022-04-29,Equity - Minimum Variance,Equity - Minimum Variance Sentiment Tilt,Equity,sentiment_tilt,Sentiment Tilt,CVX,Energy,Equity,0.0,0.0,-0.6713104834657587,0.8993034274801361,0.15,2022-03-31
2022-03-31,2022-04-01,2022-04-29,Equity - Minimum Variance,Equity - Minimum Variance Sentiment Tilt,Equity,sentiment_tilt,Sentiment Tilt,D,Utilities,Equity,0.0,0.0,0.5340219027123446,1.0801032854068517,0.15,2022-03-31
2022-03-31,2022-04-01,2022-04-29,Equity - Minimum Variance,Equity - Minimum Variance Sentiment Tilt,Equity,sentiment_tilt,Sentiment Tilt,DD,Materials,Equity,0.0,0.0,1.8442926229541419,1.2766438934431212,0.15,2022-03-31
2022-03-31,2022-04-01,2022-04-29,Equity - Minimum Variance,Equity - Minimum Variance Sentiment Tilt,Equity,sentiment_tilt,Sentiment Tilt,DIS,Consumer,Equity,0.007466512924270957,0.006542477150544155,-0.7094285796284664,0.8935857130557301,0.15,2022-03-31
2022-03-31,2022-04-01,2022-04-29,Equity - Minimum Variance,Equity - Minimum Variance Sentiment Tilt,Equity,sentiment_tilt,Sentiment Tilt,DOW,Materials,Equity,5.2173921249383385e-18,6.531477384191312e-18,1.8442926229541419,1.2766438934431212,0.15,2022-03-31
2022-03-31,2022-04-01,2022-04-29,Equity - Minimum Variance,Equity - Minimum Variance Sentiment Tilt,Equity,sentiment_tilt,Sentiment Tilt,DUK,Utilities,Equity,1.4096928079133515e-17,1.4930623631172694e-17,0.5340219027123446,1.0801032854068517,0.15,2022-03-31
2022-03-31,2022-04-01,2022-04-29,Equity - Minimum Variance,Equity - Minimum Variance Sentiment Tilt,Equity,sentiment_tilt,Sentiment Tilt,EA,Comm,Equity,0.08562484570637781,0.09076170291436225,0.5398168549587867,1.080972528243818,0.15,2022-03-31
2022-03-31,2022-04-01,2022-04-29,Equity - Minimum Variance,Equity - Minimum Variance Sentiment Tilt,Equity,sentiment_tilt,Sentiment Tilt,GE,Industrials,Equity,0.0,0.0,0.822136611413456,1.1233204917120183,0.15,2022-03-31
2022-03-31,2022-04-01,2022-04-29,Equity - Minimum Variance,Equity - Minimum Variance Sentiment Tilt,Equity,sentiment_tilt,Sentiment Tilt,GILD,Healthcare,Equity,0.1251197089851148,0.12483216766474231,0.11632604541620592,1.0174489068124308,0.15,2022-03-31
2022-03-31,2022-04-01,2022-04-29,Equity - Minimum Variance,Equity - Minimum Variance Sentiment Tilt,Equity,sentiment_tilt,Sentiment Tilt,GS,Financials,Equity,1.569349299681466e-18,1.2983967670860774e-18,-1.0418500018754164,0.8437224997186875,0.15,2022-03-31
2022-03-31,2022-04-01,2022-04-29,Equity - Minimum Variance,Equity - Minimum Variance Sentiment Tilt,Equity,sentiment_tilt,Sentiment Tilt,INTC,Tech,Equity,0.0,0.0,0.04753184103444061,1.007129776155166,0.15,2022-03-31
2022-03-31,2022-04-01,2022-04-29,Equity - Minimum Variance,Equity - Minimum Variance Sentiment Tilt,Equity,sentiment_tilt,Sentiment Tilt,KO,Consumer,Equity,0.030379057646827384,0.026619426300509424,-0.7094285796284664,0.8935857130557301,0.15,2022-03-31
2022-03-31,2022-04-01,2022-04-29,Equity - Minimum Variance,Equity - Minimum Variance Sentiment Tilt,Equity,sentiment_tilt,Sentiment Tilt,MMM,Industrials,Equity,0.08347502949379496,0.0919493025549223,0.822136611413456,1.1233204917120183,0.15,2022-03-31
2022-03-31,2022-04-01,2022-04-29,Equity - Minimum Variance,Equity - Minimum Variance Sentiment Tilt,Equity,sentiment_tilt,Sentiment Tilt,MRK,Healthcare,Equity,0.0719750349671023,0.07180962700095397,0.11632604541620592,1.0174489068124308,0.15,2022-03-31
2022-03-31,2022-04-01,2022-04-29,Equity - Minimum Variance,Equity - Minimum Variance Sentiment Tilt,Equity,sentiment_tilt,Sentiment Tilt,MS,Financials,Equity,3.011578179600734e-19,2.4916208093470544e-19,-1.0418500018754164,0.8437224997186875,0.15,2022-03-31
2022-03-31,2022-04-01,2022-04-29,Equity - Minimum Variance,Equity - Minimum Variance Sentiment Tilt,Equity,sentiment_tilt,Sentiment Tilt,NEE,Utilities,Equity,0.0,0.0,0.5340219027123446,1.0801032854068517,0.15,2022-03-31
2022-03-31,2022-04-01,2022-04-29,Equity - Minimum Variance,Equity - Minimum Variance Sentiment Tilt,Equity,sentiment_tilt,Sentiment Tilt,NEM,Materials,Equity,0.10408518313953229,0.1303007332831631,1.8442926229541419,1.2766438934431212,0.15,2022-03-31
2022-03-31,2022-04-01,2022-04-29,Equity - Minimum Variance,Equity - Minimum Variance Sentiment Tilt,Equity,sentiment_tilt,Sentiment Tilt,NKE,Consumer,Equity,0.012361670221411077,0.010831822804892678,-0.7094285796284664,0.8935857130557301,0.15,2022-03-31
2022-03-31,2022-04-01,2022-04-29,Equity - Minimum Variance,Equity - Minimum Variance Sentiment Tilt,Equity,sentiment_tilt,Sentiment Tilt,NUE,Materials,Equity,0.0,0.0,1.8442926229541419,1.2766438934431212,0.15,2022-03-31
2022-03-31,2022-04-01,2022-04-29,Equity - Minimum Variance,Equity - Minimum Variance Sentiment Tilt,Equity,sentiment_tilt,Sentiment Tilt,NVDA,Tech,Equity,0.0,0.0,0.04753184103444061,1.007129776155166,0.15,2022-03-31
2022-03-31,2022-04-01,2022-04-29,Equity - Minimum Variance,Equity - Minimum Variance Sentiment Tilt,Equity,sentiment_tilt,Sentiment Tilt,O,RealEstate,Equity,0.0,0.0,-0.6104552910034047,0.9084317063494893,0.15,2022-03-31
2022-03-31,2022-04-01,2022-04-29,Equity - Minimum Variance,Equity - Minimum Variance Sentiment Tilt,Equity,sentiment_tilt,Sentiment Tilt,OXY,Energy,Equity,2.3530227391770487e-19,2.075011698946641e-19,-0.6713104834657587,0.8993034274801361,0.15,2022-03-31
2022-03-31,2022-04-01,2022-04-29,Equity - Minimum Variance,Equity - Minimum Variance Sentiment Tilt,Equity,sentiment_tilt,Sentiment Tilt,PLD,RealEstate,Equity,7.489271103775285e-18,6.671446573015285e-18,-0.6104552910034047,0.9084317063494893,0.15,2022-03-31
2022-03-31,2022-04-01,2022-04-29,Equity - Minimum Variance,Equity - Minimum Variance Sentiment Tilt,Equity,sentiment_tilt,Sentiment Tilt,PSA,RealEstate,Equity,0.08974015460292194,0.07994057613774015,-0.6104552910034047,0.9084317063494893,0.15,2022-03-31
2022-03-31,2022-04-01,2022-04-29,Equity - Minimum Variance,Equity - Minimum Variance Sentiment Tilt,Equity,sentiment_tilt,Sentiment Tilt,QCOM,Tech,Equity,0.0,0.0,0.04753184103444061,1.007129776155166,0.15,2022-03-31
2022-03-31,2022-04-01,2022-04-29,Equity - Minimum Variance,Equity - Minimum Variance Sentiment Tilt,Equity,sentiment_tilt,Sentiment Tilt,SBUX,Consumer,Equity,3.635650614393527e-18,3.1857121675516275e-18,-0.7094285796284664,0.8935857130557301,0.15,2022-03-31
2022-03-31,2022-04-01,2022-04-29,Equity - Minimum Variance,Equity - Minimum Variance Sentiment Tilt,Equity,sentiment_tilt,Sentiment Tilt,SHW,Materials,Equity,3.220706331099097e-18,4.031893723714344e-18,1.8442926229541419,1.2766438934431212,0.15,2022-03-31
2022-03-31,2022-04-01,2022-04-29,Equity - Minimum Variance,Equity - Minimum Variance Sentiment Tilt,Equity,sentiment_tilt,Sentiment Tilt,SLB,Energy,Equity,0.0,0.0,-0.6713104834657587,0.8993034274801361,0.15,2022-03-31
2022-03-31,2022-04-01,2022-04-29,Equity - Minimum Variance,Equity - Minimum Variance Sentiment Tilt,Equity,sentiment_tilt,Sentiment Tilt,SO,Utilities,Equity,2.8392317767207085e-18,3.0071445936247045e-18,0.5340219027123446,1.0801032854068517,0.15,2022-03-31
2022-03-31,2022-04-01,2022-04-29,Equity - Minimum Variance,Equity - Minimum Variance Sentiment Tilt,Equity,sentiment_tilt,Sentiment Tilt,T,Comm,Equity,0.0,0.0,0.5398168549587867,1.080972528243818,0.15,2022-03-31
2022-03-31,2022-04-01,2022-04-29,Equity - Minimum Variance,Equity - Minimum Variance Sentiment Tilt,Equity,sentiment_tilt,Sentiment Tilt,TMUS,Comm,Equity,4.8370233788718484e-18,5.12720899268483e-18,0.5398168549587867,1.080972528243818,0.15,2022-03-31
2022-03-31,2022-04-01,2022-04-29,Equity - Minimum Variance,Equity - Minimum Variance Sentiment Tilt,Equity,sentiment_tilt,Sentiment Tilt,TTWO,Comm,Equity,0.03611885278687332,0.03828571671231172,0.5398168549587867,1.080972528243818,0.15,2022-03-31
2022-03-31,2022-04-01,2022-04-29,Equity - Minimum Variance,Equity - Minimum Variance Sentiment Tilt,Equity,sentiment_tilt,Sentiment Tilt,UPS,Industrials,Equity,0.013649342228110104,0.015035005148473366,0.822136611413456,1.1233204917120183,0.15,2022-03-31
2022-03-31,2022-04-01,2022-04-29,Equity - Minimum Variance,Equity - Minimum Variance Sentiment Tilt,Equity,sentiment_tilt,Sentiment Tilt,USB,Financials,Equity,7.59342004777234e-18,6.282394902878136e-18,-1.0418500018754164,0.8437224997186875,0.15,2022-03-31
2022-03-31,2022-04-01,2022-04-29,Equity - Minimum Variance,Equity - Minimum Variance Sentiment Tilt,Equity,sentiment_tilt,Sentiment Tilt,V,Financials,Equity,9.143719328349285e-18,7.565030689777546e-18,-1.0418500018754164,0.8437224997186875,0.15,2022-03-31
2022-03-31,2022-04-01,2022-04-29,Equity - Minimum Variance,Equity - Minimum Variance Sentiment Tilt,Equity,sentiment_tilt,Sentiment Tilt,WFC,Financials,Equity,1.1063936672409702e-17,9.153717155012985e-18,-1.0418500018754164,0.8437224997186875,0.15,2022-03-31
2022-03-31,2022-04-01,2022-04-29,Equity - Minimum Variance,Equity - Minimum Variance Sentiment Tilt,Equity,sentiment_tilt,Sentiment Tilt,WMT,Consumer,Equity,0.21514869361009187,0.18852246372437537,-0.7094285796284664,0.8935857130557301,0.15,2022-03-31
2022-03-31,2022-04-01,2022-04-29,Equity - Minimum Variance,Equity - Minimum Variance Sentiment Tilt,Equity,sentiment_tilt,Sentiment Tilt,XOM,Energy,Equity,9.240100570292728e-19,8.148377176119707e-19,-0.6713104834657587,0.8993034274801361,0.15,2022-03-31
2022-04-29,2022-05-02,2022-05-31,Equity - Minimum Variance,Equity - Minimum Variance Sentiment Tilt,Equity,sentiment_tilt,Sentiment Tilt,ABBV,Healthcare,Equity,0.11572421625098944,0.11844042514601764,0.1886086505182116,1.0282912975777316,0.15,2022-04-29
2022-04-29,2022-05-02,2022-05-31,Equity - Minimum Variance,Equity - Minimum Variance Sentiment Tilt,Equity,sentiment_tilt,Sentiment Tilt,ABT,Healthcare,Equity,6.1942594038178e-18,6.339647318601955e-18,0.1886086505182116,1.0282912975777316,0.15,2022-04-29
2022-04-29,2022-05-02,2022-05-31,Equity - Minimum Variance,Equity - Minimum Variance Sentiment Tilt,Equity,sentiment_tilt,Sentiment Tilt,ADBE,Tech,Equity,0.0,0.0,-0.9172851081549749,0.8624072337767538,0.15,2022-04-29
2022-04-29,2022-05-02,2022-05-31,Equity - Minimum Variance,Equity - Minimum Variance Sentiment Tilt,Equity,sentiment_tilt,Sentiment Tilt,AEP,Utilities,Equity,5.79440632026441e-18,6.240895240853219e-18,0.547516065051499,1.082127409757725,0.15,2022-04-29
2022-04-29,2022-05-02,2022-05-31,Equity - Minimum Variance,Equity - Minimum Variance Sentiment Tilt,Equity,sentiment_tilt,Sentiment Tilt,AMD,Tech,Equity,3.563306343202075e-18,3.0586170187014918e-18,-0.9172851081549749,0.8624072337767538,0.15,2022-04-29
2022-04-29,2022-05-02,2022-05-31,Equity - Minimum Variance,Equity - Minimum Variance Sentiment Tilt,Equity,sentiment_tilt,Sentiment Tilt,AMGN,Healthcare,Equity,1.1470661932565315e-17,1.1739894380037855e-17,0.1886086505182116,1.0282912975777316,0.15,2022-04-29
2022-04-29,2022-05-02,2022-05-31,Equity - Minimum Variance,Equity - Minimum Variance Sentiment Tilt,Equity,sentiment_tilt,Sentiment Tilt,AMT,RealEstate,Equity,0.0,0.0,0.24259044047475994,1.036388566071214,0.15,2022-04-29
2022-04-29,2022-05-02,2022-05-31,Equity - Minimum Variance,Equity - Minimum Variance Sentiment Tilt,Equity,sentiment_tilt,Sentiment Tilt,BA,Industrials,Equity,0.0,0.0,0.9499867557289807,1.1424980133593472,0.15,2022-04-29
2022-04-29,2022-05-02,2022-05-31,Equity - Minimum Variance,Equity - Minimum Variance Sentiment Tilt,Equity,sentiment_tilt,Sentiment Tilt,CAT,Industrials,Equity,0.0,0.0,0.9499867557289807,1.1424980133593472,0.15,2022-04-29
2022-04-29,2022-05-02,2022-05-31,Equity - Minimum Variance,Equity - Minimum Variance Sentiment Tilt,Equity,sentiment_tilt,Sentiment Tilt,CCI,RealEstate,Equity,6.703452487606427e-18,6.914817104879645e-18,0.24259044047475994,1.036388566071214,0.15,2022-04-29
2022-04-29,2022-05-02,2022-05-31,Equity - Minimum Variance,Equity - Minimum Variance Sentiment Tilt,Equity,sentiment_tilt,Sentiment Tilt,CMCSA,Comm,Equity,9.535616055610086e-18,9.902627699761704e-18,0.2891942115892788,1.0433791317383918,0.15,2022-04-29
2022-04-29,2022-05-02,2022-05-31,Equity - Minimum Variance,Equity - Minimum Variance Sentiment Tilt,Equity,sentiment_tilt,Sentiment Tilt,COP,Energy,Equity,4.8718557987999254e-18,4.318442594560946e-18,-0.7294634027705725,0.8905804895844142,0.15,2022-04-29
2022-04-29,2022-05-02,2022-05-31,Equity - Minimum Variance,Equity - Minimum Variance Sentiment Tilt,Equity,sentiment_tilt,Sentiment Tilt,CVX,Energy,Equity,0.0,0.0,-0.7294634027705725,0.8905804895844142,0.15,2022-04-29
2022-04-29,2022-05-02,2022-05-31,Equity - Minimum Variance,Equity - Minimum Variance Sentiment Tilt,Equity,sentiment_tilt,Sentiment Tilt,D,Utilities,Equity,2.168526376815441e-17,2.3356225291626766e-17,0.547516065051499,1.082127409757725,0.15,2022-04-29
2022-04-29,2022-05-02,2022-05-31,Equity - Minimum Variance,Equity - Minimum Variance Sentiment Tilt,Equity,sentiment_tilt,Sentiment Tilt,DD,Materials,Equity,0.0,0.0,-0.731392577239801,0.8902911134140299,0.15,2022-04-29
2022-04-29,2022-05-02,2022-05-31,Equity - Minimum Variance,Equity - Minimum Variance Sentiment Tilt,Equity,sentiment_tilt,Sentiment Tilt,DIS,Consumer,Equity,0.007135293254113634,0.006694143664443317,-0.3827214015954957,0.9425917897606757,0.15,2022-04-29
2022-04-29,2022-05-02,2022-05-31,Equity - Minimum Variance,Equity - Minimum Variance Sentiment Tilt,Equity,sentiment_tilt,Sentiment Tilt,DOW,Materials,Equity,0.0,0.0,-0.731392577239801,0.8902911134140299,0.15,2022-04-29
2022-04-29,2022-05-02,2022-05-31,Equity - Minimum Variance,Equity - Minimum Variance Sentiment Tilt,Equity,sentiment_tilt,Sentiment Tilt,DUK,Utilities,Equity,4.581853716096112e-18,4.934909198733067e-18,0.547516065051499,1.082127409757725,0.15,2022-04-29
2022-04-29,2022-05-02,2022-05-31,Equity - Minimum Variance,Equity - Minimum Variance Sentiment Tilt,Equity,sentiment_tilt,Sentiment Tilt,EA,Comm,Equity,0.0896964187925427,0.09314870021238822,0.2891942115892788,1.0433791317383918,0.15,2022-04-29
2022-04-29,2022-05-02,2022-05-31,Equity - Minimum Variance,Equity - Minimum Variance Sentiment Tilt,Equity,sentiment_tilt,Sentiment Tilt,GE,Industrials,Equity,1.4492342643624546e-17,1.6479862968370356e-17,0.9499867557289807,1.1424980133593472,0.15,2022-04-29
2022-04-29,2022-05-02,2022-05-31,Equity - Minimum Variance,Equity - Minimum Variance Sentiment Tilt,Equity,sentiment_tilt,Sentiment Tilt,GILD,Healthcare,Equity,0.12295149455743896,0.12583733776288883,0.1886086505182116,1.0282912975777316,0.15,2022-04-29
2022-04-29,2022-05-02,2022-05-31,Equity - Minimum Variance,Equity - Minimum Variance Sentiment Tilt,Equity,sentiment_tilt,Sentiment Tilt,GS,Financials,Equity,0.0,0.0,1.2086603925587989,1.18129905888382,0.15,2022-04-29
2022-04-29,2022-05-02,2022-05-31,Equity - Minimum Variance,Equity - Minimum Variance Sentiment Tilt,Equity,sentiment_tilt,Sentiment Tilt,INTC,Tech,Equity,1.5101931941880828e-17,1.2962967986412294e-17,-0.9172851081549749,0.8624072337767538,0.15,2022-04-29
2022-04-29,2022-05-02,2022-05-31,Equity - Minimum Variance,Equity - Minimum Variance Sentiment Tilt,Equity,sentiment_tilt,Sentiment Tilt,KO,Consumer,Equity,0.045525442248681304,0.042710767441028946,-0.3827214015954957,0.9425917897606757,0.15,2022-04-29
2022-04-29,2022-05-02,2022-05-31,Equity - Minimum Variance,Equity - Minimum Variance Sentiment Tilt,Equity,sentiment_tilt,Sentiment Tilt,MMM,Industrials,Equity,0.0889575770576397,0.10115746749564146,0.9499867557289807,1.1424980133593472,0.15,2022-04-29
2022-04-29,2022-05-02,2022-05-31,Equity - Minimum Variance,Equity - Minimum Variance Sentiment Tilt,Equity,sentiment_tilt,Sentiment Tilt,MRK,Healthcare,Equity,0.07993962723791478,0.08181592187704141,0.1886086505182116,1.0282912975777316,0.15,2022-04-29
2022-04-29,2022-05-02,2022-05-31,Equity - Minimum Variance,Equity - Minimum Variance Sentiment Tilt,Equity,sentiment_tilt,Sentiment Tilt,MS,Financials,Equity,0.0,0.0,1.2086603925587989,1.18129905888382,0.15,2022-04-29
2022-04-29,2022-05-02,2022-05-31,Equity - Minimum Variance,Equity - Minimum Variance Sentiment Tilt,Equity,sentiment_tilt,Sentiment Tilt,NEE,Utilities,Equity,1.339737908974562e-17,1.4429716312556503e-17,0.547516065051499,1.082127409757725,0.15,2022-04-29
2022-04-29,2022-05-02,2022-05-31,Equity - Minimum Variance,Equity - Minimum Variance Sentiment Tilt,Equity,sentiment_tilt,Sentiment Tilt,NEM,Materials,Equity,0.10403248155113345,0.09218506061578328,-0.731392577239801,0.8902911134140299,0.15,2022-04-29
2022-04-29,2022-05-02,2022-05-31,Equity - Minimum Variance,Equity - Minimum Variance Sentiment Tilt,Equity,sentiment_tilt,Sentiment Tilt,NKE,Consumer,Equity,0.006816266613542602,0.006394841296802577,-0.3827214015954957,0.9425917897606757,0.15,2022-04-29
2022-04-29,2022-05-02,2022-05-31,Equity - Minimum Variance,Equity - Minimum Variance Sentiment Tilt,Equity,sentiment_tilt,Sentiment Tilt,NUE,Materials,Equity,7.755099451007104e-18,6.871933672188064e-18,-0.731392577239801,0.8902911134140299,0.15,2022-04-29
2022-04-29,2022-05-02,2022-05-31,Equity - Minimum Variance,Equity - Minimum Variance Sentiment Tilt,Equity,sentiment_tilt,Sentiment Tilt,NVDA,Tech,Equity,7.535177699891566e-18,6.467931895835119e-18,-0.9172851081549749,0.8624072337767538,0.15,2022-04-29
2022-04-29,2022-05-02,2022-05-31,Equity - Minimum Variance,Equity - Minimum Variance Sentiment Tilt,Equity,sentiment_tilt,Sentiment Tilt,O,RealEstate,Equity,0.0,0.0,0.24259044047475994,1.036388566071214,0.15,2022-04-29
2022-04-29,2022-05-02,2022-05-31,Equity - Minimum Variance,Equity - Minimum Variance Sentiment Tilt,Equity,sentiment_tilt,Sentiment Tilt,OXY,Energy,Equity,1.7015284550224208e-17,1.508245165597124e-17,-0.7294634027705725,0.8905804895844142,0.15,2022-04-29
2022-04-29,2022-05-02,2022-05-31,Equity - Minimum Variance,Equity - Minimum Variance Sentiment Tilt,Equity,sentiment_tilt,Sentiment Tilt,PLD,RealEstate,Equity,6.54688256121122e-18,6.753310417519815e-18,0.24259044047475994,1.036388566071214,0.15,2022-04-29
2022-04-29,2022-05-02,2022-05-31,Equity - Minimum Variance,Equity - Minimum Variance Sentiment Tilt,Equity,sentiment_tilt,Sentiment Tilt,PSA,RealEstate,Equity,0.07288683403528713,0.07518500767172412,0.24259044047475994,1.036388566071214,0.15,2022-04-29
2022-04-29,2022-05-02,2022-05-31,Equity - Minimum Variance,Equity - Minimum Variance Sentiment Tilt,Equity,sentiment_tilt,Sentiment Tilt,QCOM,Tech,Equity,0.0,0.0,-0.9172851081549749,0.8624072337767538,0.15,2022-04-29
2022-04-29,2022-05-02,2022-05-31,Equity - Minimum Variance,Equity - Minimum Variance Sentiment Tilt,Equity,sentiment_tilt,Sentiment Tilt,SBUX,Consumer,Equity,4.4670800720875e-18,4.190896533353513e-18,-0.3827214015954957,0.9425917897606757,0.15,2022-04-29
2022-04-29,2022-05-02,2022-05-31,Equity - Minimum Variance,Equity - Minimum Variance Sentiment Tilt,Equity,sentiment_tilt,Sentiment Tilt,SHW,Materials,Equity,1.5995423874089754e-18,1.4173833954766849e-18,-0.731392577239801,0.8902911134140299,0.15,2022-04-29
2022-04-29,2022-05-02,2022-05-31,Equity - Minimum Variance,Equity - Minimum Variance Sentiment Tilt,Equity,sentiment_tilt,Sentiment Tilt,SLB,Energy,Equity,4.595894650886811e-18,4.0738289555682896e-18,-0.7294634027705725,0.8905804895844142,0.15,2022-04-29
2022-04-29,2022-05-02,2022-05-31,Equity - Minimum Variance,Equity - Minimum Variance Sentiment Tilt,Equity,sentiment_tilt,Sentiment Tilt,SO,Utilities,Equity,1.2601034817871433e-17,1.3572009603408507e-17,0.547516065051499,1.082127409757725,0.15,2022-04-29
2022-04-29,2022-05-02,2022-05-31,Equity - Minimum Variance,Equity - Minimum Variance Sentiment Tilt,Equity,sentiment_tilt,Sentiment Tilt,T,Comm,Equity,0.0,0.0,0.2891942115892788,1.0433791317383918,0.15,2022-04-29
2022-04-29,2022-05-02,2022-05-31,Equity - Minimum Variance,Equity - Minimum Variance Sentiment Tilt,Equity,sentiment_tilt,Sentiment Tilt,TMUS,Comm,Equity,2.3389143716927446e-18,2.4289356984826144e-18,0.2891942115892788,1.0433791317383918,0.15,2022-04-29
2022-04-29,2022-05-02,2022-05-31,Equity - Minimum Variance,Equity - Minimum Variance Sentiment Tilt,Equity,sentiment_tilt,Sentiment Tilt,TTWO,Comm,Equity,0.03786741361155303,0.03932487390025342,0.2891942115892788,1.0433791317383918,0.15,2022-04-29
2022-04-29,2022-05-02,2022-05-31,Equity - Minimum Variance,Equity - Minimum Variance Sentiment Tilt,Equity,sentiment_tilt,Sentiment Tilt,UPS,Industrials,Equity,0.013890638321351066,0.015795639235714865,0.9499867557289807,1.1424980133593472,0.15,2022-04-29
2022-04-29,2022-05-02,2022-05-31,Equity - Minimum Variance,Equity - Minimum Variance Sentiment Tilt,Equity,sentiment_tilt,Sentiment Tilt,USB,Financials,Equity,3.723473490283131e-18,4.377918508070053e-18,1.2086603925587989,1.18129905888382,0.15,2022-04-29
2022-04-29,2022-05-02,2022-05-31,Equity - Minimum Variance,Equity - Minimum Variance Sentiment Tilt,Equity,sentiment_tilt,Sentiment Tilt,V,Financials,Equity,0.0,0.0,1.2086603925587989,1.18129905888382,0.15,2022-04-29
2022-04-29,2022-05-02,2022-05-31,Equity - Minimum Variance,Equity - Minimum Variance Sentiment Tilt,Equity,sentiment_tilt,Sentiment Tilt,WFC,Financials,Equity,5.094847958368506e-19,5.990328447604539e-19,1.2086603925587989,1.18129905888382,0.15,2022-04-29
2022-04-29,2022-05-02,2022-05-31,Equity - Minimum Variance,Equity - Minimum Variance Sentiment Tilt,Equity,sentiment_tilt,Sentiment Tilt,WMT,Consumer,Equity,0.21457629646781215,0.20130981368027176,-0.3827214015954957,0.9425917897606757,0.15,2022-04-29
2022-04-29,2022-05-02,2022-05-31,Equity - Minimum Variance,Equity - Minimum Variance Sentiment Tilt,Equity,sentiment_tilt,Sentiment Tilt,XOM,Energy,Equity,0.0,0.0,-0.7294634027705725,0.8905804895844142,0.15,2022-04-29
2022-05-31,2022-06-01,2022-06-30,Equity - Minimum Variance,Equity - Minimum Variance Sentiment Tilt,Equity,sentiment_tilt,Sentiment Tilt,ABBV,Healthcare,Equity,0.12844503885800138,0.14214430225229943,1.7613444411079675,1.264201666166195,0.15,2022-05-31
2022-05-31,2022-06-01,2022-06-30,Equity - Minimum Variance,Equity - Minimum Variance Sentiment Tilt,Equity,sentiment_tilt,Sentiment Tilt,ABT,Healthcare,Equity,1.0590440404986372e-17,1.1719960344872219e-17,1.7613444411079675,1.264201666166195,0.15,2022-05-31
2022-05-31,2022-06-01,2022-06-30,Equity - Minimum Variance,Equity - Minimum Variance Sentiment Tilt,Equity,sentiment_tilt,Sentiment Tilt,ADBE,Tech,Equity,0.0,0.0,1.2998059936736848,1.1949708990510528,0.15,2022-05-31
2022-05-31,2022-06-01,2022-06-30,Equity - Minimum Variance,Equity - Minimum Variance Sentiment Tilt,Equity,sentiment_tilt,Sentiment Tilt,AEP,Utilities,Equity,0.024398433255714853,0.02155047430352537,0.06012336155352102,1.0090185042330282,0.15,2022-05-31
2022-05-31,2022-06-01,2022-06-30,Equity - Minimum Variance,Equity - Minimum Variance Sentiment Tilt,Equity,sentiment_tilt,Sentiment Tilt,AMD,Tech,Equity,1.5920692506343077e-17,1.665386526284187e-17,1.2998059936736848,1.1949708990510528,0.15,2022-05-31
2022-05-31,2022-06-01,2022-06-30,Equity - Minimum Variance,Equity - Minimum Variance Sentiment Tilt,Equity,sentiment_tilt,Sentiment Tilt,AMGN,Healthcare,Equity,1.7111831394023604e-17,1.893688814599908e-17,1.7613444411079675,1.264201666166195,0.15,2022-05-31
2022-05-31,2022-06-01,2022-06-30,Equity - Minimum Variance,Equity - Minimum Variance Sentiment Tilt,Equity,sentiment_tilt,Sentiment Tilt,AMT,RealEstate,Equity,1.7083794464186157e-18,1.5244720120602311e-18,0.12925079374797957,1.0193876190621969,0.15,2022-05-31
2022-05-31,2022-06-01,2022-06-30,Equity - Minimum Variance,Equity - Minimum Variance Sentiment Tilt,Equity,sentiment_tilt,Sentiment Tilt,BA,Industrials,Equity,8.400190734003505e-18,9.559347794944619e-18,2.0,1.3,0.15,2022-05-31
2022-05-31,2022-06-01,2022-06-30,Equity - Minimum Variance,Equity - Minimum Variance Sentiment Tilt,Equity,sentiment_tilt,Sentiment Tilt,CAT,Industrials,Equity,2.4953479866159812e-17,2.839685434393497e-17,2.0,1.3,0.15,2022-05-31
2022-05-31,2022-06-01,2022-06-30,Equity - Minimum Variance,Equity - Minimum Variance Sentiment Tilt,Equity,sentiment_tilt,Sentiment Tilt,CCI,RealEstate,Equity,5.17766233834559e-18,4.6202858148716326e-18,0.12925079374797957,1.0193876190621969,0.15,2022-05-31
2022-05-31,2022-06-01,2022-06-30,Equity - Minimum Variance,Equity - Minimum Variance Sentiment Tilt,Equity,sentiment_tilt,Sentiment Tilt,CMCSA,Comm,Equity,1.5705284159489236e-17,1.5071614865695158e-17,0.6418117201061145,1.0962717580159171,0.15,2022-05-31
2022-05-31,2022-06-01,2022-06-30,Equity - Minimum Variance,Equity - Minimum Variance Sentiment Tilt,Equity,sentiment_tilt,Sentiment Tilt,COP,Energy,Equity,8.92449273204617e-18,8.830992913497347e-18,0.869300087391076,1.1303950131086613,0.15,2022-05-31
2022-05-31,2022-06-01,2022-06-30,Equity - Minimum Variance,Equity - Minimum Variance Sentiment Tilt,Equity,sentiment_tilt,Sentiment Tilt,CVX,Energy,Equity,2.7582548669574302e-18,2.7293572772215033e-18,0.869300087391076,1.1303950131086613,0.15,2022-05-31
2022-05-31,2022-06-01,2022-06-30,Equity - Minimum Variance,Equity - Minimum Variance Sentiment Tilt,Equity,sentiment_tilt,Sentiment Tilt,D,Utilities,Equity,0.0,0.0,0.06012336155352102,1.0090185042330282,0.15,2022-05-31
2022-05-31,2022-06-01,2022-06-30,Equity - Minimum Variance,Equity - Minimum Variance Sentiment Tilt,Equity,sentiment_tilt,Sentiment Tilt,DD,Materials,Equity,0.0,0.0,0.04710550072809058,1.0070658251092135,0.15,2022-05-31
2022-05-31,2022-06-01,2022-06-30,Equity - Minimum Variance,Equity - Minimum Variance Sentiment Tilt,Equity,sentiment_tilt,Sentiment Tilt,DIS,Consumer,Equity,0.011859273187475733,0.01046518121602568,0.053834445686836284,1.0080751668530255,0.15,2022-05-31
2022-05-31,2022-06-01,2022-06-30,Equity - Minimum Variance,Equity - Minimum Variance Sentiment Tilt,Equity,sentiment_tilt,Sentiment Tilt,DOW,Materials,Equity,2.282029037541868e-17,2.011753603078381e-17,0.04710550072809058,1.0070658251092135,0.15,2022-05-31
2022-05-31,2022-06-01,2022-06-30,Equity - Minimum Variance,Equity - Minimum Variance Sentiment Tilt,Equity,sentiment_tilt,Sentiment Tilt,DUK,Utilities,Equity,0.0,0.0,0.06012336155352102,1.0090185042330282,0.15,2022-05-31
2022-05-31,2022-06-01,2022-06-30,Equity - Minimum Variance,Equity - Minimum Variance Sentiment Tilt,Equity,sentiment_tilt,Sentiment Tilt,EA,Comm,Equity,0.08801997957009715,0.08446859153231671,0.6418117201061145,1.0962717580159171,0.15,2022-05-31
2022-05-31,2022-06-01,2022-06-30,Equity - Minimum Variance,Equity - Minimum Variance Sentiment Tilt,Equity,sentiment_tilt,Sentiment Tilt,GE,Industrials,Equity,1.857432058012425e-18,2.1137423673186215e-18,2.0,1.3,0.15,2022-05-31
2022-05-31,2022-06-01,2022-06-30,Equity - Minimum Variance,Equity - Minimum Variance Sentiment Tilt,Equity,sentiment_tilt,Sentiment Tilt,GILD,Healthcare,Equity,0.1328206767259544,0.14698662233860907,1.7613444411079675,1.264201666166195,0.15,2022-05-31
2022-05-31,2022-06-01,2022-06-30,Equity - Minimum Variance,Equity - Minimum Variance Sentiment Tilt,Equity,sentiment_tilt,Sentiment Tilt,GS,Financials,Equity,5.1575899471494606e-18,4.2083069399640334e-18,-0.4526333790741345,0.9321049931388798,0.15,2022-05-31
2022-05-31,2022-06-01,2022-06-30,Equity - Minimum Variance,Equity - Minimum Variance Sentiment Tilt,Equity,sentiment_tilt,Sentiment Tilt,INTC,Tech,Equity,0.0,0.0,1.2998059936736848,1.1949708990510528,0.15,2022-05-31
2022-05-31,2022-06-01,2022-06-30,Equity - Minimum Variance,Equity - Minimum Variance Sentiment Tilt,Equity,sentiment_tilt,Sentiment Tilt,KO,Consumer,Equity,0.015009874620941641,0.013245420309894557,0.053834445686836284,1.0080751668530255,0.15,2022-05-31
2022-05-31,2022-06-01,2022-06-30,Equity - Minimum Variance,Equity - Minimum Variance Sentiment Tilt,Equity,sentiment_tilt,Sentiment Tilt,MMM,Industrials,Equity,0.09728116055952342,0.11070515862455005,2.0,1.3,0.15,2022-05-31
2022-05-31,2022-06-01,2022-06-30,Equity - Minimum Variance,Equity - Minimum Variance Sentiment Tilt,Equity,sentiment_tilt,Sentiment Tilt,MRK,Healthcare,Equity,0.08979766034632218,0.09937500029042037,1.7613444411079675,1.264201666166195,0.15,2022-05-31
2022-05-31,2022-06-01,2022-06-30,Equity - Minimum Variance,Equity - Minimum Variance Sentiment Tilt,Equity,sentiment_tilt,Sentiment Tilt,MS,Financials,Equity,9.473269438819717e-18,7.729661708676142e-18,-0.4526333790741345,0.9321049931388798,0.15,2022-05-31
2022-05-31,2022-06-01,2022-06-30,Equity - Minimum Variance,Equity - Minimum Variance Sentiment Tilt,Equity,sentiment_tilt,Sentiment Tilt,NEE,Utilities,Equity,0.0,0.0,0.06012336155352102,1.0090185042330282,0.15,2022-05-31
2022-05-31,2022-06-01,2022-06-30,Equity - Minimum Variance,Equity - Minimum Variance Sentiment Tilt,Equity,sentiment_tilt,Sentiment Tilt,NEM,Materials,Equity,0.10551771794385285,0.09302057325738991,0.04710550072809058,1.0070658251092135,0.15,2022-05-31
2022-05-31,2022-06-01,2022-06-30,Equity - Minimum Variance,Equity - Minimum Variance Sentiment Tilt,Equity,sentiment_tilt,Sentiment Tilt,NKE,Consumer,Equity,4.647041180214537e-19,4.1007680066463177e-19,0.053834445686836284,1.0080751668530255,0.15,2022-05-31
2022-05-31,2022-06-01,2022-06-30,Equity - Minimum Variance,Equity - Minimum Variance Sentiment Tilt,Equity,sentiment_tilt,Sentiment Tilt,NUE,Materials,Equity,4.55811574201619e-18,4.018268661965315e-18,0.04710550072809058,1.0070658251092135,0.15,2022-05-31
2022-05-31,2022-06-01,2022-06-30,Equity - Minimum Variance,Equity - Minimum Variance Sentiment Tilt,Equity,sentiment_tilt,Sentiment Tilt,NVDA,Tech,Equity,0.0,0.0,1.2998059936736848,1.1949708990510528,0.15,2022-05-31
2022-05-31,2022-06-01,2022-06-30,Equity - Minimum Variance,Equity - Minimum Variance Sentiment Tilt,Equity,sentiment_tilt,Sentiment Tilt,O,RealEstate,Equity,1.936038537313253e-18,1.7276235502548135e-18,0.12925079374797957,1.0193876190621969,0.15,2022-05-31
2022-05-31,2022-06-01,2022-06-30,Equity - Minimum Variance,Equity - Minimum Variance Sentiment Tilt,Equity,sentiment_tilt,Sentiment Tilt,OXY,Energy,Equity,1.9021324005426088e-18,1.882204205221439e-18,0.869300087391076,1.1303950131086613,0.15,2022-05-31
2022-05-31,2022-06-01,2022-06-30,Equity - Minimum Variance,Equity - Minimum Variance Sentiment Tilt,Equity,sentiment_tilt,Sentiment Tilt,PLD,RealEstate,Equity,2.1984492790517496e-18,1.961785716208594e-18,0.12925079374797957,1.0193876190621969,0.15,2022-05-31
2022-05-31,2022-06-01,2022-06-30,Equity - Minimum Variance,Equity - Minimum Variance Sentiment Tilt,Equity,sentiment_tilt,Sentiment Tilt,PSA,RealEstate,Equity,0.06449456178853649,0.05755170760385107,0.12925079374797957,1.0193876190621969,0.15,2022-05-31
2022-05-31,2022-06-01,2022-06-30,Equity - Minimum Variance,Equity - Minimum Variance Sentiment Tilt,Equity,sentiment_tilt,Sentiment Tilt,QCOM,Tech,Equity,2.5758008370663815e-18,2.6944204887650396e-18,1.2998059936736848,1.1949708990510528,0.15,2022-05-31
2022-05-31,2022-06-01,2022-06-30,Equity - Minimum Variance,Equity - Minimum Variance Sentiment Tilt,Equity,sentiment_tilt,Sentiment Tilt,SBUX,Consumer,Equity,0.0,0.0,0.053834445686836284,1.0080751668530255,0.15,2022-05-31
2022-05-31,2022-06-01,2022-06-30,Equity - Minimum Variance,Equity - Minimum Variance Sentiment Tilt,Equity,sentiment_tilt,Sentiment Tilt,SHW,Materials,Equity,0.0,0.0,0.04710550072809058,1.0070658251092135,0.15,2022-05-31
2022-05-31,2022-06-01,2022-06-30,Equity - Minimum Variance,Equity - Minimum Variance Sentiment Tilt,Equity,sentiment_tilt,Sentiment Tilt,SLB,Energy,Equity,0.0,0.0,0.869300087391076,1.1303950131086613,0.15,2022-05-31
2022-05-31,2022-06-01,2022-06-30,Equity - Minimum Variance,Equity - Minimum Variance Sentiment Tilt,Equity,sentiment_tilt,Sentiment Tilt,SO,Utilities,Equity,0.0,0.0,0.06012336155352102,1.0090185042330282,0.15,2022-05-31
2022-05-31,2022-06-01,2022-06-30,Equity - Minimum Variance,Equity - Minimum Variance Sentiment Tilt,Equity,sentiment_tilt,Sentiment Tilt,T,Comm,Equity,2.586850841506273e-20,2.482477820983911e-20,0.6418117201061145,1.0962717580159171,0.15,2022-05-31
2022-05-31,2022-06-01,2022-06-30,Equity - Minimum Variance,Equity - Minimum Variance Sentiment Tilt,Equity,sentiment_tilt,Sentiment Tilt,TMUS,Comm,Equity,8.35938612311888e-18,8.022105609923693e-18,0.6418117201061145,1.0962717580159171,0.15,2022-05-31
2022-05-31,2022-06-01,2022-06-30,Equity - Minimum Variance,Equity - Minimum Variance Sentiment Tilt,Equity,sentiment_tilt,Sentiment Tilt,TTWO,Comm,Equity,0.04166292850962248,0.03998193259652821,0.6418117201061145,1.0962717580159171,0.15,2022-05-31
2022-05-31,2022-06-01,2022-06-30,Equity - Minimum Variance,Equity - Minimum Variance Sentiment Tilt,Equity,sentiment_tilt,Sentiment Tilt,UPS,Industrials,Equity,0.013321936095834576,0.015160253436461582,2.0,1.3,0.15,2022-05-31
2022-05-31,2022-06-01,2022-06-30,Equity - Minimum Variance,Equity - Minimum Variance Sentiment Tilt,Equity,sentiment_tilt,Sentiment Tilt,USB,Financials,Equity,7.13892428741693e-18,5.8249657166364596e-18,-0.4526333790741345,0.9321049931388798,0.15,2022-05-31
2022-05-31,2022-06-01,2022-06-30,Equity - Minimum Variance,Equity - Minimum Variance Sentiment Tilt,Equity,sentiment_tilt,Sentiment Tilt,V,Financials,Equity,0.0,0.0,-0.4526333790741345,0.9321049931388798,0.15,2022-05-31
2022-05-31,2022-06-01,2022-06-30,Equity - Minimum Variance,Equity - Minimum Variance Sentiment Tilt,Equity,sentiment_tilt,Sentiment Tilt,WFC,Financials,Equity,0.0,0.0,-0.4526333790741345,0.9321049931388798,0.15,2022-05-31
2022-05-31,2022-06-01,2022-06-30,Equity - Minimum Variance,Equity - Minimum Variance Sentiment Tilt,Equity,sentiment_tilt,Sentiment Tilt,WMT,Consumer,Equity,0.1873707585381226,0.16534478223812787,0.053834445686836284,1.0080751668530255,0.15,2022-05-31
2022-05-31,2022-06-01,2022-06-30,Equity - Minimum Variance,Equity - Minimum Variance Sentiment Tilt,Equity,sentiment_tilt,Sentiment Tilt,XOM,Energy,Equity,0.0,0.0,0.869300087391076,1.1303950131086613,0.15,2022-05-31
2022-06-30,2022-07-01,2022-07-29,Equity - Minimum Variance,Equity - Minimum Variance Sentiment Tilt,Equity,sentiment_tilt,Sentiment Tilt,ABBV,Healthcare,Equity,0.1227466161814115,0.10822586475634534,-0.4224046192924144,0.9366393071061379,0.15,2022-06-30
2022-06-30,2022-07-01,2022-07-29,Equity - Minimum Variance,Equity - Minimum Variance Sentiment Tilt,Equity,sentiment_tilt,Sentiment Tilt,ABT,Healthcare,Equity,0.0,0.0,-0.4224046192924144,0.9366393071061379,0.15,2022-06-30
2022-06-30,2022-07-01,2022-07-29,Equity - Minimum Variance,Equity - Minimum Variance Sentiment Tilt,Equity,sentiment_tilt,Sentiment Tilt,ADBE,Tech,Equity,5.643501365507461e-18,5.2835890341518156e-18,-0.03626284045347883,0.9945605739319782,0.15,2022-06-30
2022-06-30,2022-07-01,2022-07-29,Equity - Minimum Variance,Equity - Minimum Variance Sentiment Tilt,Equity,sentiment_tilt,Sentiment Tilt,AEP,Utilities,Equity,0.01701046788747603,0.015233718176491213,-0.3243307289090404,0.9513503906636439,0.15,2022-06-30
2022-06-30,2022-07-01,2022-07-29,Equity - Minimum Variance,Equity - Minimum Variance Sentiment Tilt,Equity,sentiment_tilt,Sentiment Tilt,AMD,Tech,Equity,0.0,0.0,-0.03626284045347883,0.9945605739319782,0.15,2022-06-30
2022-06-30,2022-07-01,2022-07-29,Equity - Minimum Variance,Equity - Minimum Variance Sentiment Tilt,Equity,sentiment_tilt,Sentiment Tilt,AMGN,Healthcare,Equity,0.0,0.0,-0.4224046192924144,0.9366393071061379,0.15,2022-06-30
2022-06-30,2022-07-01,2022-07-29,Equity - Minimum Variance,Equity - Minimum Variance Sentiment Tilt,Equity,sentiment_tilt,Sentiment Tilt,AMT,RealEstate,Equity,1.5594811179056196e-17,1.403128157356915e-17,-0.29465146013507887,0.9558022809797382,0.15,2022-06-30
2022-06-30,2022-07-01,2022-07-29,Equity - Minimum Variance,Equity - Minimum Variance Sentiment Tilt,Equity,sentiment_tilt,Sentiment Tilt,BA,Industrials,Equity,0.0,0.0,1.7963975905018426,1.2694596385752763,0.15,2022-06-30
2022-06-30,2022-07-01,2022-07-29,Equity - Minimum Variance,Equity - Minimum Variance Sentiment Tilt,Equity,sentiment_tilt,Sentiment Tilt,CAT,Industrials,Equity,1.0650535436143821e-17,1.272739420481336e-17,1.7963975905018426,1.2694596385752763,0.15,2022-06-30
2022-06-30,2022-07-01,2022-07-29,Equity - Minimum Variance,Equity - Minimum Variance Sentiment Tilt,Equity,sentiment_tilt,Sentiment Tilt,CCI,RealEstate,Equity,6.7090422962679525e-18,6.036396367167669e-18,-0.29465146013507887,0.9558022809797382,0.15,2022-06-30
2022-06-30,2022-07-01,2022-07-29,Equity - Minimum Variance,Equity - Minimum Variance Sentiment Tilt,Equity,sentiment_tilt,Sentiment Tilt,CMCSA,Comm,Equity,8.07115224022455e-18,8.360684823214553e-18,0.6694443879106973,1.1004166581866046,0.15,2022-06-30
2022-06-30,2022-07-01,2022-07-29,Equity - Minimum Variance,Equity - Minimum Variance Sentiment Tilt,Equity,sentiment_tilt,Sentiment Tilt,COP,Energy,Equity,2.614289287260285e-18,2.0070526330638114e-18,-1.2295994427348653,0.8155600835897702,0.15,2022-06-30
2022-06-30,2022-07-01,2022-07-29,Equity - Minimum Variance,Equity - Minimum Variance Sentiment Tilt,Equity,sentiment_tilt,Sentiment Tilt,CVX,Energy,Equity,7.863194416148488e-19,6.036763082850136e-19,-1.2295994427348653,0.8155600835897702,0.15,2022-06-30
2022-06-30,2022-07-01,2022-07-29,Equity - Minimum Variance,Equity - Minimum Variance Sentiment Tilt,Equity,sentiment_tilt,Sentiment Tilt,D,Utilities,Equity,2.902124144538398e-19,2.598996195962273e-19,-0.3243307289090404,0.9513503906636439,0.15,2022-06-30
2022-06-30,2022-07-01,2022-07-29,Equity - Minimum Variance,Equity - Minimum Variance Sentiment Tilt,Equity,sentiment_tilt,Sentiment Tilt,DD,Materials,Equity,1.4623669482999313e-17,1.3719942386815695e-17,-0.02227064986519509,0.9966594025202208,0.15,2022-06-30
2022-06-30,2022-07-01,2022-07-29,Equity - Minimum Variance,Equity - Minimum Variance Sentiment Tilt,Equity,sentiment_tilt,Sentiment Tilt,DIS,Consumer,Equity,0.0074417704425116925,0.00834368320019599,1.273710306757192,1.191056546013579,0.15,2022-06-30
2022-06-30,2022-07-01,2022-07-29,Equity - Minimum Variance,Equity - Minimum Variance Sentiment Tilt,Equity,sentiment_tilt,Sentiment Tilt,DOW,Materials,Equity,1.0095704668924474e-17,9.471800943872337e-18,-0.02227064986519509,0.9966594025202208,0.15,2022-06-30
2022-06-30,2022-07-01,2022-07-29,Equity - Minimum Variance,Equity - Minimum Variance Sentiment Tilt,Equity,sentiment_tilt,Sentiment Tilt,DUK,Utilities,Equity,1.7081737799512568e-19,1.5297543919651827e-19,-0.3243307289090404,0.9513503906636439,0.15,2022-06-30
2022-06-30,2022-07-01,2022-07-29,Equity - Minimum Variance,Equity - Minimum Variance Sentiment Tilt,Equity,sentiment_tilt,Sentiment Tilt,EA,Comm,Equity,0.09197061941459526,0.09526983744514966,0.6694443879106973,1.1004166581866046,0.15,2022-06-30
2022-06-30,2022-07-01,2022-07-29,Equity - Minimum Variance,Equity - Minimum Variance Sentiment Tilt,Equity,sentiment_tilt,Sentiment Tilt,GE,Industrials,Equity,0.0,0.0,1.7963975905018426,1.2694596385752763,0.15,2022-06-30
2022-06-30,2022-07-01,2022-07-29,Equity - Minimum Variance,Equity - Minimum Variance Sentiment Tilt,Equity,sentiment_tilt,Sentiment Tilt,GILD,Healthcare,Equity,0.13398531560051988,0.11813504189872784,-0.4224046192924144,0.9366393071061379,0.15,2022-06-30
2022-06-30,2022-07-01,2022-07-29,Equity - Minimum Variance,Equity - Minimum Variance Sentiment Tilt,Equity,sentiment_tilt,Sentiment Tilt,GS,Financials,Equity,1.1187717482361952e-17,1.1123640885483597e-17,0.3748312187244856,1.0562246828086728,0.15,2022-06-30
2022-06-30,2022-07-01,2022-07-29,Equity - Minimum Variance,Equity - Minimum Variance Sentiment Tilt,Equity,sentiment_tilt,Sentiment Tilt,INTC,Tech,Equity,0.0,0.0,-0.03626284045347883,0.9945605739319782,0.15,2022-06-30
2022-06-30,2022-07-01,2022-07-29,Equity - Minimum Variance,Equity - Minimum Variance Sentiment Tilt,Equity,sentiment_tilt,Sentiment Tilt,KO,Consumer,Equity,0.029401182928640354,0.03296448848599379,1.273710306757192,1.191056546013579,0.15,2022-06-30
2022-06-30,2022-07-01,2022-07-29,Equity - Minimum Variance,Equity - Minimum Variance Sentiment Tilt,Equity,sentiment_tilt,Sentiment Tilt,MMM,Industrials,Equity,0.10149842786250472,0.12129066283287517,1.7963975905018426,1.2694596385752763,0.15,2022-06-30
2022-06-30,2022-07-01,2022-07-29,Equity - Minimum Variance,Equity - Minimum Variance Sentiment Tilt,Equity,sentiment_tilt,Sentiment Tilt,MRK,Healthcare,Equity,0.08641842968736155,0.07619525144365231,-0.4224046192924144,0.9366393071061379,0.15,2022-06-30
2022-06-30,2022-07-01,2022-07-29,Equity - Minimum Variance,Equity - Minimum Variance Sentiment Tilt,Equity,sentiment_tilt,Sentiment Tilt,MS,Financials,Equity,0.0,0.0,0.3748312187244856,1.0562246828086728,0.15,2022-06-30
2022-06-30,2022-07-01,2022-07-29,Equity - Minimum Variance,Equity - Minimum Variance Sentiment Tilt,Equity,sentiment_tilt,Sentiment Tilt,NEE,Utilities,Equity,7.166632823865454e-18,6.4180753542668565e-18,-0.3243307289090404,0.9513503906636439,0.15,2022-06-30
2022-06-30,2022-07-01,2022-07-29,Equity - Minimum Variance,Equity - Minimum Variance Sentiment Tilt,Equity,sentiment_tilt,Sentiment Tilt,NEM,Materials,Equity,0.10457549416952365,0.09811284074401645,-0.02227064986519509,0.9966594025202208,0.15,2022-06-30
2022-06-30,2022-07-01,2022-07-29,Equity - Minimum Variance,Equity - Minimum Variance Sentiment Tilt,Equity,sentiment_tilt,Sentiment Tilt,NKE,Consumer,Equity,0.0,0.0,1.273710306757192,1.191056546013579,0.15,2022-06-30
2022-06-30,2022-07-01,2022-07-29,Equity - Minimum Variance,Equity - Minimum Variance Sentiment Tilt,Equity,sentiment_tilt,Sentiment Tilt,NUE,Materials,Equity,0.0,0.0,-0.02227064986519509,0.9966594025202208,0.15,2022-06-30
2022-06-30,2022-07-01,2022-07-29,Equity - Minimum Variance,Equity - Minimum Variance Sentiment Tilt,Equity,sentiment_tilt,Sentiment Tilt,NVDA,Tech,Equity,0.0,0.0,-0.03626284045347883,0.9945605739319782,0.15,2022-06-30
2022-06-30,2022-07-01,2022-07-29,Equity - Minimum Variance,Equity - Minimum Variance Sentiment Tilt,Equity,sentiment_tilt,Sentiment Tilt,O,RealEstate,Equity,1.5189600321172897e-18,1.3666696996151252e-18,-0.29465146013507887,0.9558022809797382,0.15,2022-06-30
2022-06-30,2022-07-01,2022-07-29,Equity - Minimum Variance,Equity - Minimum Variance Sentiment Tilt,Equity,sentiment_tilt,Sentiment Tilt,OXY,Energy,Equity,0.0,0.0,-1.2295994427348653,0.8155600835897702,0.15,2022-06-30
2022-06-30,2022-07-01,2022-07-29,Equity - Minimum Variance,Equity - Minimum Variance Sentiment Tilt,Equity,sentiment_tilt,Sentiment Tilt,PLD,RealEstate,Equity,1.6818674013860066e-17,1.5132440404246246e-17,-0.29465146013507887,0.9558022809797382,0.15,2022-06-30
2022-06-30,2022-07-01,2022-07-29,Equity - Minimum Variance,Equity - Minimum Variance Sentiment Tilt,Equity,sentiment_tilt,Sentiment Tilt,PSA,RealEstate,Equity,0.062353268900231386,0.05610175480332862,-0.29465146013507887,0.9558022809797382,0.15,2022-06-30
2022-06-30,2022-07-01,2022-07-29,Equity - Minimum Variance,Equity - Minimum Variance Sentiment Tilt,Equity,sentiment_tilt,Sentiment Tilt,QCOM,Tech,Equity,6.250700508864269e-18,5.8520642639080376e-18,-0.03626284045347883,0.9945605739319782,0.15,2022-06-30
2022-06-30,2022-07-01,2022-07-29,Equity - Minimum Variance,Equity - Minimum Variance Sentiment Tilt,Equity,sentiment_tilt,Sentiment Tilt,SBUX,Consumer,Equity,0.0,0.0,1.273710306757192,1.191056546013579,0.15,2022-06-30
2022-06-30,2022-07-01,2022-07-29,Equity - Minimum Variance,Equity - Minimum Variance Sentiment Tilt,Equity,sentiment_tilt,Sentiment Tilt,SHW,Materials,Equity,0.0,0.0,-0.02227064986519509,0.9966594025202208,0.15,2022-06-30
2022-06-30,2022-07-01,2022-07-29,Equity - Minimum Variance,Equity - Minimum Variance Sentiment Tilt,Equity,sentiment_tilt,Sentiment Tilt,SLB,Energy,Equity,0.0,0.0,-1.2295994427348653,0.8155600835897702,0.15,2022-06-30
2022-06-30,2022-07-01,2022-07-29,Equity - Minimum Variance,Equity - Minimum Variance Sentiment Tilt,Equity,sentiment_tilt,Sentiment Tilt,SO,Utilities,Equity,7.861413148639723e-18,7.04028561516008e-18,-0.3243307289090404,0.9513503906636439,0.15,2022-06-30
2022-06-30,2022-07-01,2022-07-29,Equity - Minimum Variance,Equity - Minimum Variance Sentiment Tilt,Equity,sentiment_tilt,Sentiment Tilt,T,Comm,Equity,0.0,0.0,0.6694443879106973,1.1004166581866046,0.15,2022-06-30
2022-06-30,2022-07-01,2022-07-29,Equity - Minimum Variance,Equity - Minimum Variance Sentiment Tilt,Equity,sentiment_tilt,Sentiment Tilt,TMUS,Comm,Equity,0.0,0.0,0.6694443879106973,1.1004166581866046,0.15,2022-06-30
2022-06-30,2022-07-01,2022-07-29,Equity - Minimum Variance,Equity - Minimum Variance Sentiment Tilt,Equity,sentiment_tilt,Sentiment Tilt,TTWO,Comm,Equity,0.03641226061451407,0.03771846021953257,0.6694443879106973,1.1004166581866046,0.15,2022-06-30
2022-06-30,2022-07-01,2022-07-29,Equity - Minimum Variance,Equity - Minimum Variance Sentiment Tilt,Equity,sentiment_tilt,Sentiment Tilt,UPS,Industrials,Equity,0.016710584820726914,0.0199691556994027,1.7963975905018426,1.2694596385752763,0.15,2022-06-30
2022-06-30,2022-07-01,2022-07-29,Equity - Minimum Variance,Equity - Minimum Variance Sentiment Tilt,Equity,sentiment_tilt,Sentiment Tilt,USB,Financials,Equity,0.0,0.0,0.3748312187244856,1.0562246828086728,0.15,2022-06-30
2022-06-30,2022-07-01,2022-07-29,Equity - Minimum Variance,Equity - Minimum Variance Sentiment Tilt,Equity,sentiment_tilt,Sentiment Tilt,V,Financials,Equity,0.0,0.0,0.3748312187244856,1.0562246828086728,0.15,2022-06-30
2022-06-30,2022-07-01,2022-07-29,Equity - Minimum Variance,Equity - Minimum Variance Sentiment Tilt,Equity,sentiment_tilt,Sentiment Tilt,WFC,Financials,Equity,0.0,0.0,0.3748312187244856,1.0562246828086728,0.15,2022-06-30
2022-06-30,2022-07-01,2022-07-29,Equity - Minimum Variance,Equity - Minimum Variance Sentiment Tilt,Equity,sentiment_tilt,Sentiment Tilt,WMT,Consumer,Equity,0.18947556148998304,0.21243924029428826,1.273710306757192,1.191056546013579,0.15,2022-06-30
2022-06-30,2022-07-01,2022-07-29,Equity - Minimum Variance,Equity - Minimum Variance Sentiment Tilt,Equity,sentiment_tilt,Sentiment Tilt,XOM,Energy,Equity,0.0,0.0,-1.2295994427348653,0.8155600835897702,0.15,2022-06-30
2022-07-29,2022-08-01,2022-08-31,Equity - Minimum Variance,Equity - Minimum Variance Sentiment Tilt,Equity,sentiment_tilt,Sentiment Tilt,ABBV,Healthcare,Equity,0.12429704215875871,0.12859680279317184,0.7191093573934212,1.1078664036090131,0.15,2022-07-29
2022-07-29,2022-08-01,2022-08-31,Equity - Minimum Variance,Equity - Minimum Variance Sentiment Tilt,Equity,sentiment_tilt,Sentiment Tilt,ABT,Healthcare,Equity,6.44908791335447e-18,6.67217877582482e-18,0.7191093573934212,1.1078664036090131,0.15,2022-07-29
2022-07-29,2022-08-01,2022-08-31,Equity - Minimum Variance,Equity - Minimum Variance Sentiment Tilt,Equity,sentiment_tilt,Sentiment Tilt,ADBE,Tech,Equity,0.0,0.0,0.963166221410911,1.1444749332116366,0.15,2022-07-29
2022-07-29,2022-08-01,2022-08-31,Equity - Minimum Variance,Equity - Minimum Variance Sentiment Tilt,Equity,sentiment_tilt,Sentiment Tilt,AEP,Utilities,Equity,0.021332221153283322,0.022199412602554387,0.762364186729888,1.1143546280094832,0.15,2022-07-29
2022-07-29,2022-08-01,2022-08-31,Equity - Minimum Variance,Equity - Minimum Variance Sentiment Tilt,Equity,sentiment_tilt,Sentiment Tilt,AMD,Tech,Equity,4.6796470832645924e-18,5.001512649873294e-18,0.963166221410911,1.1444749332116366,0.15,2022-07-29
2022-07-29,2022-08-01,2022-08-31,Equity - Minimum Variance,Equity - Minimum Variance Sentiment Tilt,Equity,sentiment_tilt,Sentiment Tilt,AMGN,Healthcare,Equity,1.2584673124984886e-17,1.3020009969369754e-17,0.7191093573934212,1.1078664036090131,0.15,2022-07-29
2022-07-29,2022-08-01,2022-08-31,Equity - Minimum Variance,Equity - Minimum Variance Sentiment Tilt,Equity,sentiment_tilt,Sentiment Tilt,AMT,RealEstate,Equity,0.0,0.0,0.7535591226818107,1.1130338684022716,0.15,2022-07-29
2022-07-29,2022-08-01,2022-08-31,Equity - Minimum Variance,Equity - Minimum Variance Sentiment Tilt,Equity,sentiment_tilt,Sentiment Tilt,BA,Industrials,Equity,0.0,0.0,0.7574631148053107,1.1136194672207966,0.15,2022-07-29
2022-07-29,2022-08-01,2022-08-31,Equity - Minimum Variance,Equity - Minimum Variance Sentiment Tilt,Equity,sentiment_tilt,Sentiment Tilt,CAT,Industrials,Equity,0.0,0.0,0.7574631148053107,1.1136194672207966,0.15,2022-07-29
2022-07-29,2022-08-01,2022-08-31,Equity - Minimum Variance,Equity - Minimum Variance Sentiment Tilt,Equity,sentiment_tilt,Sentiment Tilt,CCI,RealEstate,Equity,0.0,0.0,0.7535591226818107,1.1130338684022716,0.15,2022-07-29
2022-07-29,2022-08-01,2022-08-31,Equity - Minimum Variance,Equity - Minimum Variance Sentiment Tilt,Equity,sentiment_tilt,Sentiment Tilt,CMCSA,Comm,Equity,0.0,0.0,0.6204249556511676,1.093063743347675,0.15,2022-07-29
2022-07-29,2022-08-01,2022-08-31,Equity - Minimum Variance,Equity - Minimum Variance Sentiment Tilt,Equity,sentiment_tilt,Sentiment Tilt,COP,Energy,Equity,0.0,0.0,1.8411731170057368,1.2761759675508606,0.15,2022-07-29
2022-07-29,2022-08-01,2022-08-31,Equity - Minimum Variance,Equity - Minimum Variance Sentiment Tilt,Equity,sentiment_tilt,Sentiment Tilt,CVX,Energy,Equity,1.1144662726275122e-17,1.3281877684746475e-17,1.8411731170057368,1.2761759675508606,0.15,2022-07-29
2022-07-29,2022-08-01,2022-08-31,Equity - Minimum Variance,Equity - Minimum Variance Sentiment Tilt,Equity,sentiment_tilt,Sentiment Tilt,D,Utilities,Equity,2.5193893360796843e-18,2.6218068421581236e-18,0.762364186729888,1.1143546280094832,0.15,2022-07-29
2022-07-29,2022-08-01,2022-08-31,Equity - Minimum Variance,Equity - Minimum Variance Sentiment Tilt,Equity,sentiment_tilt,Sentiment Tilt,DD,Materials,Equity,5.419748565346722e-19,4.504960412760757e-19,-0.7327888968668798,0.890081665469968,0.15,2022-07-29
2022-07-29,2022-08-01,2022-08-31,Equity - Minimum Variance,Equity - Minimum Variance Sentiment Tilt,Equity,sentiment_tilt,Sentiment Tilt,DIS,Consumer,Equity,0.003785261078637023,0.0036884382949717172,0.2895554277598554,1.0434333141639782,0.15,2022-07-29
2022-07-29,2022-08-01,2022-08-31,Equity - Minimum Variance,Equity - Minimum Variance Sentiment Tilt,Equity,sentiment_tilt,Sentiment Tilt,DOW,Materials,Equity,0.0,0.0,-0.7327888968668798,0.890081665469968,0.15,2022-07-29
2022-07-29,2022-08-01,2022-08-31,Equity - Minimum Variance,Equity - Minimum Variance Sentiment Tilt,Equity,sentiment_tilt,Sentiment Tilt,DUK,Utilities,Equity,9.270335456693744e-18,9.64719052406594e-18,0.762364186729888,1.1143546280094832,0.15,2022-07-29
2022-07-29,2022-08-01,2022-08-31,Equity - Minimum Variance,Equity - Minimum Variance Sentiment Tilt,Equity,sentiment_tilt,Sentiment Tilt,EA,Comm,Equity,0.09167986204292153,0.09358396139917989,0.6204249556511676,1.093063743347675,0.15,2022-07-29
2022-07-29,2022-08-01,2022-08-31,Equity - Minimum Variance,Equity - Minimum Variance Sentiment Tilt,Equity,sentiment_tilt,Sentiment Tilt,GE,Industrials,Equity,0.0,0.0,0.7574631148053107,1.1136194672207966,0.15,2022-07-29
2022-07-29,2022-08-01,2022-08-31,Equity - Minimum Variance,Equity - Minimum Variance Sentiment Tilt,Equity,sentiment_tilt,Sentiment Tilt,GILD,Healthcare,Equity,0.13245920852270285,0.1370413198954255,0.7191093573934212,1.1078664036090131,0.15,2022-07-29
2022-07-29,2022-08-01,2022-08-31,Equity - Minimum Variance,Equity - Minimum Variance Sentiment Tilt,Equity,sentiment_tilt,Sentiment Tilt,GS,Financials,Equity,1.529066769818503e-17,1.321500483353299e-17,-0.496915732577913,0.925462640113313,0.15,2022-07-29
2022-07-29,2022-08-01,2022-08-31,Equity - Minimum Variance,Equity - Minimum Variance Sentiment Tilt,Equity,sentiment_tilt,Sentiment Tilt,INTC,Tech,Equity,7.838888054799482e-18,8.378045837522722e-18,0.963166221410911,1.1444749332116366,0.15,2022-07-29
2022-07-29,2022-08-01,2022-08-31,Equity - Minimum Variance,Equity - Minimum Variance Sentiment Tilt,Equity,sentiment_tilt,Sentiment Tilt,KO,Consumer,Equity,0.030567852339001392,0.029785960550655362,0.2895554277598554,1.0434333141639782,0.15,2022-07-29
2022-07-29,2022-08-01,2022-08-31,Equity - Minimum Variance,Equity - Minimum Variance Sentiment Tilt,Equity,sentiment_tilt,Sentiment Tilt,MMM,Industrials,Equity,0.10830573978262975,0.11263419826672436,0.7574631148053107,1.1136194672207966,0.15,2022-07-29
2022-07-29,2022-08-01,2022-08-31,Equity - Minimum Variance,Equity - Minimum Variance Sentiment Tilt,Equity,sentiment_tilt,Sentiment Tilt,MRK,Healthcare,Equity,0.0870709199191391,0.09008293136662204,0.7191093573934212,1.1078664036090131,0.15,2022-07-29
2022-07-29,2022-08-01,2022-08-31,Equity - Minimum Variance,Equity - Minimum Variance Sentiment Tilt,Equity,sentiment_tilt,Sentiment Tilt,MS,Financials,Equity,2.1588196442998334e-17,1.8657662698100864e-17,-0.496915732577913,0.925462640113313,0.15,2022-07-29
2022-07-29,2022-08-01,2022-08-31,Equity - Minimum Variance,Equity - Minimum Variance Sentiment Tilt,Equity,sentiment_tilt,Sentiment Tilt,NEE,Utilities,Equity,6.768567166349234e-19,7.043721053433866e-19,0.762364186729888,1.1143546280094832,0.15,2022-07-29
2022-07-29,2022-08-01,2022-08-31,Equity - Minimum Variance,Equity - Minimum Variance Sentiment Tilt,Equity,sentiment_tilt,Sentiment Tilt,NEM,Materials,Equity,0.10028461344539481,0.0833577809253254,-0.7327888968668798,0.890081665469968,0.15,2022-07-29
2022-07-29,2022-08-01,2022-08-31,Equity - Minimum Variance,Equity - Minimum Variance Sentiment Tilt,Equity,sentiment_tilt,Sentiment Tilt,NKE,Consumer,Equity,8.457758597173668e-18,8.241418504922385e-18,0.2895554277598554,1.0434333141639782,0.15,2022-07-29
2022-07-29,2022-08-01,2022-08-31,Equity - Minimum Variance,Equity - Minimum Variance Sentiment Tilt,Equity,sentiment_tilt,Sentiment Tilt,NUE,Materials,Equity,0.0,0.0,-0.7327888968668798,0.890081665469968,0.15,2022-07-29
2022-07-29,2022-08-01,2022-08-31,Equity - Minimum Variance,Equity - Minimum Variance Sentiment Tilt,Equity,sentiment_tilt,Sentiment Tilt,NVDA,Tech,Equity,0.0,0.0,0.963166221410911,1.1444749332116366,0.15,2022-07-29
2022-07-29,2022-08-01,2022-08-31,Equity - Minimum Variance,Equity - Minimum Variance Sentiment Tilt,Equity,sentiment_tilt,Sentiment Tilt,O,RealEstate,Equity,4.263337094749802e-19,4.431390652192631e-19,0.7535591226818107,1.1130338684022716,0.15,2022-07-29
2022-07-29,2022-08-01,2022-08-31,Equity - Minimum Variance,Equity - Minimum Variance Sentiment Tilt,Equity,sentiment_tilt,Sentiment Tilt,OXY,Energy,Equity,0.0,0.0,1.8411731170057368,1.2761759675508606,0.15,2022-07-29
2022-07-29,2022-08-01,2022-08-31,Equity - Minimum Variance,Equity - Minimum Variance Sentiment Tilt,Equity,sentiment_tilt,Sentiment Tilt,PLD,RealEstate,Equity,7.762954992619924e-18,8.06895758490495e-18,0.7535591226818107,1.1130338684022716,0.15,2022-07-29
2022-07-29,2022-08-01,2022-08-31,Equity - Minimum Variance,Equity - Minimum Variance Sentiment Tilt,Equity,sentiment_tilt,Sentiment Tilt,PSA,RealEstate,Equity,0.05928469522182033,0.061621597913894585,0.7535591226818107,1.1130338684022716,0.15,2022-07-29
2022-07-29,2022-08-01,2022-08-31,Equity - Minimum Variance,Equity - Minimum Variance Sentiment Tilt,Equity,sentiment_tilt,Sentiment Tilt,QCOM,Tech,Equity,0.0,0.0,0.963166221410911,1.1444749332116366,0.15,2022-07-29
2022-07-29,2022-08-01,2022-08-31,Equity - Minimum Variance,Equity - Minimum Variance Sentiment Tilt,Equity,sentiment_tilt,Sentiment Tilt,SBUX,Consumer,Equity,0.0,0.0,0.2895554277598554,1.0434333141639782,0.15,2022-07-29
2022-07-29,2022-08-01,2022-08-31,Equity - Minimum Variance,Equity - Minimum Variance Sentiment Tilt,Equity,sentiment_tilt,Sentiment Tilt,SHW,Materials,Equity,1.4393877693586872e-17,1.1964364843478796e-17,-0.7327888968668798,0.890081665469968,0.15,2022-07-29
2022-07-29,2022-08-01,2022-08-31,Equity - Minimum Variance,Equity - Minimum Variance Sentiment Tilt,Equity,sentiment_tilt,Sentiment Tilt,SLB,Energy,Equity,2.9518044593998753e-19,3.517872791843741e-19,1.8411731170057368,1.2761759675508606,0.15,2022-07-29
2022-07-29,2022-08-01,2022-08-31,Equity - Minimum Variance,Equity - Minimum Variance Sentiment Tilt,Equity,sentiment_tilt,Sentiment Tilt,SO,Utilities,Equity,1.958733192937064e-18,2.0383590633100137e-18,0.762364186729888,1.1143546280094832,0.15,2022-07-29
2022-07-29,2022-08-01,2022-08-31,Equity - Minimum Variance,Equity - Minimum Variance Sentiment Tilt,Equity,sentiment_tilt,Sentiment Tilt,T,Comm,Equity,3.5638937301616377e-17,3.6379122507632177e-17,0.6204249556511676,1.093063743347675,0.15,2022-07-29
2022-07-29,2022-08-01,2022-08-31,Equity - Minimum Variance,Equity - Minimum Variance Sentiment Tilt,Equity,sentiment_tilt,Sentiment Tilt,TMUS,Comm,Equity,0.0,0.0,0.6204249556511676,1.093063743347675,0.15,2022-07-29
2022-07-29,2022-08-01,2022-08-31,Equity - Minimum Variance,Equity - Minimum Variance Sentiment Tilt,Equity,sentiment_tilt,Sentiment Tilt,TTWO,Comm,Equity,0.03926499545848599,0.04008049027828609,0.6204249556511676,1.093063743347675,0.15,2022-07-29
2022-07-29,2022-08-01,2022-08-31,Equity - Minimum Variance,Equity - Minimum Variance Sentiment Tilt,Equity,sentiment_tilt,Sentiment Tilt,UPS,Industrials,Equity,0.012479393522471802,0.012978134742254888,0.7574631148053107,1.1136194672207966,0.15,2022-07-29
2022-07-29,2022-08-01,2022-08-31,Equity - Minimum Variance,Equity - Minimum Variance Sentiment Tilt,Equity,sentiment_tilt,Sentiment Tilt,USB,Financials,Equity,6.084021759566701e-18,5.2581338203783734e-18,-0.496915732577913,0.925462640113313,0.15,2022-07-29
2022-07-29,2022-08-01,2022-08-31,Equity - Minimum Variance,Equity - Minimum Variance Sentiment Tilt,Equity,sentiment_tilt,Sentiment Tilt,V,Financials,Equity,2.331399104439047e-18,2.014918579239905e-18,-0.496915732577913,0.925462640113313,0.15,2022-07-29
2022-07-29,2022-08-01,2022-08-31,Equity - Minimum Variance,Equity - Minimum Variance Sentiment Tilt,Equity,sentiment_tilt,Sentiment Tilt,WFC,Financials,Equity,0.0,0.0,-0.496915732577913,0.925462640113313,0.15,2022-07-29
2022-07-29,2022-08-01,2022-08-31,Equity - Minimum Variance,Equity - Minimum Variance Sentiment Tilt,Equity,sentiment_tilt,Sentiment Tilt,WMT,Consumer,Equity,0.18918819535475312,0.18434897097093372,0.2895554277598554,1.0434333141639782,0.15,2022-07-29
2022-07-29,2022-08-01,2022-08-31,Equity - Minimum Variance,Equity - Minimum Variance Sentiment Tilt,Equity,sentiment_tilt,Sentiment Tilt,XOM,Energy,Equity,0.0,0.0,1.8411731170057368,1.2761759675508606,0.15,2022-07-29
2022-08-31,2022-09-01,2022-09-30,Equity - Minimum Variance,Equity - Minimum Variance Sentiment Tilt,Equity,sentiment_tilt,Sentiment Tilt,ABBV,Healthcare,Equity,0.12502545463000372,0.09866244972106779,-2.0,0.7,0.15,2022-08-31
2022-08-31,2022-09-01,2022-09-30,Equity - Minimum Variance,Equity - Minimum Variance Sentiment Tilt,Equity,sentiment_tilt,Sentiment Tilt,ABT,Healthcare,Equity,0.0,0.0,-2.0,0.7,0.15,2022-08-31
2022-08-31,2022-09-01,2022-09-30,Equity - Minimum Variance,Equity - Minimum Variance Sentiment Tilt,Equity,sentiment_tilt,Sentiment Tilt,ADBE,Tech,Equity,0.0,0.0,-0.3596071707709165,0.9460589243843626,0.15,2022-08-31
2022-08-31,2022-09-01,2022-09-30,Equity - Minimum Variance,Equity - Minimum Variance Sentiment Tilt,Equity,sentiment_tilt,Sentiment Tilt,AEP,Utilities,Equity,0.021571297656365097,0.02472226926324683,0.11076877767408563,1.016615316651113,0.15,2022-08-31
2022-08-31,2022-09-01,2022-09-30,Equity - Minimum Variance,Equity - Minimum Variance Sentiment Tilt,Equity,sentiment_tilt,Sentiment Tilt,AMD,Tech,Equity,0.0,0.0,-0.3596071707709165,0.9460589243843626,0.15,2022-08-31
2022-08-31,2022-09-01,2022-09-30,Equity - Minimum Variance,Equity - Minimum Variance Sentiment Tilt,Equity,sentiment_tilt,Sentiment Tilt,AMGN,Healthcare,Equity,0.0,0.0,-2.0,0.7,0.15,2022-08-31
2022-08-31,2022-09-01,2022-09-30,Equity - Minimum Variance,Equity - Minimum Variance Sentiment Tilt,Equity,sentiment_tilt,Sentiment Tilt,AMT,RealEstate,Equity,1.0269021000377996e-17,1.2422422232868984e-17,0.487030863906219,1.073054629585933,0.15,2022-08-31
2022-08-31,2022-09-01,2022-09-30,Equity - Minimum Variance,Equity - Minimum Variance Sentiment Tilt,Equity,sentiment_tilt,Sentiment Tilt,BA,Industrials,Equity,0.0,0.0,0.6754088727703506,1.1013113309155527,0.15,2022-08-31
2022-08-31,2022-09-01,2022-09-30,Equity - Minimum Variance,Equity - Minimum Variance Sentiment Tilt,Equity,sentiment_tilt,Sentiment Tilt,CAT,Industrials,Equity,1.5946637185329813e-17,1.9798606903023015e-17,0.6754088727703506,1.1013113309155527,0.15,2022-08-31
2022-08-31,2022-09-01,2022-09-30,Equity - Minimum Variance,Equity - Minimum Variance Sentiment Tilt,Equity,sentiment_tilt,Sentiment Tilt,CCI,RealEstate,Equity,0.0,0.0,0.487030863906219,1.073054629585933,0.15,2022-08-31
2022-08-31,2022-09-01,2022-09-30,Equity - Minimum Variance,Equity - Minimum Variance Sentiment Tilt,Equity,sentiment_tilt,Sentiment Tilt,CMCSA,Comm,Equity,0.0,0.0,0.3854995359434024,1.0578249303915104,0.15,2022-08-31
2022-08-31,2022-09-01,2022-09-30,Equity - Minimum Variance,Equity - Minimum Variance Sentiment Tilt,Equity,sentiment_tilt,Sentiment Tilt,COP,Energy,Equity,7.622075412247134e-18,9.80983613629541e-18,0.9443354120035758,1.1416503118005363,0.15,2022-08-31
2022-08-31,2022-09-01,2022-09-30,Equity - Minimum Variance,Equity - Minimum Variance Sentiment Tilt,Equity,sentiment_tilt,Sentiment Tilt,CVX,Energy,Equity,7.743038432090941e-18,9.9655191148858e-18,0.9443354120035758,1.1416503118005363,0.15,2022-08-31
2022-08-31,2022-09-01,2022-09-30,Equity - Minimum Variance,Equity - Minimum Variance Sentiment Tilt,Equity,sentiment_tilt,Sentiment Tilt,D,Utilities,Equity,0.0,0.0,0.11076877767408563,1.016615316651113,0.15,2022-08-31
2022-08-31,2022-09-01,2022-09-30,Equity - Minimum Variance,Equity - Minimum Variance Sentiment Tilt,Equity,sentiment_tilt,Sentiment Tilt,DD,Materials,Equity,0.0,0.0,-0.6766454623672248,0.8985031806449163,0.15,2022-08-31
2022-08-31,2022-09-01,2022-09-30,Equity - Minimum Variance,Equity - Minimum Variance Sentiment Tilt,Equity,sentiment_tilt,Sentiment Tilt,DIS,Consumer,Equity,4.405947463958209e-18,4.4599943840374e-18,-0.6805065869969578,0.8979240119504563,0.15,2022-08-31
2022-08-31,2022-09-01,2022-09-30,Equity - Minimum Variance,Equity - Minimum Variance Sentiment Tilt,Equity,sentiment_tilt,Sentiment Tilt,DOW,Materials,Equity,0.0,0.0,-0.6766454623672248,0.8985031806449163,0.15,2022-08-31
2022-08-31,2022-09-01,2022-09-30,Equity - Minimum Variance,Equity - Minimum Variance Sentiment Tilt,Equity,sentiment_tilt,Sentiment Tilt,DUK,Utilities,Equity,0.0,0.0,0.11076877767408563,1.016615316651113,0.15,2022-08-31
2022-08-31,2022-09-01,2022-09-30,Equity - Minimum Variance,Equity - Minimum Variance Sentiment Tilt,Equity,sentiment_tilt,Sentiment Tilt,EA,Comm,Equity,0.09864290334765531,0.11763459360088921,0.3854995359434024,1.0578249303915104,0.15,2022-08-31
2022-08-31,2022-09-01,2022-09-30,Equity - Minimum Variance,Equity - Minimum Variance Sentiment Tilt,Equity,sentiment_tilt,Sentiment Tilt,GE,Industrials,Equity,0.0,0.0,0.6754088727703506,1.1013113309155527,0.15,2022-08-31
2022-08-31,2022-09-01,2022-09-30,Equity - Minimum Variance,Equity - Minimum Variance Sentiment Tilt,Equity,sentiment_tilt,Sentiment Tilt,GILD,Healthcare,Equity,0.1306237281282252,0.10308026511056298,-2.0,0.7,0.15,2022-08-31
2022-08-31,2022-09-01,2022-09-30,Equity - Minimum Variance,Equity - Minimum Variance Sentiment Tilt,Equity,sentiment_tilt,Sentiment Tilt,GS,Financials,Equity,2.467114950145346e-18,2.597856113558438e-18,-0.4396642080198213,0.9340503687970269,0.15,2022-08-31
2022-08-31,2022-09-01,2022-09-30,Equity - Minimum Variance,Equity - Minimum Variance Sentiment Tilt,Equity,sentiment_tilt,Sentiment Tilt,INTC,Tech,Equity,0.0,0.0,-0.3596071707709165,0.9460589243843626,0.15,2022-08-31
2022-08-31,2022-09-01,2022-09-30,Equity - Minimum Variance,Equity - Minimum Variance Sentiment Tilt,Equity,sentiment_tilt,Sentiment Tilt,KO,Consumer,Equity,0.03805447790196969,0.03852128494918204,-0.6805065869969578,0.8979240119504563,0.15,2022-08-31
2022-08-31,2022-09-01,2022-09-30,Equity - Minimum Variance,Equity - Minimum Variance Sentiment Tilt,Equity,sentiment_tilt,Sentiment Tilt,MMM,Industrials,Equity,0.09340199397235928,0.11596359415002393,0.6754088727703506,1.1013113309155527,0.15,2022-08-31
2022-08-31,2022-09-01,2022-09-30,Equity - Minimum Variance,Equity - Minimum Variance Sentiment Tilt,Equity,sentiment_tilt,Sentiment Tilt,MRK,Healthcare,Equity,0.09093431386756524,0.07175980440486551,-2.0,0.7,0.15,2022-08-31
2022-08-31,2022-09-01,2022-09-30,Equity - Minimum Variance,Equity - Minimum Variance Sentiment Tilt,Equity,sentiment_tilt,Sentiment Tilt,MS,Financials,Equity,7.632184465886501e-19,8.036640965327089e-19,-0.4396642080198213,0.9340503687970269,0.15,2022-08-31
2022-08-31,2022-09-01,2022-09-30,Equity - Minimum Variance,Equity - Minimum Variance Sentiment Tilt,Equity,sentiment_tilt,Sentiment Tilt,NEE,Utilities,Equity,2.581119413547694e-17,2.9581497672900043e-17,0.11076877767408563,1.016615316651113,0.15,2022-08-31
2022-08-31,2022-09-01,2022-09-30,Equity - Minimum Variance,Equity - Minimum Variance Sentiment Tilt,Equity,sentiment_tilt,Sentiment Tilt,NEM,Materials,Equity,0.10020990369232011,0.10150458866203672,-0.6766454623672248,0.8985031806449163,0.15,2022-08-31
2022-08-31,2022-09-01,2022-09-30,Equity - Minimum Variance,Equity - Minimum Variance Sentiment Tilt,Equity,sentiment_tilt,Sentiment Tilt,NKE,Consumer,Equity,3.008037320644788e-18,3.044936342703952e-18,-0.6805065869969578,0.8979240119504563,0.15,2022-08-31
2022-08-31,2022-09-01,2022-09-30,Equity - Minimum Variance,Equity - Minimum Variance Sentiment Tilt,Equity,sentiment_tilt,Sentiment Tilt,NUE,Materials,Equity,0.0,0.0,-0.6766454623672248,0.8985031806449163,0.15,2022-08-31
2022-08-31,2022-09-01,2022-09-30,Equity - Minimum Variance,Equity - Minimum Variance Sentiment Tilt,Equity,sentiment_tilt,Sentiment Tilt,NVDA,Tech,Equity,3.3628776888723284e-18,3.586614259401252e-18,-0.3596071707709165,0.9460589243843626,0.15,2022-08-31
2022-08-31,2022-09-01,2022-09-30,Equity - Minimum Variance,Equity - Minimum Variance Sentiment Tilt,Equity,sentiment_tilt,Sentiment Tilt,O,RealEstate,Equity,1.193487867770606e-17,1.4437608242019605e-17,0.487030863906219,1.073054629585933,0.15,2022-08-31
2022-08-31,2022-09-01,2022-09-30,Equity - Minimum Variance,Equity - Minimum Variance Sentiment Tilt,Equity,sentiment_tilt,Sentiment Tilt,OXY,Energy,Equity,0.0,0.0,0.9443354120035758,1.1416503118005363,0.15,2022-08-31
2022-08-31,2022-09-01,2022-09-30,Equity - Minimum Variance,Equity - Minimum Variance Sentiment Tilt,Equity,sentiment_tilt,Sentiment Tilt,PLD,RealEstate,Equity,0.0,0.0,0.487030863906219,1.073054629585933,0.15,2022-08-31
2022-08-31,2022-09-01,2022-09-30,Equity - Minimum Variance,Equity - Minimum Variance Sentiment Tilt,Equity,sentiment_tilt,Sentiment Tilt,PSA,RealEstate,Equity,0.0584426194501868,0.07069796577282081,0.487030863906219,1.073054629585933,0.15,2022-08-31
2022-08-31,2022-09-01,2022-09-30,Equity - Minimum Variance,Equity - Minimum Variance Sentiment Tilt,Equity,sentiment_tilt,Sentiment Tilt,QCOM,Tech,Equity,2.956050823461543e-18,3.152720680274642e-18,-0.3596071707709165,0.9460589243843626,0.15,2022-08-31
2022-08-31,2022-09-01,2022-09-30,Equity - Minimum Variance,Equity - Minimum Variance Sentiment Tilt,Equity,sentiment_tilt,Sentiment Tilt,SBUX,Consumer,Equity,0.0,0.0,-0.6805065869969578,0.8979240119504563,0.15,2022-08-31
2022-08-31,2022-09-01,2022-09-30,Equity - Minimum Variance,Equity - Minimum Variance Sentiment Tilt,Equity,sentiment_tilt,Sentiment Tilt,SHW,Materials,Equity,0.0,0.0,-0.6766454623672248,0.8985031806449163,0.15,2022-08-31
2022-08-31,2022-09-01,2022-09-30,Equity - Minimum Variance,Equity - Minimum Variance Sentiment Tilt,Equity,sentiment_tilt,Sentiment Tilt,SLB,Energy,Equity,0.0,0.0,0.9443354120035758,1.1416503118005363,0.15,2022-08-31
2022-08-31,2022-09-01,2022-09-30,Equity - Minimum Variance,Equity - Minimum Variance Sentiment Tilt,Equity,sentiment_tilt,Sentiment Tilt,SO,Utilities,Equity,0.0,0.0,0.11076877767408563,1.016615316651113,0.15,2022-08-31
2022-08-31,2022-09-01,2022-09-30,Equity - Minimum Variance,Equity - Minimum Variance Sentiment Tilt,Equity,sentiment_tilt,Sentiment Tilt,T,Comm,Equity,0.008484568852895145,0.010118100491947928,0.3854995359434024,1.0578249303915104,0.15,2022-08-31
2022-08-31,2022-09-01,2022-09-30,Equity - Minimum Variance,Equity - Minimum Variance Sentiment Tilt,Equity,sentiment_tilt,Sentiment Tilt,TMUS,Comm,Equity,0.0,0.0,0.3854995359434024,1.0578249303915104,0.15,2022-08-31
2022-08-31,2022-09-01,2022-09-30,Equity - Minimum Variance,Equity - Minimum Variance Sentiment Tilt,Equity,sentiment_tilt,Sentiment Tilt,TTWO,Comm,Equity,0.033072150374073295,0.03943952212203496,0.3854995359434024,1.0578249303915104,0.15,2022-08-31
2022-08-31,2022-09-01,2022-09-30,Equity - Minimum Variance,Equity - Minimum Variance Sentiment Tilt,Equity,sentiment_tilt,Sentiment Tilt,UPS,Industrials,Equity,0.016951523349208006,0.021046227069562825,0.6754088727703506,1.1013113309155527,0.15,2022-08-31
2022-08-31,2022-09-01,2022-09-30,Equity - Minimum Variance,Equity - Minimum Variance Sentiment Tilt,Equity,sentiment_tilt,Sentiment Tilt,USB,Financials,Equity,6.044982552387872e-18,6.365327598193084e-18,-0.4396642080198213,0.9340503687970269,0.15,2022-08-31
2022-08-31,2022-09-01,2022-09-30,Equity - Minimum Variance,Equity - Minimum Variance Sentiment Tilt,Equity,sentiment_tilt,Sentiment Tilt,V,Financials,Equity,4.755241299810556e-18,5.00723838645242e-18,-0.4396642080198213,0.9340503687970269,0.15,2022-08-31
2022-08-31,2022-09-01,2022-09-30,Equity - Minimum Variance,Equity - Minimum Variance Sentiment Tilt,Equity,sentiment_tilt,Sentiment Tilt,WFC,Financials,Equity,0.0,0.0,-0.4396642080198213,0.9340503687970269,0.15,2022-08-31
2022-08-31,2022-09-01,2022-09-30,Equity - Minimum Variance,Equity - Minimum Variance Sentiment Tilt,Equity,sentiment_tilt,Sentiment Tilt,WMT,Consumer,Equity,0.1845850647771731,0.18684933468175835,-0.6805065869969578,0.8979240119504563,0.15,2022-08-31
2022-08-31,2022-09-01,2022-09-30,Equity - Minimum Variance,Equity - Minimum Variance Sentiment Tilt,Equity,sentiment_tilt,Sentiment Tilt,XOM,Energy,Equity,1.2315145414043992e-17,1.584995581548628e-17,0.9443354120035758,1.1416503118005363,0.15,2022-08-31
2022-09-30,2022-10-03,2022-10-31,Equity - Minimum Variance,Equity - Minimum Variance Sentiment Tilt,Equity,sentiment_tilt,Sentiment Tilt,ABBV,Healthcare,Equity,0.1191736615120709,0.11851736560089493,0.24390874559415932,1.0365863118391239,0.15,2022-09-30
2022-09-30,2022-10-03,2022-10-31,Equity - Minimum Variance,Equity - Minimum Variance Sentiment Tilt,Equity,sentiment_tilt,Sentiment Tilt,ABT,Healthcare,Equity,0.0,0.0,0.24390874559415932,1.0365863118391239,0.15,2022-09-30
2022-09-30,2022-10-03,2022-10-31,Equity - Minimum Variance,Equity - Minimum Variance Sentiment Tilt,Equity,sentiment_tilt,Sentiment Tilt,ADBE,Tech,Equity,0.0,0.0,-2.0,0.7,0.15,2022-09-30
2022-09-30,2022-10-03,2022-10-31,Equity - Minimum Variance,Equity - Minimum Variance Sentiment Tilt,Equity,sentiment_tilt,Sentiment Tilt,AEP,Utilities,Equity,0.007217905609096724,0.006074004721399882,-0.8190831816517417,0.8771375227522388,0.15,2022-09-30
2022-09-30,2022-10-03,2022-10-31,Equity - Minimum Variance,Equity - Minimum Variance Sentiment Tilt,Equity,sentiment_tilt,Sentiment Tilt,AMD,Tech,Equity,0.0,0.0,-2.0,0.7,0.15,2022-09-30
2022-09-30,2022-10-03,2022-10-31,Equity - Minimum Variance,Equity - Minimum Variance Sentiment Tilt,Equity,sentiment_tilt,Sentiment Tilt,AMGN,Healthcare,Equity,0.0,0.0,0.24390874559415932,1.0365863118391239,0.15,2022-09-30
2022-09-30,2022-10-03,2022-10-31,Equity - Minimum Variance,Equity - Minimum Variance Sentiment Tilt,Equity,sentiment_tilt,Sentiment Tilt,AMT,RealEstate,Equity,1.271974596249255e-17,1.498322503524765e-17,1.5187231839259314,1.2278084775888898,0.15,2022-09-30
2022-09-30,2022-10-03,2022-10-31,Equity - Minimum Variance,Equity - Minimum Variance Sentiment Tilt,Equity,sentiment_tilt,Sentiment Tilt,BA,Industrials,Equity,0.0,0.0,0.29573242949208595,1.0443598644238128,0.15,2022-09-30
2022-09-30,2022-10-03,2022-10-31,Equity - Minimum Variance,Equity - Minimum Variance Sentiment Tilt,Equity,sentiment_tilt,Sentiment Tilt,CAT,Industrials,Equity,7.774370769830813e-18,7.789537258109614e-18,0.29573242949208595,1.0443598644238128,0.15,2022-09-30
2022-09-30,2022-10-03,2022-10-31,Equity - Minimum Variance,Equity - Minimum Variance Sentiment Tilt,Equity,sentiment_tilt,Sentiment Tilt,CCI,RealEstate,Equity,0.0,0.0,1.5187231839259314,1.2278084775888898,0.15,2022-09-30
2022-09-30,2022-10-03,2022-10-31,Equity - Minimum Variance,Equity - Minimum Variance Sentiment Tilt,Equity,sentiment_tilt,Sentiment Tilt,CMCSA,Comm,Equity,1.5789250005744216e-18,1.3637169431164767e-18,-0.6649534562118689,0.9002569815682196,0.15,2022-09-30
2022-09-30,2022-10-03,2022-10-31,Equity - Minimum Variance,Equity - Minimum Variance Sentiment Tilt,Equity,sentiment_tilt,Sentiment Tilt,COP,Energy,Equity,0.0,0.0,1.251250963785556,1.1876876445678335,0.15,2022-09-30
2022-09-30,2022-10-03,2022-10-31,Equity - Minimum Variance,Equity - Minimum Variance Sentiment Tilt,Equity,sentiment_tilt,Sentiment Tilt,CVX,Energy,Equity,3.663428670364895e-18,4.174324581884365e-18,1.251250963785556,1.1876876445678335,0.15,2022-09-30
2022-09-30,2022-10-03,2022-10-31,Equity - Minimum Variance,Equity - Minimum Variance Sentiment Tilt,Equity,sentiment_tilt,Sentiment Tilt,D,Utilities,Equity,0.0,0.0,-0.8190831816517417,0.8771375227522388,0.15,2022-09-30
2022-09-30,2022-10-03,2022-10-31,Equity - Minimum Variance,Equity - Minimum Variance Sentiment Tilt,Equity,sentiment_tilt,Sentiment Tilt,DD,Materials,Equity,0.0,0.0,-0.7335778409353019,0.8899633238597047,0.15,2022-09-30
2022-09-30,2022-10-03,2022-10-31,Equity - Minimum Variance,Equity - Minimum Variance Sentiment Tilt,Equity,sentiment_tilt,Sentiment Tilt,DIS,Consumer,Equity,6.390909478475871e-18,7.071450532261924e-18,1.0221294609509046,1.1533194191426357,0.15,2022-09-30
2022-09-30,2022-10-03,2022-10-31,Equity - Minimum Variance,Equity - Minimum Variance Sentiment Tilt,Equity,sentiment_tilt,Sentiment Tilt,DOW,Materials,Equity,1.5763675724807495e-17,1.3459404293243108e-17,-0.7335778409353019,0.8899633238597047,0.15,2022-09-30
2022-09-30,2022-10-03,2022-10-31,Equity - Minimum Variance,Equity - Minimum Variance Sentiment Tilt,Equity,sentiment_tilt,Sentiment Tilt,DUK,Utilities,Equity,8.363704987972622e-18,7.038216670680305e-18,-0.8190831816517417,0.8771375227522388,0.15,2022-09-30
2022-09-30,2022-10-03,2022-10-31,Equity - Minimum Variance,Equity - Minimum Variance Sentiment Tilt,Equity,sentiment_tilt,Sentiment Tilt,EA,Comm,Equity,0.09989126624572993,0.08627604997013923,-0.6649534562118689,0.9002569815682196,0.15,2022-09-30
2022-09-30,2022-10-03,2022-10-31,Equity - Minimum Variance,Equity - Minimum Variance Sentiment Tilt,Equity,sentiment_tilt,Sentiment Tilt,GE,Industrials,Equity,0.0,0.0,0.29573242949208595,1.0443598644238128,0.15,2022-09-30
2022-09-30,2022-10-03,2022-10-31,Equity - Minimum Variance,Equity - Minimum Variance Sentiment Tilt,Equity,sentiment_tilt,Sentiment Tilt,GILD,Healthcare,Equity,0.12240228535202424,0.1217282092317148,0.24390874559415932,1.0365863118391239,0.15,2022-09-30
2022-09-30,2022-10-03,2022-10-31,Equity - Minimum Variance,Equity - Minimum Variance Sentiment Tilt,Equity,sentiment_tilt,Sentiment Tilt,GS,Financials,Equity,2.550428194796325e-18,3.1128937642398563e-18,1.814658279485103,1.2721987419227654,0.15,2022-09-30
2022-09-30,2022-10-03,2022-10-31,Equity - Minimum Variance,Equity - Minimum Variance Sentiment Tilt,Equity,sentiment_tilt,Sentiment Tilt,INTC,Tech,Equity,9.081649354554546e-18,6.099005240661678e-18,-2.0,0.7,0.15,2022-09-30
2022-09-30,2022-10-03,2022-10-31,Equity - Minimum Variance,Equity - Minimum Variance Sentiment Tilt,Equity,sentiment_tilt,Sentiment Tilt,KO,Consumer,Equity,0.04978501128252209,0.05508640761039469,1.0221294609509046,1.1533194191426357,0.15,2022-09-30
2022-09-30,2022-10-03,2022-10-31,Equity - Minimum Variance,Equity - Minimum Variance Sentiment Tilt,Equity,sentiment_tilt,Sentiment Tilt,MMM,Industrials,Equity,0.08689255517607077,0.08706206791975246,0.29573242949208595,1.0443598644238128,0.15,2022-09-30
2022-09-30,2022-10-03,2022-10-31,Equity - Minimum Variance,Equity - Minimum Variance Sentiment Tilt,Equity,sentiment_tilt,Sentiment Tilt,MRK,Healthcare,Equity,0.10235990959998598,0.101796207945724,0.24390874559415932,1.0365863118391239,0.15,2022-09-30
2022-09-30,2022-10-03,2022-10-31,Equity - Minimum Variance,Equity - Minimum Variance Sentiment Tilt,Equity,sentiment_tilt,Sentiment Tilt,MS,Financials,Equity,5.243945915656907e-19,6.400433689591899e-19,1.814658279485103,1.2721987419227654,0.15,2022-09-30
2022-09-30,2022-10-03,2022-10-31,Equity - Minimum Variance,Equity - Minimum Variance Sentiment Tilt,Equity,sentiment_tilt,Sentiment Tilt,NEE,Utilities,Equity,9.001032335421218e-18,7.574539743761401e-18,-0.8190831816517417,0.8771375227522388,0.15,2022-09-30
2022-09-30,2022-10-03,2022-10-31,Equity - Minimum Variance,Equity - Minimum Variance Sentiment Tilt,Equity,sentiment_tilt,Sentiment Tilt,NEM,Materials,Equity,0.09984426624248488,0.08524942844421647,-0.7335778409353019,0.8899633238597047,0.15,2022-09-30
2022-09-30,2022-10-03,2022-10-31,Equity - Minimum Variance,Equity - Minimum Variance Sentiment Tilt,Equity,sentiment_tilt,Sentiment Tilt,NKE,Consumer,Equity,0.0,0.0,1.0221294609509046,1.1533194191426357,0.15,2022-09-30
2022-09-30,2022-10-03,2022-10-31,Equity - Minimum Variance,Equity - Minimum Variance Sentiment Tilt,Equity,sentiment_tilt,Sentiment Tilt,NUE,Materials,Equity,7.021449095631701e-18,5.9950815883512685e-18,-0.7335778409353019,0.8899633238597047,0.15,2022-09-30
2022-09-30,2022-10-03,2022-10-31,Equity - Minimum Variance,Equity - Minimum Variance Sentiment Tilt,Equity,sentiment_tilt,Sentiment Tilt,NVDA,Tech,Equity,0.0,0.0,-2.0,0.7,0.15,2022-09-30
2022-09-30,2022-10-03,2022-10-31,Equity - Minimum Variance,Equity - Minimum Variance Sentiment Tilt,Equity,sentiment_tilt,Sentiment Tilt,O,RealEstate,Equity,1.3906828607727643e-17,1.6381549063215034e-17,1.5187231839259314,1.2278084775888898,0.15,2022-09-30
2022-09-30,2022-10-03,2022-10-31,Equity - Minimum Variance,Equity - Minimum Variance Sentiment Tilt,Equity,sentiment_tilt,Sentiment Tilt,OXY,Energy,Equity,0.0,0.0,1.251250963785556,1.1876876445678335,0.15,2022-09-30
2022-09-30,2022-10-03,2022-10-31,Equity - Minimum Variance,Equity - Minimum Variance Sentiment Tilt,Equity,sentiment_tilt,Sentiment Tilt,PLD,RealEstate,Equity,0.0,0.0,1.5187231839259314,1.2278084775888898,0.15,2022-09-30
2022-09-30,2022-10-03,2022-10-31,Equity - Minimum Variance,Equity - Minimum Variance Sentiment Tilt,Equity,sentiment_tilt,Sentiment Tilt,PSA,RealEstate,Equity,0.06369302955468738,0.07502720555965815,1.5187231839259314,1.2278084775888898,0.15,2022-09-30
2022-09-30,2022-10-03,2022-10-31,Equity - Minimum Variance,Equity - Minimum Variance Sentiment Tilt,Equity,sentiment_tilt,Sentiment Tilt,QCOM,Tech,Equity,1.252791451603862e-17,8.413429466924055e-18,-2.0,0.7,0.15,2022-09-30
2022-09-30,2022-10-03,2022-10-31,Equity - Minimum Variance,Equity - Minimum Variance Sentiment Tilt,Equity,sentiment_tilt,Sentiment Tilt,SBUX,Consumer,Equity,3.1551773955746954e-18,3.491158957650961e-18,1.0221294609509046,1.1533194191426357,0.15,2022-09-30
2022-09-30,2022-10-03,2022-10-31,Equity - Minimum Variance,Equity - Minimum Variance Sentiment Tilt,Equity,sentiment_tilt,Sentiment Tilt,SHW,Materials,Equity,4.061095345469305e-18,3.4674605772345442e-18,-0.7335778409353019,0.8899633238597047,0.15,2022-09-30
2022-09-30,2022-10-03,2022-10-31,Equity - Minimum Variance,Equity - Minimum Variance Sentiment Tilt,Equity,sentiment_tilt,Sentiment Tilt,SLB,Energy,Equity,4.870774128146991e-18,5.5500445089613786e-18,1.251250963785556,1.1876876445678335,0.15,2022-09-30
2022-09-30,2022-10-03,2022-10-31,Equity - Minimum Variance,Equity - Minimum Variance Sentiment Tilt,Equity,sentiment_tilt,Sentiment Tilt,SO,Utilities,Equity,0.0,0.0,-0.8190831816517417,0.8771375227522388,0.15,2022-09-30
2022-09-30,2022-10-03,2022-10-31,Equity - Minimum Variance,Equity - Minimum Variance Sentiment Tilt,Equity,sentiment_tilt,Sentiment Tilt,T,Comm,Equity,0.012771275616043451,0.011030546059168478,-0.6649534562118689,0.9002569815682196,0.15,2022-09-30
2022-09-30,2022-10-03,2022-10-31,Equity - Minimum Variance,Equity - Minimum Variance Sentiment Tilt,Equity,sentiment_tilt,Sentiment Tilt,TMUS,Comm,Equity,2.9021698101497277e-18,2.506602999168716e-18,-0.6649534562118689,0.9002569815682196,0.15,2022-09-30
2022-09-30,2022-10-03,2022-10-31,Equity - Minimum Variance,Equity - Minimum Variance Sentiment Tilt,Equity,sentiment_tilt,Sentiment Tilt,TTWO,Comm,Equity,0.029543355797337793,0.025516585551999402,-0.6649534562118689,0.9002569815682196,0.15,2022-09-30
2022-09-30,2022-10-03,2022-10-31,Equity - Minimum Variance,Equity - Minimum Variance Sentiment Tilt,Equity,sentiment_tilt,Sentiment Tilt,UPS,Industrials,Equity,0.01694109825014981,0.01697414748019656,0.29573242949208595,1.0443598644238128,0.15,2022-09-30
2022-09-30,2022-10-03,2022-10-31,Equity - Minimum Variance,Equity - Minimum Variance Sentiment Tilt,Equity,sentiment_tilt,Sentiment Tilt,USB,Financials,Equity,1.327309598114101e-17,1.6200314047716425e-17,1.814658279485103,1.2721987419227654,0.15,2022-09-30
2022-09-30,2022-10-03,2022-10-31,Equity - Minimum Variance,Equity - Minimum Variance Sentiment Tilt,Equity,sentiment_tilt,Sentiment Tilt,V,Financials,Equity,0.0,0.0,1.814658279485103,1.2721987419227654,0.15,2022-09-30
2022-09-30,2022-10-03,2022-10-31,Equity - Minimum Variance,Equity - Minimum Variance Sentiment Tilt,Equity,sentiment_tilt,Sentiment Tilt,WFC,Financials,Equity,0.0,0.0,1.814658279485103,1.2721987419227654,0.15,2022-09-30
2022-09-30,2022-10-03,2022-10-31,Equity - Minimum Variance,Equity - Minimum Variance Sentiment Tilt,Equity,sentiment_tilt,Sentiment Tilt,WMT,Consumer,Equity,0.18948437976179588,0.20966177390474067,1.0221294609509046,1.1533194191426357,0.15,2022-09-30
2022-09-30,2022-10-03,2022-10-31,Equity - Minimum Variance,Equity - Minimum Variance Sentiment Tilt,Equity,sentiment_tilt,Sentiment Tilt,XOM,Energy,Equity,2.7280681283937244e-18,3.108520152591073e-18,1.251250963785556,1.1876876445678335,0.15,2022-09-30
2022-10-31,2022-11-01,2022-11-30,Equity - Minimum Variance,Equity - Minimum Variance Sentiment Tilt,Equity,sentiment_tilt,Sentiment Tilt,ABBV,Healthcare,Equity,0.12472675972868734,0.11744534515290145,-0.2899702221779364,0.9565044666733096,0.15,2022-10-31
2022-10-31,2022-11-01,2022-11-30,Equity - Minimum Variance,Equity - Minimum Variance Sentiment Tilt,Equity,sentiment_tilt,Sentiment Tilt,ABT,Healthcare,Equity,2.7238715539262794e-17,2.564854851508365e-17,-0.2899702221779364,0.9565044666733096,0.15,2022-10-31
2022-10-31,2022-11-01,2022-11-30,Equity - Minimum Variance,Equity - Minimum Variance Sentiment Tilt,Equity,sentiment_tilt,Sentiment Tilt,ADBE,Tech,Equity,0.0,0.0,0.07618441668863422,1.0114276625032952,0.15,2022-10-31
2022-10-31,2022-11-01,2022-11-30,Equity - Minimum Variance,Equity - Minimum Variance Sentiment Tilt,Equity,sentiment_tilt,Sentiment Tilt,AEP,Utilities,Equity,0.0,0.0,1.4401633846244783,1.2160245076936718,0.15,2022-10-31
2022-10-31,2022-11-01,2022-11-30,Equity - Minimum Variance,Equity - Minimum Variance Sentiment Tilt,Equity,sentiment_tilt,Sentiment Tilt,AMD,Tech,Equity,0.0,0.0,0.07618441668863422,1.0114276625032952,0.15,2022-10-31
2022-10-31,2022-11-01,2022-11-30,Equity - Minimum Variance,Equity - Minimum Variance Sentiment Tilt,Equity,sentiment_tilt,Sentiment Tilt,AMGN,Healthcare,Equity,3.24991755967989e-17,3.060190855156891e-17,-0.2899702221779364,0.9565044666733096,0.15,2022-10-31
2022-10-31,2022-11-01,2022-11-30,Equity - Minimum Variance,Equity - Minimum Variance Sentiment Tilt,Equity,sentiment_tilt,Sentiment Tilt,AMT,RealEstate,Equity,0.0,0.0,0.30232329758788046,1.0453484946381821,0.15,2022-10-31
2022-10-31,2022-11-01,2022-11-30,Equity - Minimum Variance,Equity - Minimum Variance Sentiment Tilt,Equity,sentiment_tilt,Sentiment Tilt,BA,Industrials,Equity,0.0,0.0,1.1320686539489404,1.169810298092341,0.15,2022-10-31
2022-10-31,2022-11-01,2022-11-30,Equity - Minimum Variance,Equity - Minimum Variance Sentiment Tilt,Equity,sentiment_tilt,Sentiment Tilt,CAT,Industrials,Equity,0.0,0.0,1.1320686539489404,1.169810298092341,0.15,2022-10-31
2022-10-31,2022-11-01,2022-11-30,Equity - Minimum Variance,Equity - Minimum Variance Sentiment Tilt,Equity,sentiment_tilt,Sentiment Tilt,CCI,RealEstate,Equity,0.0,0.0,0.30232329758788046,1.0453484946381821,0.15,2022-10-31
2022-10-31,2022-11-01,2022-11-30,Equity - Minimum Variance,Equity - Minimum Variance Sentiment Tilt,Equity,sentiment_tilt,Sentiment Tilt,CMCSA,Comm,Equity,1.0613990828813287e-17,1.3583485593976793e-17,2.0,1.3,0.15,2022-10-31
2022-10-31,2022-11-01,2022-11-30,Equity - Minimum Variance,Equity - Minimum Variance Sentiment Tilt,Equity,sentiment_tilt,Sentiment Tilt,COP,Energy,Equity,2.719356116202291e-18,2.8589815275278187e-18,0.45308489092617255,1.067962733638926,0.15,2022-10-31
2022-10-31,2022-11-01,2022-11-30,Equity - Minimum Variance,Equity - Minimum Variance Sentiment Tilt,Equity,sentiment_tilt,Sentiment Tilt,CVX,Energy,Equity,0.0,0.0,0.45308489092617255,1.067962733638926,0.15,2022-10-31
2022-10-31,2022-11-01,2022-11-30,Equity - Minimum Variance,Equity - Minimum Variance Sentiment Tilt,Equity,sentiment_tilt,Sentiment Tilt,D,Utilities,Equity,0.0,0.0,1.4401633846244783,1.2160245076936718,0.15,2022-10-31
2022-10-31,2022-11-01,2022-11-30,Equity - Minimum Variance,Equity - Minimum Variance Sentiment Tilt,Equity,sentiment_tilt,Sentiment Tilt,DD,Materials,Equity,6.4644824429777725e-18,5.6639860517045345e-18,-0.7332070664707532,0.890018940029387,0.15,2022-10-31
2022-10-31,2022-11-01,2022-11-30,Equity - Minimum Variance,Equity - Minimum Variance Sentiment Tilt,Equity,sentiment_tilt,Sentiment Tilt,DIS,Consumer,Equity,0.0,0.0,-0.4874719779364364,0.9268792033095345,0.15,2022-10-31
2022-10-31,2022-11-01,2022-11-30,Equity - Minimum Variance,Equity - Minimum Variance Sentiment Tilt,Equity,sentiment_tilt,Sentiment Tilt,DOW,Materials,Equity,6.4284055767691076e-18,5.632376581217526e-18,-0.7332070664707532,0.890018940029387,0.15,2022-10-31
2022-10-31,2022-11-01,2022-11-30,Equity - Minimum Variance,Equity - Minimum Variance Sentiment Tilt,Equity,sentiment_tilt,Sentiment Tilt,DUK,Utilities,Equity,1.1038109805548022e-17,1.321375359465471e-17,1.4401633846244783,1.2160245076936718,0.15,2022-10-31
2022-10-31,2022-11-01,2022-11-30,Equity - Minimum Variance,Equity - Minimum Variance Sentiment Tilt,Equity,sentiment_tilt,Sentiment Tilt,EA,Comm,Equity,0.10109671957200471,0.1293807255021131,2.0,1.3,0.15,2022-10-31
2022-10-31,2022-11-01,2022-11-30,Equity - Minimum Variance,Equity - Minimum Variance Sentiment Tilt,Equity,sentiment_tilt,Sentiment Tilt,GE,Industrials,Equity,7.037505417045836e-19,8.10444629195974e-19,1.1320686539489404,1.169810298092341,0.15,2022-10-31
2022-10-31,2022-11-01,2022-11-30,Equity - Minimum Variance,Equity - Minimum Variance Sentiment Tilt,Equity,sentiment_tilt,Sentiment Tilt,GILD,Healthcare,Equity,0.10875020464696454,0.10240148423637588,-0.2899702221779364,0.9565044666733096,0.15,2022-10-31
2022-10-31,2022-11-01,2022-11-30,Equity - Minimum Variance,Equity - Minimum Variance Sentiment Tilt,Equity,sentiment_tilt,Sentiment Tilt,GS,Financials,Equity,5.890491486352717e-18,6.3908113327521355e-18,0.6805701589055441,1.1020855238358316,0.15,2022-10-31
2022-10-31,2022-11-01,2022-11-30,Equity - Minimum Variance,Equity - Minimum Variance Sentiment Tilt,Equity,sentiment_tilt,Sentiment Tilt,INTC,Tech,Equity,0.0,0.0,0.07618441668863422,1.0114276625032952,0.15,2022-10-31
2022-10-31,2022-11-01,2022-11-30,Equity - Minimum Variance,Equity - Minimum Variance Sentiment Tilt,Equity,sentiment_tilt,Sentiment Tilt,KO,Consumer,Equity,0.06598603793574553,0.06020940790315173,-0.4874719779364364,0.9268792033095345,0.15,2022-10-31
2022-10-31,2022-11-01,2022-11-30,Equity - Minimum Variance,Equity - Minimum Variance Sentiment Tilt,Equity,sentiment_tilt,Sentiment Tilt,MMM,Industrials,Equity,0.0752406199472263,0.08664768653095002,1.1320686539489404,1.169810298092341,0.15,2022-10-31
2022-10-31,2022-11-01,2022-11-30,Equity - Minimum Variance,Equity - Minimum Variance Sentiment Tilt,Equity,sentiment_tilt,Sentiment Tilt,MRK,Healthcare,Equity,0.11004585458301555,0.10362149551757847,-0.2899702221779364,0.9565044666733096,0.15,2022-10-31
2022-10-31,2022-11-01,2022-11-30,Equity - Minimum Variance,Equity - Minimum Variance Sentiment Tilt,Equity,sentiment_tilt,Sentiment Tilt,MS,Financials,Equity,0.0,0.0,0.6805701589055441,1.1020855238358316,0.15,2022-10-31
2022-10-31,2022-11-01,2022-11-30,Equity - Minimum Variance,Equity - Minimum Variance Sentiment Tilt,Equity,sentiment_tilt,Sentiment Tilt,NEE,Utilities,Equity,3.044724963474389e-19,3.644849176135477e-19,1.4401633846244783,1.2160245076936718,0.15,2022-10-31
2022-10-31,2022-11-01,2022-11-30,Equity - Minimum Variance,Equity - Minimum Variance Sentiment Tilt,Equity,sentiment_tilt,Sentiment Tilt,NEM,Materials,Equity,0.09968848721556502,0.08734406908596928,-0.7332070664707532,0.890018940029387,0.15,2022-10-31
2022-10-31,2022-11-01,2022-11-30,Equity - Minimum Variance,Equity - Minimum Variance Sentiment Tilt,Equity,sentiment_tilt,Sentiment Tilt,NKE,Consumer,Equity,6.465956442463215e-18,5.899905815035824e-18,-0.4874719779364364,0.9268792033095345,0.15,2022-10-31
2022-10-31,2022-11-01,2022-11-30,Equity - Minimum Variance,Equity - Minimum Variance Sentiment Tilt,Equity,sentiment_tilt,Sentiment Tilt,NUE,Materials,Equity,0.0,0.0,-0.7332070664707532,0.890018940029387,0.15,2022-10-31
2022-10-31,2022-11-01,2022-11-30,Equity - Minimum Variance,Equity - Minimum Variance Sentiment Tilt,Equity,sentiment_tilt,Sentiment Tilt,NVDA,Tech,Equity,0.0,0.0,0.07618441668863422,1.0114276625032952,0.15,2022-10-31
2022-10-31,2022-11-01,2022-11-30,Equity - Minimum Variance,Equity - Minimum Variance Sentiment Tilt,Equity,sentiment_tilt,Sentiment Tilt,O,RealEstate,Equity,0.0,0.0,0.30232329758788046,1.0453484946381821,0.15,2022-10-31
2022-10-31,2022-11-01,2022-11-30,Equity - Minimum Variance,Equity - Minimum Variance Sentiment Tilt,Equity,sentiment_tilt,Sentiment Tilt,OXY,Energy,Equity,8.497905327725038e-18,8.934230500334661e-18,0.45308489092617255,1.067962733638926,0.15,2022-10-31
2022-10-31,2022-11-01,2022-11-30,Equity - Minimum Variance,Equity - Minimum Variance Sentiment Tilt,Equity,sentiment_tilt,Sentiment Tilt,PLD,RealEstate,Equity,5.590983658944684e-19,5.75358438749606e-19,0.30232329758788046,1.0453484946381821,0.15,2022-10-31
2022-10-31,2022-11-01,2022-11-30,Equity - Minimum Variance,Equity - Minimum Variance Sentiment Tilt,Equity,sentiment_tilt,Sentiment Tilt,PSA,RealEstate,Equity,0.06618575492784053,0.06811061334765946,0.30232329758788046,1.0453484946381821,0.15,2022-10-31
2022-10-31,2022-11-01,2022-11-30,Equity - Minimum Variance,Equity - Minimum Variance Sentiment Tilt,Equity,sentiment_tilt,Sentiment Tilt,QCOM,Tech,Equity,2.11099891015114e-18,2.1018997698978266e-18,0.07618441668863422,1.0114276625032952,0.15,2022-10-31
2022-10-31,2022-11-01,2022-11-30,Equity - Minimum Variance,Equity - Minimum Variance Sentiment Tilt,Equity,sentiment_tilt,Sentiment Tilt,SBUX,Consumer,Equity,8.182122542303874e-18,7.465833213730153e-18,-0.4874719779364364,0.9268792033095345,0.15,2022-10-31
2022-10-31,2022-11-01,2022-11-30,Equity - Minimum Variance,Equity - Minimum Variance Sentiment Tilt,Equity,sentiment_tilt,Sentiment Tilt,SHW,Materials,Equity,0.0,0.0,-0.7332070664707532,0.890018940029387,0.15,2022-10-31
2022-10-31,2022-11-01,2022-11-30,Equity - Minimum Variance,Equity - Minimum Variance Sentiment Tilt,Equity,sentiment_tilt,Sentiment Tilt,SLB,Energy,Equity,3.512684948630988e-18,3.693043849727966e-18,0.45308489092617255,1.067962733638926,0.15,2022-10-31
2022-10-31,2022-11-01,2022-11-30,Equity - Minimum Variance,Equity - Minimum Variance Sentiment Tilt,Equity,sentiment_tilt,Sentiment Tilt,SO,Utilities,Equity,0.0,0.0,1.4401633846244783,1.2160245076936718,0.15,2022-10-31
2022-10-31,2022-11-01,2022-11-30,Equity - Minimum Variance,Equity - Minimum Variance Sentiment Tilt,Equity,sentiment_tilt,Sentiment Tilt,T,Comm,Equity,0.005921162003173065,0.007577735845725871,2.0,1.3,0.15,2022-10-31
2022-10-31,2022-11-01,2022-11-30,Equity - Minimum Variance,Equity - Minimum Variance Sentiment Tilt,Equity,sentiment_tilt,Sentiment Tilt,TMUS,Comm,Equity,8.236171228062059e-18,1.0540419247603172e-17,2.0,1.3,0.15,2022-10-31
2022-10-31,2022-11-01,2022-11-30,Equity - Minimum Variance,Equity - Minimum Variance Sentiment Tilt,Equity,sentiment_tilt,Sentiment Tilt,TTWO,Comm,Equity,0.032772991561818475,0.04194194869124993,2.0,1.3,0.15,2022-10-31
2022-10-31,2022-11-01,2022-11-30,Equity - Minimum Variance,Equity - Minimum Variance Sentiment Tilt,Equity,sentiment_tilt,Sentiment Tilt,UPS,Industrials,Equity,0.0170681304011124,0.019655792492170778,1.1320686539489404,1.169810298092341,0.15,2022-10-31
2022-10-31,2022-11-01,2022-11-30,Equity - Minimum Variance,Equity - Minimum Variance Sentiment Tilt,Equity,sentiment_tilt,Sentiment Tilt,USB,Financials,Equity,7.34427461435812e-18,7.968074233708046e-18,0.6805701589055441,1.1020855238358316,0.15,2022-10-31
2022-10-31,2022-11-01,2022-11-30,Equity - Minimum Variance,Equity - Minimum Variance Sentiment Tilt,Equity,sentiment_tilt,Sentiment Tilt,V,Financials,Equity,0.0,0.0,0.6805701589055441,1.1020855238358316,0.15,2022-10-31
2022-10-31,2022-11-01,2022-11-30,Equity - Minimum Variance,Equity - Minimum Variance Sentiment Tilt,Equity,sentiment_tilt,Sentiment Tilt,WFC,Financials,Equity,1.3257803474027443e-17,1.4383879661912098e-17,0.6805701589055441,1.1020855238358316,0.15,2022-10-31
2022-10-31,2022-11-01,2022-11-30,Equity - Minimum Variance,Equity - Minimum Variance Sentiment Tilt,Equity,sentiment_tilt,Sentiment Tilt,WMT,Consumer,Equity,0.19251727747684633,0.17566369569415374,-0.4874719779364364,0.9268792033095345,0.15,2022-10-31
2022-10-31,2022-11-01,2022-11-30,Equity - Minimum Variance,Equity - Minimum Variance Sentiment Tilt,Equity,sentiment_tilt,Sentiment Tilt,XOM,Energy,Equity,4.207311121634206e-17,4.423335621857825e-17,0.45308489092617255,1.067962733638926,0.15,2022-10-31
2022-11-30,2022-12-01,2022-12-30,Equity - Minimum Variance,Equity - Minimum Variance Sentiment Tilt,Equity,sentiment_tilt,Sentiment Tilt,ABBV,Healthcare,Equity,0.12235340117138689,0.12447834596048728,0.6506748832452681,1.0976012324867903,0.15,2022-11-30
2022-11-30,2022-12-01,2022-12-30,Equity - Minimum Variance,Equity - Minimum Variance Sentiment Tilt,Equity,sentiment_tilt,Sentiment Tilt,ABT,Healthcare,Equity,0.0,0.0,0.6506748832452681,1.0976012324867903,0.15,2022-11-30
2022-11-30,2022-12-01,2022-12-30,Equity - Minimum Variance,Equity - Minimum Variance Sentiment Tilt,Equity,sentiment_tilt,Sentiment Tilt,ADBE,Tech,Equity,0.0,0.0,-0.9966230121529112,0.8505065481770633,0.15,2022-11-30
2022-11-30,2022-12-01,2022-12-30,Equity - Minimum Variance,Equity - Minimum Variance Sentiment Tilt,Equity,sentiment_tilt,Sentiment Tilt,AEP,Utilities,Equity,1.2976837359070449e-18,1.1689033753837522e-18,-0.18800477499596244,0.9717992837506056,0.15,2022-11-30
2022-11-30,2022-12-01,2022-12-30,Equity - Minimum Variance,Equity - Minimum Variance Sentiment Tilt,Equity,sentiment_tilt,Sentiment Tilt,AMD,Tech,Equity,4.157871355787838e-18,3.2777957389959298e-18,-0.9966230121529112,0.8505065481770633,0.15,2022-11-30
2022-11-30,2022-12-01,2022-12-30,Equity - Minimum Variance,Equity - Minimum Variance Sentiment Tilt,Equity,sentiment_tilt,Sentiment Tilt,AMGN,Healthcare,Equity,0.0,0.0,0.6506748832452681,1.0976012324867903,0.15,2022-11-30
2022-11-30,2022-12-01,2022-12-30,Equity - Minimum Variance,Equity - Minimum Variance Sentiment Tilt,Equity,sentiment_tilt,Sentiment Tilt,AMT,RealEstate,Equity,9.792329976880866e-18,9.12449865769291e-18,0.03524248447646791,1.0052863726714703,0.15,2022-11-30
2022-11-30,2022-12-01,2022-12-30,Equity - Minimum Variance,Equity - Minimum Variance Sentiment Tilt,Equity,sentiment_tilt,Sentiment Tilt,BA,Industrials,Equity,5.0278805173383934e-18,4.743093171236057e-18,0.11837113672325077,1.0177556705084876,0.15,2022-11-30
2022-11-30,2022-12-01,2022-12-30,Equity - Minimum Variance,Equity - Minimum Variance Sentiment Tilt,Equity,sentiment_tilt,Sentiment Tilt,CAT,Industrials,Equity,6.26721207409951e-18,5.912226968966552e-18,0.11837113672325077,1.0177556705084876,0.15,2022-11-30
2022-11-30,2022-12-01,2022-12-30,Equity - Minimum Variance,Equity - Minimum Variance Sentiment Tilt,Equity,sentiment_tilt,Sentiment Tilt,CCI,RealEstate,Equity,4.548584893452195e-18,4.238373998087722e-18,0.03524248447646791,1.0052863726714703,0.15,2022-11-30
2022-11-30,2022-12-01,2022-12-30,Equity - Minimum Variance,Equity - Minimum Variance Sentiment Tilt,Equity,sentiment_tilt,Sentiment Tilt,CMCSA,Comm,Equity,4.475757550550214e-18,3.982095558194605e-18,-0.26754026264847564,0.9598689606027286,0.15,2022-11-30
2022-11-30,2022-12-01,2022-12-30,Equity - Minimum Variance,Equity - Minimum Variance Sentiment Tilt,Equity,sentiment_tilt,Sentiment Tilt,COP,Energy,Equity,3.700155738077924e-18,3.885279799679889e-18,0.8856094695565362,1.1328414204334805,0.15,2022-11-30
2022-11-30,2022-12-01,2022-12-30,Equity - Minimum Variance,Equity - Minimum Variance Sentiment Tilt,Equity,sentiment_tilt,Sentiment Tilt,CVX,Energy,Equity,0.0,0.0,0.8856094695565362,1.1328414204334805,0.15,2022-11-30
2022-11-30,2022-12-01,2022-12-30,Equity - Minimum Variance,Equity - Minimum Variance Sentiment Tilt,Equity,sentiment_tilt,Sentiment Tilt,D,Utilities,Equity,0.0,0.0,-0.18800477499596244,0.9717992837506056,0.15,2022-11-30
2022-11-30,2022-12-01,2022-12-30,Equity - Minimum Variance,Equity - Minimum Variance Sentiment Tilt,Equity,sentiment_tilt,Sentiment Tilt,DD,Materials,Equity,0.0,0.0,0.7657145546731254,1.1148571832009688,0.15,2022-11-30
2022-11-30,2022-12-01,2022-12-30,Equity - Minimum Variance,Equity - Minimum Variance Sentiment Tilt,Equity,sentiment_tilt,Sentiment Tilt,DIS,Consumer,Equity,0.0,0.0,0.9428919595593358,1.1414337939339003,0.15,2022-11-30
2022-11-30,2022-12-01,2022-12-30,Equity - Minimum Variance,Equity - Minimum Variance Sentiment Tilt,Equity,sentiment_tilt,Sentiment Tilt,DOW,Materials,Equity,4.449049311315208e-18,4.597477709104431e-18,0.7657145546731254,1.1148571832009688,0.15,2022-11-30
2022-11-30,2022-12-01,2022-12-30,Equity - Minimum Variance,Equity - Minimum Variance Sentiment Tilt,Equity,sentiment_tilt,Sentiment Tilt,DUK,Utilities,Equity,0.0,0.0,-0.18800477499596244,0.9717992837506056,0.15,2022-11-30
2022-11-30,2022-12-01,2022-12-30,Equity - Minimum Variance,Equity - Minimum Variance Sentiment Tilt,Equity,sentiment_tilt,Sentiment Tilt,EA,Comm,Equity,0.102587715559685,0.09127261292456153,-0.26754026264847564,0.9598689606027286,0.15,2022-11-30
2022-11-30,2022-12-01,2022-12-30,Equity - Minimum Variance,Equity - Minimum Variance Sentiment Tilt,Equity,sentiment_tilt,Sentiment Tilt,GE,Industrials,Equity,0.0,0.0,0.11837113672325077,1.0177556705084876,0.15,2022-11-30
2022-11-30,2022-12-01,2022-12-30,Equity - Minimum Variance,Equity - Minimum Variance Sentiment Tilt,Equity,sentiment_tilt,Sentiment Tilt,GILD,Healthcare,Equity,0.11338679034408071,0.11535600956469702,0.6506748832452681,1.0976012324867903,0.15,2022-11-30
2022-11-30,2022-12-01,2022-12-30,Equity - Minimum Variance,Equity - Minimum Variance Sentiment Tilt,Equity,sentiment_tilt,Sentiment Tilt,GS,Financials,Equity,0.0,0.0,-1.2684205023801176,0.8097369246429824,0.15,2022-11-30
2022-11-30,2022-12-01,2022-12-30,Equity - Minimum Variance,Equity - Minimum Variance Sentiment Tilt,Equity,sentiment_tilt,Sentiment Tilt,INTC,Tech,Equity,0.0,0.0,-0.9966230121529112,0.8505065481770633,0.15,2022-11-30
2022-11-30,2022-12-01,2022-12-30,Equity - Minimum Variance,Equity - Minimum Variance Sentiment Tilt,Equity,sentiment_tilt,Sentiment Tilt,KO,Consumer,Equity,0.07148301240236886,0.07562871979241827,0.9428919595593358,1.1414337939339003,0.15,2022-11-30
2022-11-30,2022-12-01,2022-12-30,Equity - Minimum Variance,Equity - Minimum Variance Sentiment Tilt,Equity,sentiment_tilt,Sentiment Tilt,MMM,Industrials,Equity,0.07455418097701798,0.07033131067052192,0.11837113672325077,1.0177556705084876,0.15,2022-11-30
2022-11-30,2022-12-01,2022-12-30,Equity - Minimum Variance,Equity - Minimum Variance Sentiment Tilt,Equity,sentiment_tilt,Sentiment Tilt,MRK,Healthcare,Equity,0.1236375103904586,0.1257847566535481,0.6506748832452681,1.0976012324867903,0.15,2022-11-30
2022-11-30,2022-12-01,2022-12-30,Equity - Minimum Variance,Equity - Minimum Variance Sentiment Tilt,Equity,sentiment_tilt,Sentiment Tilt,MS,Financials,Equity,0.0,0.0,-1.2684205023801176,0.8097369246429824,0.15,2022-11-30
2022-11-30,2022-12-01,2022-12-30,Equity - Minimum Variance,Equity - Minimum Variance Sentiment Tilt,Equity,sentiment_tilt,Sentiment Tilt,NEE,Utilities,Equity,7.841961955407357e-18,7.063736367859696e-18,-0.18800477499596244,0.9717992837506056,0.15,2022-11-30
2022-11-30,2022-12-01,2022-12-30,Equity - Minimum Variance,Equity - Minimum Variance Sentiment Tilt,Equity,sentiment_tilt,Sentiment Tilt,NEM,Materials,Equity,0.08874577260272191,0.09170649340311575,0.7657145546731254,1.1148571832009688,0.15,2022-11-30
2022-11-30,2022-12-01,2022-12-30,Equity - Minimum Variance,Equity - Minimum Variance Sentiment Tilt,Equity,sentiment_tilt,Sentiment Tilt,NKE,Consumer,Equity,1.3962510396526512e-18,1.4772275970040638e-18,0.9428919595593358,1.1414337939339003,0.15,2022-11-30
2022-11-30,2022-12-01,2022-12-30,Equity - Minimum Variance,Equity - Minimum Variance Sentiment Tilt,Equity,sentiment_tilt,Sentiment Tilt,NUE,Materials,Equity,0.0,0.0,0.7657145546731254,1.1148571832009688,0.15,2022-11-30
2022-11-30,2022-12-01,2022-12-30,Equity - Minimum Variance,Equity - Minimum Variance Sentiment Tilt,Equity,sentiment_tilt,Sentiment Tilt,NVDA,Tech,Equity,0.0,0.0,-0.9966230121529112,0.8505065481770633,0.15,2022-11-30
2022-11-30,2022-12-01,2022-12-30,Equity - Minimum Variance,Equity - Minimum Variance Sentiment Tilt,Equity,sentiment_tilt,Sentiment Tilt,O,RealEstate,Equity,0.0,0.0,0.03524248447646791,1.0052863726714703,0.15,2022-11-30
2022-11-30,2022-12-01,2022-12-30,Equity - Minimum Variance,Equity - Minimum Variance Sentiment Tilt,Equity,sentiment_tilt,Sentiment Tilt,OXY,Energy,Equity,0.0,0.0,0.8856094695565362,1.1328414204334805,0.15,2022-11-30
2022-11-30,2022-12-01,2022-12-30,Equity - Minimum Variance,Equity - Minimum Variance Sentiment Tilt,Equity,sentiment_tilt,Sentiment Tilt,PLD,RealEstate,Equity,1.1216656372553209e-17,1.0451686805571129e-17,0.03524248447646791,1.0052863726714703,0.15,2022-11-30
2022-11-30,2022-12-01,2022-12-30,Equity - Minimum Variance,Equity - Minimum Variance Sentiment Tilt,Equity,sentiment_tilt,Sentiment Tilt,PSA,RealEstate,Equity,0.05026705505424003,0.04683887057027929,0.03524248447646791,1.0052863726714703,0.15,2022-11-30
2022-11-30,2022-12-01,2022-12-30,Equity - Minimum Variance,Equity - Minimum Variance Sentiment Tilt,Equity,sentiment_tilt,Sentiment Tilt,QCOM,Tech,Equity,0.0,0.0,-0.9966230121529112,0.8505065481770633,0.15,2022-11-30
2022-11-30,2022-12-01,2022-12-30,Equity - Minimum Variance,Equity - Minimum Variance Sentiment Tilt,Equity,sentiment_tilt,Sentiment Tilt,SBUX,Consumer,Equity,0.0,0.0,0.9428919595593358,1.1414337939339003,0.15,2022-11-30
2022-11-30,2022-12-01,2022-12-30,Equity - Minimum Variance,Equity - Minimum Variance Sentiment Tilt,Equity,sentiment_tilt,Sentiment Tilt,SHW,Materials,Equity,2.289218430355189e-18,2.365590931541681e-18,0.7657145546731254,1.1148571832009688,0.15,2022-11-30
2022-11-30,2022-12-01,2022-12-30,Equity - Minimum Variance,Equity - Minimum Variance Sentiment Tilt,Equity,sentiment_tilt,Sentiment Tilt,SLB,Energy,Equity,1.2572553523524537e-17,1.3201576283034652e-17,0.8856094695565362,1.1328414204334805,0.15,2022-11-30
2022-11-30,2022-12-01,2022-12-30,Equity - Minimum Variance,Equity - Minimum Variance Sentiment Tilt,Equity,sentiment_tilt,Sentiment Tilt,SO,Utilities,Equity,2.9323144636849108e-19,2.641315583640337e-19,-0.18800477499596244,0.9717992837506056,0.15,2022-11-30
2022-11-30,2022-12-01,2022-12-30,Equity - Minimum Variance,Equity - Minimum Variance Sentiment Tilt,Equity,sentiment_tilt,Sentiment Tilt,T,Comm,Equity,0.01199124973170757,0.010668652569879469,-0.26754026264847564,0.9598689606027286,0.15,2022-11-30
2022-11-30,2022-12-01,2022-12-30,Equity - Minimum Variance,Equity - Minimum Variance Sentiment Tilt,Equity,sentiment_tilt,Sentiment Tilt,TMUS,Comm,Equity,0.0,0.0,-0.26754026264847564,0.9598689606027286,0.15,2022-11-30
2022-11-30,2022-12-01,2022-12-30,Equity - Minimum Variance,Equity - Minimum Variance Sentiment Tilt,Equity,sentiment_tilt,Sentiment Tilt,TTWO,Comm,Equity,0.03558101259154342,0.03165653871922386,-0.26754026264847564,0.9598689606027286,0.15,2022-11-30
2022-11-30,2022-12-01,2022-12-30,Equity - Minimum Variance,Equity - Minimum Variance Sentiment Tilt,Equity,sentiment_tilt,Sentiment Tilt,UPS,Industrials,Equity,0.009138735322977917,0.00862110246149928,0.11837113672325077,1.0177556705084876,0.15,2022-11-30
2022-11-30,2022-12-01,2022-12-30,Equity - Minimum Variance,Equity - Minimum Variance Sentiment Tilt,Equity,sentiment_tilt,Sentiment Tilt,USB,Financials,Equity,1.9983729671465496e-18,1.499870165832519e-18,-1.2684205023801176,0.8097369246429824,0.15,2022-11-30
2022-11-30,2022-12-01,2022-12-30,Equity - Minimum Variance,Equity - Minimum Variance Sentiment Tilt,Equity,sentiment_tilt,Sentiment Tilt,V,Financials,Equity,5.153821588752961e-18,3.868178447205366e-18,-1.2684205023801176,0.8097369246429824,0.15,2022-11-30
2022-11-30,2022-12-01,2022-12-30,Equity - Minimum Variance,Equity - Minimum Variance Sentiment Tilt,Equity,sentiment_tilt,Sentiment Tilt,WFC,Financials,Equity,6.303597391680269e-18,4.731137690829048e-18,-1.2684205023801176,0.8097369246429824,0.15,2022-11-30
2022-11-30,2022-12-01,2022-12-30,Equity - Minimum Variance,Equity - Minimum Variance Sentiment Tilt,Equity,sentiment_tilt,Sentiment Tilt,WMT,Consumer,Equity,0.1962735638518111,0.20765658670976808,0.9428919595593358,1.1414337939339003,0.15,2022-11-30
2022-11-30,2022-12-01,2022-12-30,Equity - Minimum Variance,Equity - Minimum Variance Sentiment Tilt,Equity,sentiment_tilt,Sentiment Tilt,XOM,Energy,Equity,0.0,0.0,0.8856094695565362,1.1328414204334805,0.15,2022-11-30
2022-12-30,2023-01-03,2023-01-31,Equity - Minimum Variance,Equity - Minimum Variance Sentiment Tilt,Equity,sentiment_tilt,Sentiment Tilt,ABBV,Healthcare,Equity,0.12453223085101801,0.12469203282682172,-0.2665771237909954,0.9600134314313507,0.15,2022-12-30
2022-12-30,2023-01-03,2023-01-31,Equity - Minimum Variance,Equity - Minimum Variance Sentiment Tilt,Equity,sentiment_tilt,Sentiment Tilt,ABT,Healthcare,Equity,0.0,0.0,-0.2665771237909954,0.9600134314313507,0.15,2022-12-30
2022-12-30,2023-01-03,2023-01-31,Equity - Minimum Variance,Equity - Minimum Variance Sentiment Tilt,Equity,sentiment_tilt,Sentiment Tilt,ADBE,Tech,Equity,4.85398961790474e-18,4.520339150497279e-18,-0.7141408168276693,0.8928788774758496,0.15,2022-12-30
2022-12-30,2023-01-03,2023-01-31,Equity - Minimum Variance,Equity - Minimum Variance Sentiment Tilt,Equity,sentiment_tilt,Sentiment Tilt,AEP,Utilities,Equity,0.00025613962994512694,0.00023821114539969147,-0.7221792422466393,0.8916731136630041,0.15,2022-12-30
2022-12-30,2023-01-03,2023-01-31,Equity - Minimum Variance,Equity - Minimum Variance Sentiment Tilt,Equity,sentiment_tilt,Sentiment Tilt,AMD,Tech,Equity,0.0,0.0,-0.7141408168276693,0.8928788774758496,0.15,2022-12-30
2022-12-30,2023-01-03,2023-01-31,Equity - Minimum Variance,Equity - Minimum Variance Sentiment Tilt,Equity,sentiment_tilt,Sentiment Tilt,AMGN,Healthcare,Equity,2.9197161413956793e-17,2.9234627731310344e-17,-0.2665771237909954,0.9600134314313507,0.15,2022-12-30
2022-12-30,2023-01-03,2023-01-31,Equity - Minimum Variance,Equity - Minimum Variance Sentiment Tilt,Equity,sentiment_tilt,Sentiment Tilt,AMT,RealEstate,Equity,0.0,0.0,0.2364954116242388,1.0354743117436358,0.15,2022-12-30
2022-12-30,2023-01-03,2023-01-31,Equity - Minimum Variance,Equity - Minimum Variance Sentiment Tilt,Equity,sentiment_tilt,Sentiment Tilt,BA,Industrials,Equity,0.0,0.0,1.0845887760787898,1.1626883164118185,0.15,2022-12-30
2022-12-30,2023-01-03,2023-01-31,Equity - Minimum Variance,Equity - Minimum Variance Sentiment Tilt,Equity,sentiment_tilt,Sentiment Tilt,CAT,Industrials,Equity,0.0,0.0,1.0845887760787898,1.1626883164118185,0.15,2022-12-30
2022-12-30,2023-01-03,2023-01-31,Equity - Minimum Variance,Equity - Minimum Variance Sentiment Tilt,Equity,sentiment_tilt,Sentiment Tilt,CCI,RealEstate,Equity,5.9603881381064325e-18,6.4371480682545434e-18,0.2364954116242388,1.0354743117436358,0.15,2022-12-30
2022-12-30,2023-01-03,2023-01-31,Equity - Minimum Variance,Equity - Minimum Variance Sentiment Tilt,Equity,sentiment_tilt,Sentiment Tilt,CMCSA,Comm,Equity,1.0619764114879815e-17,9.702756395321516e-18,-0.8267134170553733,0.8759929874416941,0.15,2022-12-30
2022-12-30,2023-01-03,2023-01-31,Equity - Minimum Variance,Equity - Minimum Variance Sentiment Tilt,Equity,sentiment_tilt,Sentiment Tilt,COP,Energy,Equity,9.678816569144902e-18,1.0874254576292178e-17,0.5146875692084983,1.0772031353812748,0.15,2022-12-30
2022-12-30,2023-01-03,2023-01-31,Equity - Minimum Variance,Equity - Minimum Variance Sentiment Tilt,Equity,sentiment_tilt,Sentiment Tilt,CVX,Energy,Equity,1.2327441134422394e-17,1.385001277917681e-17,0.5146875692084983,1.0772031353812748,0.15,2022-12-30
2022-12-30,2023-01-03,2023-01-31,Equity - Minimum Variance,Equity - Minimum Variance Sentiment Tilt,Equity,sentiment_tilt,Sentiment Tilt,D,Utilities,Equity,2.693799401014794e-18,2.5052470050425523e-18,-0.7221792422466393,0.8916731136630041,0.15,2022-12-30
2022-12-30,2023-01-03,2023-01-31,Equity - Minimum Variance,Equity - Minimum Variance Sentiment Tilt,Equity,sentiment_tilt,Sentiment Tilt,DD,Materials,Equity,0.0,0.0,-1.7373098878564235,0.7394035168215365,0.15,2022-12-30
2022-12-30,2023-01-03,2023-01-31,Equity - Minimum Variance,Equity - Minimum Variance Sentiment Tilt,Equity,sentiment_tilt,Sentiment Tilt,DIS,Consumer,Equity,0.0,0.0,0.028252670780273683,1.004237900617041,0.15,2022-12-30
2022-12-30,2023-01-03,2023-01-31,Equity - Minimum Variance,Equity - Minimum Variance Sentiment Tilt,Equity,sentiment_tilt,Sentiment Tilt,DOW,Materials,Equity,5.7350600078541494e-18,4.422818384908372e-18,-1.7373098878564235,0.7394035168215365,0.15,2022-12-30
2022-12-30,2023-01-03,2023-01-31,Equity - Minimum Variance,Equity - Minimum Variance Sentiment Tilt,Equity,sentiment_tilt,Sentiment Tilt,DUK,Utilities,Equity,0.0,0.0,-0.7221792422466393,0.8916731136630041,0.15,2022-12-30
2022-12-30,2023-01-03,2023-01-31,Equity - Minimum Variance,Equity - Minimum Variance Sentiment Tilt,Equity,sentiment_tilt,Sentiment Tilt,EA,Comm,Equity,0.10127107532726075,0.09252640295615328,-0.8267134170553733,0.8759929874416941,0.15,2022-12-30
2022-12-30,2023-01-03,2023-01-31,Equity - Minimum Variance,Equity - Minimum Variance Sentiment Tilt,Equity,sentiment_tilt,Sentiment Tilt,GE,Industrials,Equity,1.0415159012962488e-17,1.2630159677313207e-17,1.0845887760787898,1.1626883164118185,0.15,2022-12-30
2022-12-30,2023-01-03,2023-01-31,Equity - Minimum Variance,Equity - Minimum Variance Sentiment Tilt,Equity,sentiment_tilt,Sentiment Tilt,GILD,Healthcare,Equity,0.11393055853233214,0.114076756253464,-0.2665771237909954,0.9600134314313507,0.15,2022-12-30
2022-12-30,2023-01-03,2023-01-31,Equity - Minimum Variance,Equity - Minimum Variance Sentiment Tilt,Equity,sentiment_tilt,Sentiment Tilt,GS,Financials,Equity,0.0,0.0,0.12060746825689188,1.0180911202385339,0.15,2022-12-30
2022-12-30,2023-01-03,2023-01-31,Equity - Minimum Variance,Equity - Minimum Variance Sentiment Tilt,Equity,sentiment_tilt,Sentiment Tilt,INTC,Tech,Equity,0.0,0.0,-0.7141408168276693,0.8928788774758496,0.15,2022-12-30
2022-12-30,2023-01-03,2023-01-31,Equity - Minimum Variance,Equity - Minimum Variance Sentiment Tilt,Equity,sentiment_tilt,Sentiment Tilt,KO,Consumer,Equity,0.0733195999833621,0.07679559731834391,0.028252670780273683,1.004237900617041,0.15,2022-12-30
2022-12-30,2023-01-03,2023-01-31,Equity - Minimum Variance,Equity - Minimum Variance Sentiment Tilt,Equity,sentiment_tilt,Sentiment Tilt,MMM,Industrials,Equity,0.07235268254076696,0.08773998864870998,1.0845887760787898,1.1626883164118185,0.15,2022-12-30
2022-12-30,2023-01-03,2023-01-31,Equity - Minimum Variance,Equity - Minimum Variance Sentiment Tilt,Equity,sentiment_tilt,Sentiment Tilt,MRK,Healthcare,Equity,0.12466958546668536,0.12482956369837735,-0.2665771237909954,0.9600134314313507,0.15,2022-12-30
2022-12-30,2023-01-03,2023-01-31,Equity - Minimum Variance,Equity - Minimum Variance Sentiment Tilt,Equity,sentiment_tilt,Sentiment Tilt,MS,Financials,Equity,0.0,0.0,0.12060746825689188,1.0180911202385339,0.15,2022-12-30
2022-12-30,2023-01-03,2023-01-31,Equity - Minimum Variance,Equity - Minimum Variance Sentiment Tilt,Equity,sentiment_tilt,Sentiment Tilt,NEE,Utilities,Equity,0.0,0.0,-0.7221792422466393,0.8916731136630041,0.15,2022-12-30
2022-12-30,2023-01-03,2023-01-31,Equity - Minimum Variance,Equity - Minimum Variance Sentiment Tilt,Equity,sentiment_tilt,Sentiment Tilt,NEM,Materials,Equity,0.08795963005713929,0.06783354810824645,-1.7373098878564235,0.7394035168215365,0.15,2022-12-30
2022-12-30,2023-01-03,2023-01-31,Equity - Minimum Variance,Equity - Minimum Variance Sentiment Tilt,Equity,sentiment_tilt,Sentiment Tilt,NKE,Consumer,Equity,4.6461812320553714e-18,4.866451304234322e-18,0.028252670780273683,1.004237900617041,0.15,2022-12-30
2022-12-30,2023-01-03,2023-01-31,Equity - Minimum Variance,Equity - Minimum Variance Sentiment Tilt,Equity,sentiment_tilt,Sentiment Tilt,NUE,Materials,Equity,9.32706079862783e-18,7.192931882288061e-18,-1.7373098878564235,0.7394035168215365,0.15,2022-12-30
2022-12-30,2023-01-03,2023-01-31,Equity - Minimum Variance,Equity - Minimum Variance Sentiment Tilt,Equity,sentiment_tilt,Sentiment Tilt,NVDA,Tech,Equity,0.0,0.0,-0.7141408168276693,0.8928788774758496,0.15,2022-12-30
2022-12-30,2023-01-03,2023-01-31,Equity - Minimum Variance,Equity - Minimum Variance Sentiment Tilt,Equity,sentiment_tilt,Sentiment Tilt,O,RealEstate,Equity,0.0,0.0,0.2364954116242388,1.0354743117436358,0.15,2022-12-30
2022-12-30,2023-01-03,2023-01-31,Equity - Minimum Variance,Equity - Minimum Variance Sentiment Tilt,Equity,sentiment_tilt,Sentiment Tilt,OXY,Energy,Equity,8.092461883549143e-19,9.09196801509679e-19,0.5146875692084983,1.0772031353812748,0.15,2022-12-30
2022-12-30,2023-01-03,2023-01-31,Equity - Minimum Variance,Equity - Minimum Variance Sentiment Tilt,Equity,sentiment_tilt,Sentiment Tilt,PLD,RealEstate,Equity,4.3140584435245236e-18,4.659131642539888e-18,0.2364954116242388,1.0354743117436358,0.15,2022-12-30
2022-12-30,2023-01-03,2023-01-31,Equity - Minimum Variance,Equity - Minimum Variance Sentiment Tilt,Equity,sentiment_tilt,Sentiment Tilt,PSA,RealEstate,Equity,0.047571553485869424,0.05137671012859866,0.2364954116242388,1.0354743117436358,0.15,2022-12-30
2022-12-30,2023-01-03,2023-01-31,Equity - Minimum Variance,Equity - Minimum Variance Sentiment Tilt,Equity,sentiment_tilt,Sentiment Tilt,QCOM,Tech,Equity,3.656039402448893e-18,3.404732879050576e-18,-0.7141408168276693,0.8928788774758496,0.15,2022-12-30
2022-12-30,2023-01-03,2023-01-31,Equity - Minimum Variance,Equity - Minimum Variance Sentiment Tilt,Equity,sentiment_tilt,Sentiment Tilt,SBUX,Consumer,Equity,4.157193466586814e-18,4.35428119502694e-18,0.028252670780273683,1.004237900617041,0.15,2022-12-30
2022-12-30,2023-01-03,2023-01-31,Equity - Minimum Variance,Equity - Minimum Variance Sentiment Tilt,Equity,sentiment_tilt,Sentiment Tilt,SHW,Materials,Equity,0.0,0.0,-1.7373098878564235,0.7394035168215365,0.15,2022-12-30
2022-12-30,2023-01-03,2023-01-31,Equity - Minimum Variance,Equity - Minimum Variance Sentiment Tilt,Equity,sentiment_tilt,Sentiment Tilt,SLB,Energy,Equity,0.0,0.0,0.5146875692084983,1.0772031353812748,0.15,2022-12-30
2022-12-30,2023-01-03,2023-01-31,Equity - Minimum Variance,Equity - Minimum Variance Sentiment Tilt,Equity,sentiment_tilt,Sentiment Tilt,SO,Utilities,Equity,0.0,0.0,-0.7221792422466393,0.8916731136630041,0.15,2022-12-30
2022-12-30,2023-01-03,2023-01-31,Equity - Minimum Variance,Equity - Minimum Variance Sentiment Tilt,Equity,sentiment_tilt,Sentiment Tilt,T,Comm,Equity,0.016751908440120207,0.01530539520397401,-0.8267134170553733,0.8759929874416941,0.15,2022-12-30
2022-12-30,2023-01-03,2023-01-31,Equity - Minimum Variance,Equity - Minimum Variance Sentiment Tilt,Equity,sentiment_tilt,Sentiment Tilt,TMUS,Comm,Equity,8.98855174099412e-18,8.212397841060338e-18,-0.8267134170553733,0.8759929874416941,0.15,2022-12-30
2022-12-30,2023-01-03,2023-01-31,Equity - Minimum Variance,Equity - Minimum Variance Sentiment Tilt,Equity,sentiment_tilt,Sentiment Tilt,TTWO,Comm,Equity,0.036259461155006806,0.03312848711203562,-0.8267134170553733,0.8759929874416941,0.15,2022-12-30
2022-12-30,2023-01-03,2023-01-31,Equity - Minimum Variance,Equity - Minimum Variance Sentiment Tilt,Equity,sentiment_tilt,Sentiment Tilt,UPS,Industrials,Equity,0.00482023369694425,0.005845356868637461,1.0845887760787898,1.1626883164118185,0.15,2022-12-30
2022-12-30,2023-01-03,2023-01-31,Equity - Minimum Variance,Equity - Minimum Variance Sentiment Tilt,Equity,sentiment_tilt,Sentiment Tilt,USB,Financials,Equity,8.272269455979251e-18,8.783972144744093e-18,0.12060746825689188,1.0180911202385339,0.15,2022-12-30
2022-12-30,2023-01-03,2023-01-31,Equity - Minimum Variance,Equity - Minimum Variance Sentiment Tilt,Equity,sentiment_tilt,Sentiment Tilt,V,Financials,Equity,0.0,0.0,0.12060746825689188,1.0180911202385339,0.15,2022-12-30
2022-12-30,2023-01-03,2023-01-31,Equity - Minimum Variance,Equity - Minimum Variance Sentiment Tilt,Equity,sentiment_tilt,Sentiment Tilt,WFC,Financials,Equity,7.161275837668813e-18,7.604255133812647e-18,0.12060746825689188,1.0180911202385339,0.15,2022-12-30
2022-12-30,2023-01-03,2023-01-31,Equity - Minimum Variance,Equity - Minimum Variance Sentiment Tilt,Equity,sentiment_tilt,Sentiment Tilt,WMT,Consumer,Equity,0.1963053408335494,0.2056119497312378,0.028252670780273683,1.004237900617041,0.15,2022-12-30
2022-12-30,2023-01-03,2023-01-31,Equity - Minimum Variance,Equity - Minimum Variance Sentiment Tilt,Equity,sentiment_tilt,Sentiment Tilt,XOM,Energy,Equity,1.5222061860378934e-17,1.7102150315929817e-17,0.5146875692084983,1.0772031353812748,0.15,2022-12-30
2023-01-31,2023-02-01,2023-02-28,Equity - Minimum Variance,Equity - Minimum Variance Sentiment Tilt,Equity,sentiment_tilt,Sentiment Tilt,ABBV,Healthcare,Equity,0.12258594061636456,0.12056917025333143,-0.4885530830727628,0.9267170375390856,0.15,2023-01-31
2023-01-31,2023-02-01,2023-02-28,Equity - Minimum Variance,Equity - Minimum Variance Sentiment Tilt,Equity,sentiment_tilt,Sentiment Tilt,ABT,Healthcare,Equity,0.0,0.0,-0.4885530830727628,0.9267170375390856,0.15,2023-01-31
2023-01-31,2023-02-01,2023-02-28,Equity - Minimum Variance,Equity - Minimum Variance Sentiment Tilt,Equity,sentiment_tilt,Sentiment Tilt,ADBE,Tech,Equity,0.0,0.0,-1.1247289031073355,0.8312906645338997,0.15,2023-01-31
2023-01-31,2023-02-01,2023-02-28,Equity - Minimum Variance,Equity - Minimum Variance Sentiment Tilt,Equity,sentiment_tilt,Sentiment Tilt,AEP,Utilities,Equity,0.0013520914428126565,0.0014720262019092861,0.17197355678363693,1.0257960335175456,0.15,2023-01-31
2023-01-31,2023-02-01,2023-02-28,Equity - Minimum Variance,Equity - Minimum Variance Sentiment Tilt,Equity,sentiment_tilt,Sentiment Tilt,AMD,Tech,Equity,3.1543403464904867e-18,2.782978909803244e-18,-1.1247289031073355,0.8312906645338997,0.15,2023-01-31
2023-01-31,2023-02-01,2023-02-28,Equity - Minimum Variance,Equity - Minimum Variance Sentiment Tilt,Equity,sentiment_tilt,Sentiment Tilt,AMGN,Healthcare,Equity,0.0,0.0,-0.4885530830727628,0.9267170375390856,0.15,2023-01-31
2023-01-31,2023-02-01,2023-02-28,Equity - Minimum Variance,Equity - Minimum Variance Sentiment Tilt,Equity,sentiment_tilt,Sentiment Tilt,AMT,RealEstate,Equity,0.0,0.0,-0.12451269963824939,0.9813230950542626,0.15,2023-01-31
2023-01-31,2023-02-01,2023-02-28,Equity - Minimum Variance,Equity - Minimum Variance Sentiment Tilt,Equity,sentiment_tilt,Sentiment Tilt,BA,Industrials,Equity,1.117101439191044e-17,1.3412361526429996e-17,0.8750970179384336,1.131264552690765,0.15,2023-01-31
2023-01-31,2023-02-01,2023-02-28,Equity - Minimum Variance,Equity - Minimum Variance Sentiment Tilt,Equity,sentiment_tilt,Sentiment Tilt,CAT,Industrials,Equity,0.0,0.0,0.8750970179384336,1.131264552690765,0.15,2023-01-31
2023-01-31,2023-02-01,2023-02-28,Equity - Minimum Variance,Equity - Minimum Variance Sentiment Tilt,Equity,sentiment_tilt,Sentiment Tilt,CCI,RealEstate,Equity,5.229520265235531e-18,5.4465604865492706e-18,-0.12451269963824939,0.9813230950542626,0.15,2023-01-31
2023-01-31,2023-02-01,2023-02-28,Equity - Minimum Variance,Equity - Minimum Variance Sentiment Tilt,Equity,sentiment_tilt,Sentiment Tilt,CMCSA,Comm,Equity,0.0,0.0,-1.0027929633755415,0.8495810554936688,0.15,2023-01-31
2023-01-31,2023-02-01,2023-02-28,Equity - Minimum Variance,Equity - Minimum Variance Sentiment Tilt,Equity,sentiment_tilt,Sentiment Tilt,COP,Energy,Equity,0.0,0.0,0.42438467756570764,1.063657701634856,0.15,2023-01-31
2023-01-31,2023-02-01,2023-02-28,Equity - Minimum Variance,Equity - Minimum Variance Sentiment Tilt,Equity,sentiment_tilt,Sentiment Tilt,CVX,Energy,Equity,0.0,0.0,0.42438467756570764,1.063657701634856,0.15,2023-01-31
2023-01-31,2023-02-01,2023-02-28,Equity - Minimum Variance,Equity - Minimum Variance Sentiment Tilt,Equity,sentiment_tilt,Sentiment Tilt,D,Utilities,Equity,0.0,0.0,0.17197355678363693,1.0257960335175456,0.15,2023-01-31
2023-01-31,2023-02-01,2023-02-28,Equity - Minimum Variance,Equity - Minimum Variance Sentiment Tilt,Equity,sentiment_tilt,Sentiment Tilt,DD,Materials,Equity,6.033636987602018e-18,6.173948760574422e-18,-0.23913650099482175,0.9641295248507767,0.15,2023-01-31
2023-01-31,2023-02-01,2023-02-28,Equity - Minimum Variance,Equity - Minimum Variance Sentiment Tilt,Equity,sentiment_tilt,Sentiment Tilt,DIS,Consumer,Equity,0.0,0.0,-0.30066299293231863,0.9549005510601523,0.15,2023-01-31
2023-01-31,2023-02-01,2023-02-28,Equity - Minimum Variance,Equity - Minimum Variance Sentiment Tilt,Equity,sentiment_tilt,Sentiment Tilt,DOW,Materials,Equity,0.0,0.0,-0.23913650099482175,0.9641295248507767,0.15,2023-01-31
2023-01-31,2023-02-01,2023-02-28,Equity - Minimum Variance,Equity - Minimum Variance Sentiment Tilt,Equity,sentiment_tilt,Sentiment Tilt,DUK,Utilities,Equity,0.0,0.0,0.17197355678363693,1.0257960335175456,0.15,2023-01-31
2023-01-31,2023-02-01,2023-02-28,Equity - Minimum Variance,Equity - Minimum Variance Sentiment Tilt,Equity,sentiment_tilt,Sentiment Tilt,EA,Comm,Equity,0.10773187215283524,0.09713986319826512,-1.0027929633755415,0.8495810554936688,0.15,2023-01-31
2023-01-31,2023-02-01,2023-02-28,Equity - Minimum Variance,Equity - Minimum Variance Sentiment Tilt,Equity,sentiment_tilt,Sentiment Tilt,GE,Industrials,Equity,8.220010409168731e-18,9.869269476425242e-18,0.8750970179384336,1.131264552690765,0.15,2023-01-31
2023-01-31,2023-02-01,2023-02-28,Equity - Minimum Variance,Equity - Minimum Variance Sentiment Tilt,Equity,sentiment_tilt,Sentiment Tilt,GILD,Healthcare,Equity,0.11409886792801394,0.1122217259479806,-0.4885530830727628,0.9267170375390856,0.15,2023-01-31
2023-01-31,2023-02-01,2023-02-28,Equity - Minimum Variance,Equity - Minimum Variance Sentiment Tilt,Equity,sentiment_tilt,Sentiment Tilt,GS,Financials,Equity,0.0,0.0,-0.1069800604179387,0.9839529909373091,0.15,2023-01-31
2023-01-31,2023-02-01,2023-02-28,Equity - Minimum Variance,Equity - Minimum Variance Sentiment Tilt,Equity,sentiment_tilt,Sentiment Tilt,INTC,Tech,Equity,0.0,0.0,-1.1247289031073355,0.8312906645338997,0.15,2023-01-31
2023-01-31,2023-02-01,2023-02-28,Equity - Minimum Variance,Equity - Minimum Variance Sentiment Tilt,Equity,sentiment_tilt,Sentiment Tilt,KO,Consumer,Equity,0.07823609129284671,0.07928914770885534,-0.30066299293231863,0.9549005510601523,0.15,2023-01-31
2023-01-31,2023-02-01,2023-02-28,Equity - Minimum Variance,Equity - Minimum Variance Sentiment Tilt,Equity,sentiment_tilt,Sentiment Tilt,MMM,Industrials,Equity,0.0633151967822717,0.0760187284313091,0.8750970179384336,1.131264552690765,0.15,2023-01-31
2023-01-31,2023-02-01,2023-02-28,Equity - Minimum Variance,Equity - Minimum Variance Sentiment Tilt,Equity,sentiment_tilt,Sentiment Tilt,MRK,Healthcare,Equity,0.12452268997941261,0.12247405642965203,-0.4885530830727628,0.9267170375390856,0.15,2023-01-31
2023-01-31,2023-02-01,2023-02-28,Equity - Minimum Variance,Equity - Minimum Variance Sentiment Tilt,Equity,sentiment_tilt,Sentiment Tilt,MS,Financials,Equity,0.0,0.0,-0.1069800604179387,0.9839529909373091,0.15,2023-01-31
2023-01-31,2023-02-01,2023-02-28,Equity - Minimum Variance,Equity - Minimum Variance Sentiment Tilt,Equity,sentiment_tilt,Sentiment Tilt,NEE,Utilities,Equity,1.3033548888365341e-17,1.418966562470714e-17,0.17197355678363693,1.0257960335175456,0.15,2023-01-31
2023-01-31,2023-02-01,2023-02-28,Equity - Minimum Variance,Equity - Minimum Variance Sentiment Tilt,Equity,sentiment_tilt,Sentiment Tilt,NEM,Materials,Equity,0.08482963083205734,0.08680233749755578,-0.23913650099482175,0.9641295248507767,0.15,2023-01-31
2023-01-31,2023-02-01,2023-02-28,Equity - Minimum Variance,Equity - Minimum Variance Sentiment Tilt,Equity,sentiment_tilt,Sentiment Tilt,NKE,Consumer,Equity,6.446054084905709e-18,6.532817859780914e-18,-0.30066299293231863,0.9549005510601523,0.15,2023-01-31
2023-01-31,2023-02-01,2023-02-28,Equity - Minimum Variance,Equity - Minimum Variance Sentiment Tilt,Equity,sentiment_tilt,Sentiment Tilt,NUE,Materials,Equity,7.623233105841667e-18,7.80051081662547e-18,-0.23913650099482175,0.9641295248507767,0.15,2023-01-31
2023-01-31,2023-02-01,2023-02-28,Equity - Minimum Variance,Equity - Minimum Variance Sentiment Tilt,Equity,sentiment_tilt,Sentiment Tilt,NVDA,Tech,Equity,1.2985751160548364e-17,1.1456934774957739e-17,-1.1247289031073355,0.8312906645338997,0.15,2023-01-31
2023-01-31,2023-02-01,2023-02-28,Equity - Minimum Variance,Equity - Minimum Variance Sentiment Tilt,Equity,sentiment_tilt,Sentiment Tilt,O,RealEstate,Equity,7.611218426848034e-19,7.927106012715512e-19,-0.12451269963824939,0.9813230950542626,0.15,2023-01-31
2023-01-31,2023-02-01,2023-02-28,Equity - Minimum Variance,Equity - Minimum Variance Sentiment Tilt,Equity,sentiment_tilt,Sentiment Tilt,OXY,Energy,Equity,0.0,0.0,0.42438467756570764,1.063657701634856,0.15,2023-01-31
2023-01-31,2023-02-01,2023-02-28,Equity - Minimum Variance,Equity - Minimum Variance Sentiment Tilt,Equity,sentiment_tilt,Sentiment Tilt,PLD,RealEstate,Equity,0.0,0.0,-0.12451269963824939,0.9813230950542626,0.15,2023-01-31
2023-01-31,2023-02-01,2023-02-28,Equity - Minimum Variance,Equity - Minimum Variance Sentiment Tilt,Equity,sentiment_tilt,Sentiment Tilt,PSA,RealEstate,Equity,0.05272912440887123,0.0549175356303479,-0.12451269963824939,0.9813230950542626,0.15,2023-01-31
2023-01-31,2023-02-01,2023-02-28,Equity - Minimum Variance,Equity - Minimum Variance Sentiment Tilt,Equity,sentiment_tilt,Sentiment Tilt,QCOM,Tech,Equity,0.0,0.0,-1.1247289031073355,0.8312906645338997,0.15,2023-01-31
2023-01-31,2023-02-01,2023-02-28,Equity - Minimum Variance,Equity - Minimum Variance Sentiment Tilt,Equity,sentiment_tilt,Sentiment Tilt,SBUX,Consumer,Equity,0.0,0.0,-0.30066299293231863,0.9549005510601523,0.15,2023-01-31
2023-01-31,2023-02-01,2023-02-28,Equity - Minimum Variance,Equity - Minimum Variance Sentiment Tilt,Equity,sentiment_tilt,Sentiment Tilt,SHW,Materials,Equity,0.0,0.0,-0.23913650099482175,0.9641295248507767,0.15,2023-01-31
2023-01-31,2023-02-01,2023-02-28,Equity - Minimum Variance,Equity - Minimum Variance Sentiment Tilt,Equity,sentiment_tilt,Sentiment Tilt,SLB,Energy,Equity,1.391983773129836e-17,1.5713919443711702e-17,0.42438467756570764,1.063657701634856,0.15,2023-01-31
2023-01-31,2023-02-01,2023-02-28,Equity - Minimum Variance,Equity - Minimum Variance Sentiment Tilt,Equity,sentiment_tilt,Sentiment Tilt,SO,Utilities,Equity,4.606448892972186e-18,5.015055382722824e-18,0.17197355678363693,1.0257960335175456,0.15,2023-01-31
2023-01-31,2023-02-01,2023-02-28,Equity - Minimum Variance,Equity - Minimum Variance Sentiment Tilt,Equity,sentiment_tilt,Sentiment Tilt,T,Comm,Equity,0.01720619548990366,0.01551451248968071,-1.0027929633755415,0.8495810554936688,0.15,2023-01-31
2023-01-31,2023-02-01,2023-02-28,Equity - Minimum Variance,Equity - Minimum Variance Sentiment Tilt,Equity,sentiment_tilt,Sentiment Tilt,TMUS,Comm,Equity,0.0,0.0,-1.0027929633755415,0.8495810554936688,0.15,2023-01-31
2023-01-31,2023-02-01,2023-02-28,Equity - Minimum Variance,Equity - Minimum Variance Sentiment Tilt,Equity,sentiment_tilt,Sentiment Tilt,TTWO,Comm,Equity,0.03467645219230409,0.0312671241560054,-1.0027929633755415,0.8495810554936688,0.15,2023-01-31
2023-01-31,2023-02-01,2023-02-28,Equity - Minimum Variance,Equity - Minimum Variance Sentiment Tilt,Equity,sentiment_tilt,Sentiment Tilt,UPS,Industrials,Equity,0.004932234036205319,0.005921835180380198,0.8750970179384336,1.131264552690765,0.15,2023-01-31
2023-01-31,2023-02-01,2023-02-28,Equity - Minimum Variance,Equity - Minimum Variance Sentiment Tilt,Equity,sentiment_tilt,Sentiment Tilt,USB,Financials,Equity,0.0,0.0,-0.1069800604179387,0.9839529909373091,0.15,2023-01-31
2023-01-31,2023-02-01,2023-02-28,Equity - Minimum Variance,Equity - Minimum Variance Sentiment Tilt,Equity,sentiment_tilt,Sentiment Tilt,V,Financials,Equity,5.189197673637824e-18,5.419048347868384e-18,-0.1069800604179387,0.9839529909373091,0.15,2023-01-31
2023-01-31,2023-02-01,2023-02-28,Equity - Minimum Variance,Equity - Minimum Variance Sentiment Tilt,Equity,sentiment_tilt,Sentiment Tilt,WFC,Financials,Equity,4.273529257969745e-18,4.462821253200245e-18,-0.1069800604179387,0.9839529909373091,0.15,2023-01-31
2023-01-31,2023-02-01,2023-02-28,Equity - Minimum Variance,Equity - Minimum Variance Sentiment Tilt,Equity,sentiment_tilt,Sentiment Tilt,WMT,Consumer,Equity,0.19378361284610088,0.196391936874727,-0.30066299293231863,0.9549005510601523,0.15,2023-01-31
2023-01-31,2023-02-01,2023-02-28,Equity - Minimum Variance,Equity - Minimum Variance Sentiment Tilt,Equity,sentiment_tilt,Sentiment Tilt,XOM,Energy,Equity,0.0,0.0,0.42438467756570764,1.063657701634856,0.15,2023-01-31
2023-02-28,2023-03-01,2023-03-31,Equity - Minimum Variance,Equity - Minimum Variance Sentiment Tilt,Equity,sentiment_tilt,Sentiment Tilt,ABBV,Healthcare,Equity,0.12312004817159714,0.10781273250724607,-0.6424803530542956,0.9036279470418557,0.15,2023-02-28
2023-02-28,2023-03-01,2023-03-31,Equity - Minimum Variance,Equity - Minimum Variance Sentiment Tilt,Equity,sentiment_tilt,Sentiment Tilt,ABT,Healthcare,Equity,8.244279206381278e-18,7.219281359879161e-18,-0.6424803530542956,0.9036279470418557,0.15,2023-02-28
2023-02-28,2023-03-01,2023-03-31,Equity - Minimum Variance,Equity - Minimum Variance Sentiment Tilt,Equity,sentiment_tilt,Sentiment Tilt,ADBE,Tech,Equity,8.89143767345107e-19,1.0668608202573593e-18,1.5878737096887345,1.2381810564533102,0.15,2023-02-28
2023-02-28,2023-03-01,2023-03-31,Equity - Minimum Variance,Equity - Minimum Variance Sentiment Tilt,Equity,sentiment_tilt,Sentiment Tilt,AEP,Utilities,Equity,0.0,0.0,0.15175498635666249,1.0227632479534994,0.15,2023-02-28
2023-02-28,2023-03-01,2023-03-31,Equity - Minimum Variance,Equity - Minimum Variance Sentiment Tilt,Equity,sentiment_tilt,Sentiment Tilt,AMD,Tech,Equity,5.567334660687231e-19,6.680102184692766e-19,1.5878737096887345,1.2381810564533102,0.15,2023-02-28
2023-02-28,2023-03-01,2023-03-31,Equity - Minimum Variance,Equity - Minimum Variance Sentiment Tilt,Equity,sentiment_tilt,Sentiment Tilt,AMGN,Healthcare,Equity,1.8120514197158016e-17,1.5867620091482695e-17,-0.6424803530542956,0.9036279470418557,0.15,2023-02-28
2023-02-28,2023-03-01,2023-03-31,Equity - Minimum Variance,Equity - Minimum Variance Sentiment Tilt,Equity,sentiment_tilt,Sentiment Tilt,AMT,RealEstate,Equity,0.0,0.0,0.12478481341786554,1.0187177220126797,0.15,2023-02-28
2023-02-28,2023-03-01,2023-03-31,Equity - Minimum Variance,Equity - Minimum Variance Sentiment Tilt,Equity,sentiment_tilt,Sentiment Tilt,BA,Industrials,Equity,0.0,0.0,0.9108679789632566,1.1366301968444885,0.15,2023-02-28
2023-02-28,2023-03-01,2023-03-31,Equity - Minimum Variance,Equity - Minimum Variance Sentiment Tilt,Equity,sentiment_tilt,Sentiment Tilt,CAT,Industrials,Equity,8.25462353214531e-18,9.092181224236347e-18,0.9108679789632566,1.1366301968444885,0.15,2023-02-28
2023-02-28,2023-03-01,2023-03-31,Equity - Minimum Variance,Equity - Minimum Variance Sentiment Tilt,Equity,sentiment_tilt,Sentiment Tilt,CCI,RealEstate,Equity,3.597523961769139e-18,3.551478412157461e-18,0.12478481341786554,1.0187177220126797,0.15,2023-02-28
2023-02-28,2023-03-01,2023-03-31,Equity - Minimum Variance,Equity - Minimum Variance Sentiment Tilt,Equity,sentiment_tilt,Sentiment Tilt,CMCSA,Comm,Equity,0.0,0.0,0.09306275589445709,1.0139594133841685,0.15,2023-02-28
2023-02-28,2023-03-01,2023-03-31,Equity - Minimum Variance,Equity - Minimum Variance Sentiment Tilt,Equity,sentiment_tilt,Sentiment Tilt,COP,Energy,Equity,1.588626979664436e-17,1.6783684642408637e-17,0.6014601316055356,1.0902190197408304,0.15,2023-02-28
2023-02-28,2023-03-01,2023-03-31,Equity - Minimum Variance,Equity - Minimum Variance Sentiment Tilt,Equity,sentiment_tilt,Sentiment Tilt,CVX,Energy,Equity,1.5440957815287497e-17,1.6313217002222988e-17,0.6014601316055356,1.0902190197408304,0.15,2023-02-28
2023-02-28,2023-03-01,2023-03-31,Equity - Minimum Variance,Equity - Minimum Variance Sentiment Tilt,Equity,sentiment_tilt,Sentiment Tilt,D,Utilities,Equity,6.659086601711945e-18,6.599961453281232e-18,0.15175498635666249,1.0227632479534994,0.15,2023-02-28
2023-02-28,2023-03-01,2023-03-31,Equity - Minimum Variance,Equity - Minimum Variance Sentiment Tilt,Equity,sentiment_tilt,Sentiment Tilt,DD,Materials,Equity,0.0,0.0,2.0,1.3,0.15,2023-02-28
2023-02-28,2023-03-01,2023-03-31,Equity - Minimum Variance,Equity - Minimum Variance Sentiment Tilt,Equity,sentiment_tilt,Sentiment Tilt,DIS,Consumer,Equity,3.2080823578695394e-18,3.4371697388779277e-18,0.7040987434129946,1.1056148115119493,0.15,2023-02-28
2023-02-28,2023-03-01,2023-03-31,Equity - Minimum Variance,Equity - Minimum Variance Sentiment Tilt,Equity,sentiment_tilt,Sentiment Tilt,DOW,Materials,Equity,1.8966309944669996e-18,2.389339254717041e-18,2.0,1.3,0.15,2023-02-28
2023-02-28,2023-03-01,2023-03-31,Equity - Minimum Variance,Equity - Minimum Variance Sentiment Tilt,Equity,sentiment_tilt,Sentiment Tilt,DUK,Utilities,Equity,0.0,0.0,0.15175498635666249,1.0227632479534994,0.15,2023-02-28
2023-02-28,2023-03-01,2023-03-31,Equity - Minimum Variance,Equity - Minimum Variance Sentiment Tilt,Equity,sentiment_tilt,Sentiment Tilt,EA,Comm,Equity,0.10456163583195148,0.10274118321429407,0.09306275589445709,1.0139594133841685,0.15,2023-02-28
2023-02-28,2023-03-01,2023-03-31,Equity - Minimum Variance,Equity - Minimum Variance Sentiment Tilt,Equity,sentiment_tilt,Sentiment Tilt,GE,Industrials,Equity,0.0,0.0,0.9108679789632566,1.1366301968444885,0.15,2023-02-28
2023-02-28,2023-03-01,2023-03-31,Equity - Minimum Variance,Equity - Minimum Variance Sentiment Tilt,Equity,sentiment_tilt,Sentiment Tilt,GILD,Healthcare,Equity,0.11410939484130438,0.09992235907382754,-0.6424803530542956,0.9036279470418557,0.15,2023-02-28
2023-02-28,2023-03-01,2023-03-31,Equity - Minimum Variance,Equity - Minimum Variance Sentiment Tilt,Equity,sentiment_tilt,Sentiment Tilt,GS,Financials,Equity,0.0,0.0,0.8551642781269879,1.1282746417190481,0.15,2023-02-28
2023-02-28,2023-03-01,2023-03-31,Equity - Minimum Variance,Equity - Minimum Variance Sentiment Tilt,Equity,sentiment_tilt,Sentiment Tilt,INTC,Tech,Equity,1.0777134419172448e-17,1.2931207402817553e-17,1.5878737096887345,1.2381810564533102,0.15,2023-02-28
2023-02-28,2023-03-01,2023-03-31,Equity - Minimum Variance,Equity - Minimum Variance Sentiment Tilt,Equity,sentiment_tilt,Sentiment Tilt,KO,Consumer,Equity,0.07699250390487253,0.08249049588552687,0.7040987434129946,1.1056148115119493,0.15,2023-02-28
2023-02-28,2023-03-01,2023-03-31,Equity - Minimum Variance,Equity - Minimum Variance Sentiment Tilt,Equity,sentiment_tilt,Sentiment Tilt,MMM,Industrials,Equity,0.06321197934108398,0.06962580055573422,0.9108679789632566,1.1366301968444885,0.15,2023-02-28
2023-02-28,2023-03-01,2023-03-31,Equity - Minimum Variance,Equity - Minimum Variance Sentiment Tilt,Equity,sentiment_tilt,Sentiment Tilt,MRK,Healthcare,Equity,0.12134038557372853,0.10625433247031836,-0.6424803530542956,0.9036279470418557,0.15,2023-02-28
2023-02-28,2023-03-01,2023-03-31,Equity - Minimum Variance,Equity - Minimum Variance Sentiment Tilt,Equity,sentiment_tilt,Sentiment Tilt,MS,Financials,Equity,0.0,0.0,0.8551642781269879,1.1282746417190481,0.15,2023-02-28
2023-02-28,2023-03-01,2023-03-31,Equity - Minimum Variance,Equity - Minimum Variance Sentiment Tilt,Equity,sentiment_tilt,Sentiment Tilt,NEE,Utilities,Equity,1.7173434274571173e-17,1.70209536250046e-17,0.15175498635666249,1.0227632479534994,0.15,2023-02-28
2023-02-28,2023-03-01,2023-03-31,Equity - Minimum Variance,Equity - Minimum Variance Sentiment Tilt,Equity,sentiment_tilt,Sentiment Tilt,NEM,Materials,Equity,0.08305887589189224,0.10463597463086911,2.0,1.3,0.15,2023-02-28
2023-02-28,2023-03-01,2023-03-31,Equity - Minimum Variance,Equity - Minimum Variance Sentiment Tilt,Equity,sentiment_tilt,Sentiment Tilt,NKE,Consumer,Equity,0.0,0.0,0.7040987434129946,1.1056148115119493,0.15,2023-02-28
2023-02-28,2023-03-01,2023-03-31,Equity - Minimum Variance,Equity - Minimum Variance Sentiment Tilt,Equity,sentiment_tilt,Sentiment Tilt,NUE,Materials,Equity,0.0,0.0,2.0,1.3,0.15,2023-02-28
2023-02-28,2023-03-01,2023-03-31,Equity - Minimum Variance,Equity - Minimum Variance Sentiment Tilt,Equity,sentiment_tilt,Sentiment Tilt,NVDA,Tech,Equity,0.0,0.0,1.5878737096887345,1.2381810564533102,0.15,2023-02-28
2023-02-28,2023-03-01,2023-03-31,Equity - Minimum Variance,Equity - Minimum Variance Sentiment Tilt,Equity,sentiment_tilt,Sentiment Tilt,O,RealEstate,Equity,0.0,0.0,0.12478481341786554,1.0187177220126797,0.15,2023-02-28
2023-02-28,2023-03-01,2023-03-31,Equity - Minimum Variance,Equity - Minimum Variance Sentiment Tilt,Equity,sentiment_tilt,Sentiment Tilt,OXY,Energy,Equity,1.0789425730711375e-17,1.1398920026852355e-17,0.6014601316055356,1.0902190197408304,0.15,2023-02-28
2023-02-28,2023-03-01,2023-03-31,Equity - Minimum Variance,Equity - Minimum Variance Sentiment Tilt,Equity,sentiment_tilt,Sentiment Tilt,PLD,RealEstate,Equity,1.2201071152096117e-17,1.2044906792103033e-17,0.12478481341786554,1.0187177220126797,0.15,2023-02-28
2023-02-28,2023-03-01,2023-03-31,Equity - Minimum Variance,Equity - Minimum Variance Sentiment Tilt,Equity,sentiment_tilt,Sentiment Tilt,PSA,RealEstate,Equity,0.05802944906984104,0.05728671659481682,0.12478481341786554,1.0187177220126797,0.15,2023-02-28
2023-02-28,2023-03-01,2023-03-31,Equity - Minimum Variance,Equity - Minimum Variance Sentiment Tilt,Equity,sentiment_tilt,Sentiment Tilt,QCOM,Tech,Equity,0.0,0.0,1.5878737096887345,1.2381810564533102,0.15,2023-02-28
2023-02-28,2023-03-01,2023-03-31,Equity - Minimum Variance,Equity - Minimum Variance Sentiment Tilt,Equity,sentiment_tilt,Sentiment Tilt,SBUX,Consumer,Equity,0.0,0.0,0.7040987434129946,1.1056148115119493,0.15,2023-02-28
2023-02-28,2023-03-01,2023-03-31,Equity - Minimum Variance,Equity - Minimum Variance Sentiment Tilt,Equity,sentiment_tilt,Sentiment Tilt,SHW,Materials,Equity,8.187825205939653e-18,1.031486474300241e-17,2.0,1.3,0.15,2023-02-28
2023-02-28,2023-03-01,2023-03-31,Equity - Minimum Variance,Equity - Minimum Variance Sentiment Tilt,Equity,sentiment_tilt,Sentiment Tilt,SLB,Energy,Equity,5.2760224066373336e-18,5.574064734692307e-18,0.6014601316055356,1.0902190197408304,0.15,2023-02-28
2023-02-28,2023-03-01,2023-03-31,Equity - Minimum Variance,Equity - Minimum Variance Sentiment Tilt,Equity,sentiment_tilt,Sentiment Tilt,SO,Utilities,Equity,1.882989885429129e-17,1.8662710674998192e-17,0.15175498635666249,1.0227632479534994,0.15,2023-02-28
2023-02-28,2023-03-01,2023-03-31,Equity - Minimum Variance,Equity - Minimum Variance Sentiment Tilt,Equity,sentiment_tilt,Sentiment Tilt,T,Comm,Equity,0.02060416572037447,0.020245440389407135,0.09306275589445709,1.0139594133841685,0.15,2023-02-28
2023-02-28,2023-03-01,2023-03-31,Equity - Minimum Variance,Equity - Minimum Variance Sentiment Tilt,Equity,sentiment_tilt,Sentiment Tilt,TMUS,Comm,Equity,0.0,0.0,0.09306275589445709,1.0139594133841685,0.15,2023-02-28
2023-02-28,2023-03-01,2023-03-31,Equity - Minimum Variance,Equity - Minimum Variance Sentiment Tilt,Equity,sentiment_tilt,Sentiment Tilt,TTWO,Comm,Equity,0.03398262644831519,0.033390977697026196,0.09306275589445709,1.0139594133841685,0.15,2023-02-28
2023-02-28,2023-03-01,2023-03-31,Equity - Minimum Variance,Equity - Minimum Variance Sentiment Tilt,Equity,sentiment_tilt,Sentiment Tilt,UPS,Industrials,Equity,0.008402476206461819,0.009255035811624698,0.9108679789632566,1.1366301968444885,0.15,2023-02-28
2023-02-28,2023-03-01,2023-03-31,Equity - Minimum Variance,Equity - Minimum Variance Sentiment Tilt,Equity,sentiment_tilt,Sentiment Tilt,USB,Financials,Equity,0.0,0.0,0.8551642781269879,1.1282746417190481,0.15,2023-02-28
2023-02-28,2023-03-01,2023-03-31,Equity - Minimum Variance,Equity - Minimum Variance Sentiment Tilt,Equity,sentiment_tilt,Sentiment Tilt,V,Financials,Equity,0.0,0.0,0.8551642781269879,1.1282746417190481,0.15,2023-02-28
2023-02-28,2023-03-01,2023-03-31,Equity - Minimum Variance,Equity - Minimum Variance Sentiment Tilt,Equity,sentiment_tilt,Sentiment Tilt,WFC,Financials,Equity,0.0,0.0,0.8551642781269879,1.1282746417190481,0.15,2023-02-28
2023-02-28,2023-03-01,2023-03-31,Equity - Minimum Variance,Equity - Minimum Variance Sentiment Tilt,Equity,sentiment_tilt,Sentiment Tilt,WMT,Consumer,Equity,0.19258645899857701,0.20633895116930875,0.7040987434129946,1.1056148115119493,0.15,2023-02-28
2023-02-28,2023-03-01,2023-03-31,Equity - Minimum Variance,Equity - Minimum Variance Sentiment Tilt,Equity,sentiment_tilt,Sentiment Tilt,XOM,Energy,Equity,0.0,0.0,0.6014601316055356,1.0902190197408304,0.15,2023-02-28
2023-03-31,2023-04-03,2023-04-28,Equity - Minimum Variance,Equity - Minimum Variance Sentiment Tilt,Equity,sentiment_tilt,Sentiment Tilt,ABBV,Healthcare,Equity,0.11994876081303596,0.11747766052852653,-0.054222712926538005,0.9918665930610193,0.15,2023-03-31
2023-03-31,2023-04-03,2023-04-28,Equity - Minimum Variance,Equity - Minimum Variance Sentiment Tilt,Equity,sentiment_tilt,Sentiment Tilt,ABT,Healthcare,Equity,3.488816256064668e-18,3.416942109266267e-18,-0.054222712926538005,0.9918665930610193,0.15,2023-03-31
2023-03-31,2023-04-03,2023-04-28,Equity - Minimum Variance,Equity - Minimum Variance Sentiment Tilt,Equity,sentiment_tilt,Sentiment Tilt,ADBE,Tech,Equity,3.808365881653865e-18,3.983918971268102e-18,0.39609109945279847,1.0594136649179198,0.15,2023-03-31
2023-03-31,2023-04-03,2023-04-28,Equity - Minimum Variance,Equity - Minimum Variance Sentiment Tilt,Equity,sentiment_tilt,Sentiment Tilt,AEP,Utilities,Equity,0.0,0.0,-0.34484638994201333,0.948273041508698,0.15,2023-03-31
2023-03-31,2023-04-03,2023-04-28,Equity - Minimum Variance,Equity - Minimum Variance Sentiment Tilt,Equity,sentiment_tilt,Sentiment Tilt,AMD,Tech,Equity,8.592146955936643e-18,8.988216554133755e-18,0.39609109945279847,1.0594136649179198,0.15,2023-03-31
2023-03-31,2023-04-03,2023-04-28,Equity - Minimum Variance,Equity - Minimum Variance Sentiment Tilt,Equity,sentiment_tilt,Sentiment Tilt,AMGN,Healthcare,Equity,0.0,0.0,-0.054222712926538005,0.9918665930610193,0.15,2023-03-31
2023-03-31,2023-04-03,2023-04-28,Equity - Minimum Variance,Equity - Minimum Variance Sentiment Tilt,Equity,sentiment_tilt,Sentiment Tilt,AMT,RealEstate,Equity,0.0,0.0,0.5929706228981231,1.0889455934347185,0.15,2023-03-31
2023-03-31,2023-04-03,2023-04-28,Equity - Minimum Variance,Equity - Minimum Variance Sentiment Tilt,Equity,sentiment_tilt,Sentiment Tilt,BA,Industrials,Equity,0.0,0.0,-1.416902867199274,0.7874645699201089,0.15,2023-03-31
2023-03-31,2023-04-03,2023-04-28,Equity - Minimum Variance,Equity - Minimum Variance Sentiment Tilt,Equity,sentiment_tilt,Sentiment Tilt,CAT,Industrials,Equity,5.3474996769652036e-18,4.158034136394881e-18,-1.416902867199274,0.7874645699201089,0.15,2023-03-31
2023-03-31,2023-04-03,2023-04-28,Equity - Minimum Variance,Equity - Minimum Variance Sentiment Tilt,Equity,sentiment_tilt,Sentiment Tilt,CCI,RealEstate,Equity,0.0,0.0,0.5929706228981231,1.0889455934347185,0.15,2023-03-31
2023-03-31,2023-04-03,2023-04-28,Equity - Minimum Variance,Equity - Minimum Variance Sentiment Tilt,Equity,sentiment_tilt,Sentiment Tilt,CMCSA,Comm,Equity,0.0,0.0,1.6967013582875101,1.2545052037431266,0.15,2023-03-31
2023-03-31,2023-04-03,2023-04-28,Equity - Minimum Variance,Equity - Minimum Variance Sentiment Tilt,Equity,sentiment_tilt,Sentiment Tilt,COP,Energy,Equity,6.638256631379199e-18,6.6794486715342296e-18,0.12676262101333527,1.0190143931520004,0.15,2023-03-31
2023-03-31,2023-04-03,2023-04-28,Equity - Minimum Variance,Equity - Minimum Variance Sentiment Tilt,Equity,sentiment_tilt,Sentiment Tilt,CVX,Energy,Equity,5.726115967315139e-19,5.7616479468627565e-19,0.12676262101333527,1.0190143931520004,0.15,2023-03-31
2023-03-31,2023-04-03,2023-04-28,Equity - Minimum Variance,Equity - Minimum Variance Sentiment Tilt,Equity,sentiment_tilt,Sentiment Tilt,D,Utilities,Equity,1.1799663952895924e-17,1.1048652228906811e-17,-0.34484638994201333,0.948273041508698,0.15,2023-03-31
2023-03-31,2023-04-03,2023-04-28,Equity - Minimum Variance,Equity - Minimum Variance Sentiment Tilt,Equity,sentiment_tilt,Sentiment Tilt,DD,Materials,Equity,1.1858297897405247e-17,1.0909787353919272e-17,-0.45516780718801264,0.9317248289217981,0.15,2023-03-31
2023-03-31,2023-04-03,2023-04-28,Equity - Minimum Variance,Equity - Minimum Variance Sentiment Tilt,Equity,sentiment_tilt,Sentiment Tilt,DIS,Consumer,Equity,4.818283649556726e-18,4.623958331522887e-18,-0.18742723380992765,0.9718859149285108,0.15,2023-03-31
2023-03-31,2023-04-03,2023-04-28,Equity - Minimum Variance,Equity - Minimum Variance Sentiment Tilt,Equity,sentiment_tilt,Sentiment Tilt,DOW,Materials,Equity,0.0,0.0,-0.45516780718801264,0.9317248289217981,0.15,2023-03-31
2023-03-31,2023-04-03,2023-04-28,Equity - Minimum Variance,Equity - Minimum Variance Sentiment Tilt,Equity,sentiment_tilt,Sentiment Tilt,DUK,Utilities,Equity,0.0,0.0,-0.34484638994201333,0.948273041508698,0.15,2023-03-31
2023-03-31,2023-04-03,2023-04-28,Equity - Minimum Variance,Equity - Minimum Variance Sentiment Tilt,Equity,sentiment_tilt,Sentiment Tilt,EA,Comm,Equity,0.10468613535123611,0.12967847516057407,1.6967013582875101,1.2545052037431266,0.15,2023-03-31
2023-03-31,2023-04-03,2023-04-28,Equity - Minimum Variance,Equity - Minimum Variance Sentiment Tilt,Equity,sentiment_tilt,Sentiment Tilt,GE,Industrials,Equity,0.0,0.0,-1.416902867199274,0.7874645699201089,0.15,2023-03-31
2023-03-31,2023-04-03,2023-04-28,Equity - Minimum Variance,Equity - Minimum Variance Sentiment Tilt,Equity,sentiment_tilt,Sentiment Tilt,GILD,Healthcare,Equity,0.1117763934910948,0.1094736545892081,-0.054222712926538005,0.9918665930610193,0.15,2023-03-31
2023-03-31,2023-04-03,2023-04-28,Equity - Minimum Variance,Equity - Minimum Variance Sentiment Tilt,Equity,sentiment_tilt,Sentiment Tilt,GS,Financials,Equity,1.0121239582947764e-17,1.0478986633157648e-17,0.3235085415360991,1.0485262812304148,0.15,2023-03-31
2023-03-31,2023-04-03,2023-04-28,Equity - Minimum Variance,Equity - Minimum Variance Sentiment Tilt,Equity,sentiment_tilt,Sentiment Tilt,INTC,Tech,Equity,0.0,0.0,0.39609109945279847,1.0594136649179198,0.15,2023-03-31
2023-03-31,2023-04-03,2023-04-28,Equity - Minimum Variance,Equity - Minimum Variance Sentiment Tilt,Equity,sentiment_tilt,Sentiment Tilt,KO,Consumer,Equity,0.08267824302331384,0.07934376190129384,-0.18742723380992765,0.9718859149285108,0.15,2023-03-31
2023-03-31,2023-04-03,2023-04-28,Equity - Minimum Variance,Equity - Minimum Variance Sentiment Tilt,Equity,sentiment_tilt,Sentiment Tilt,MMM,Industrials,Equity,0.062217017992353275,0.04837784016916788,-1.416902867199274,0.7874645699201089,0.15,2023-03-31
2023-03-31,2023-04-03,2023-04-28,Equity - Minimum Variance,Equity - Minimum Variance Sentiment Tilt,Equity,sentiment_tilt,Sentiment Tilt,MRK,Healthcare,Equity,0.12444859815560722,0.12188479537661512,-0.054222712926538005,0.9918665930610193,0.15,2023-03-31
2023-03-31,2023-04-03,2023-04-28,Equity - Minimum Variance,Equity - Minimum Variance Sentiment Tilt,Equity,sentiment_tilt,Sentiment Tilt,MS,Financials,Equity,2.774602512350217e-18,2.8726740831458097e-18,0.3235085415360991,1.0485262812304148,0.15,2023-03-31
2023-03-31,2023-04-03,2023-04-28,Equity - Minimum Variance,Equity - Minimum Variance Sentiment Tilt,Equity,sentiment_tilt,Sentiment Tilt,NEE,Utilities,Equity,0.0,0.0,-0.34484638994201333,0.948273041508698,0.15,2023-03-31
2023-03-31,2023-04-03,2023-04-28,Equity - Minimum Variance,Equity - Minimum Variance Sentiment Tilt,Equity,sentiment_tilt,Sentiment Tilt,NEM,Materials,Equity,0.08330024691411188,0.07663730395580512,-0.45516780718801264,0.9317248289217981,0.15,2023-03-31
2023-03-31,2023-04-03,2023-04-28,Equity - Minimum Variance,Equity - Minimum Variance Sentiment Tilt,Equity,sentiment_tilt,Sentiment Tilt,NKE,Consumer,Equity,1.1316618758864925e-18,1.0860210274157628e-18,-0.18742723380992765,0.9718859149285108,0.15,2023-03-31
2023-03-31,2023-04-03,2023-04-28,Equity - Minimum Variance,Equity - Minimum Variance Sentiment Tilt,Equity,sentiment_tilt,Sentiment Tilt,NUE,Materials,Equity,0.0,0.0,-0.45516780718801264,0.9317248289217981,0.15,2023-03-31
2023-03-31,2023-04-03,2023-04-28,Equity - Minimum Variance,Equity - Minimum Variance Sentiment Tilt,Equity,sentiment_tilt,Sentiment Tilt,NVDA,Tech,Equity,1.316490102603037e-17,1.3771759484856179e-17,0.39609109945279847,1.0594136649179198,0.15,2023-03-31
2023-03-31,2023-04-03,2023-04-28,Equity - Minimum Variance,Equity - Minimum Variance Sentiment Tilt,Equity,sentiment_tilt,Sentiment Tilt,O,RealEstate,Equity,0.0,0.0,0.5929706228981231,1.0889455934347185,0.15,2023-03-31
2023-03-31,2023-04-03,2023-04-28,Equity - Minimum Variance,Equity - Minimum Variance Sentiment Tilt,Equity,sentiment_tilt,Sentiment Tilt,OXY,Energy,Equity,9.481319917125093e-18,9.540153874960159e-18,0.12676262101333527,1.0190143931520004,0.15,2023-03-31
2023-03-31,2023-04-03,2023-04-28,Equity - Minimum Variance,Equity - Minimum Variance Sentiment Tilt,Equity,sentiment_tilt,Sentiment Tilt,PLD,RealEstate,Equity,0.0,0.0,0.5929706228981231,1.0889455934347185,0.15,2023-03-31
2023-03-31,2023-04-03,2023-04-28,Equity - Minimum Variance,Equity - Minimum Variance Sentiment Tilt,Equity,sentiment_tilt,Sentiment Tilt,PSA,RealEstate,Equity,0.05133435985980904,0.05519765060766016,0.5929706228981231,1.0889455934347185,0.15,2023-03-31
2023-03-31,2023-04-03,2023-04-28,Equity - Minimum Variance,Equity - Minimum Variance Sentiment Tilt,Equity,sentiment_tilt,Sentiment Tilt,QCOM,Tech,Equity,0.0,0.0,0.39609109945279847,1.0594136649179198,0.15,2023-03-31
2023-03-31,2023-04-03,2023-04-28,Equity - Minimum Variance,Equity - Minimum Variance Sentiment Tilt,Equity,sentiment_tilt,Sentiment Tilt,SBUX,Consumer,Equity,5.076076375226798e-19,4.871354065847866e-19,-0.18742723380992765,0.9718859149285108,0.15,2023-03-31
2023-03-31,2023-04-03,2023-04-28,Equity - Minimum Variance,Equity - Minimum Variance Sentiment Tilt,Equity,sentiment_tilt,Sentiment Tilt,SHW,Materials,Equity,6.65896549196052e-19,6.126334330854686e-19,-0.45516780718801264,0.9317248289217981,0.15,2023-03-31
2023-03-31,2023-04-03,2023-04-28,Equity - Minimum Variance,Equity - Minimum Variance Sentiment Tilt,Equity,sentiment_tilt,Sentiment Tilt,SLB,Energy,Equity,3.2289991311341765e-19,3.2490358771137606e-19,0.12676262101333527,1.0190143931520004,0.15,2023-03-31
2023-03-31,2023-04-03,2023-04-28,Equity - Minimum Variance,Equity - Minimum Variance Sentiment Tilt,Equity,sentiment_tilt,Sentiment Tilt,SO,Utilities,Equity,9.51537334337159e-18,8.90974957581915e-18,-0.34484638994201333,0.948273041508698,0.15,2023-03-31
2023-03-31,2023-04-03,2023-04-28,Equity - Minimum Variance,Equity - Minimum Variance Sentiment Tilt,Equity,sentiment_tilt,Sentiment Tilt,T,Comm,Equity,0.02170396961636158,0.026885486557871735,1.6967013582875101,1.2545052037431266,0.15,2023-03-31
2023-03-31,2023-04-03,2023-04-28,Equity - Minimum Variance,Equity - Minimum Variance Sentiment Tilt,Equity,sentiment_tilt,Sentiment Tilt,TMUS,Comm,Equity,0.0,0.0,1.6967013582875101,1.2545052037431266,0.15,2023-03-31
2023-03-31,2023-04-03,2023-04-28,Equity - Minimum Variance,Equity - Minimum Variance Sentiment Tilt,Equity,sentiment_tilt,Sentiment Tilt,TTWO,Comm,Equity,0.03165667665013688,0.0392142621643987,1.6967013582875101,1.2545052037431266,0.15,2023-03-31
2023-03-31,2023-04-03,2023-04-28,Equity - Minimum Variance,Equity - Minimum Variance Sentiment Tilt,Equity,sentiment_tilt,Sentiment Tilt,UPS,Industrials,Equity,0.011544414935382377,0.008976544980974888,-1.416902867199274,0.7874645699201089,0.15,2023-03-31
2023-03-31,2023-04-03,2023-04-28,Equity - Minimum Variance,Equity - Minimum Variance Sentiment Tilt,Equity,sentiment_tilt,Sentiment Tilt,USB,Financials,Equity,0.0,0.0,0.3235085415360991,1.0485262812304148,0.15,2023-03-31
2023-03-31,2023-04-03,2023-04-28,Equity - Minimum Variance,Equity - Minimum Variance Sentiment Tilt,Equity,sentiment_tilt,Sentiment Tilt,V,Financials,Equity,0.0,0.0,0.3235085415360991,1.0485262812304148,0.15,2023-03-31
2023-03-31,2023-04-03,2023-04-28,Equity - Minimum Variance,Equity - Minimum Variance Sentiment Tilt,Equity,sentiment_tilt,Sentiment Tilt,WFC,Financials,Equity,7.134262777118269e-18,7.386431638750224e-18,0.3235085415360991,1.0485262812304148,0.15,2023-03-31
2023-03-31,2023-04-03,2023-04-28,Equity - Minimum Variance,Equity - Minimum Variance Sentiment Tilt,Equity,sentiment_tilt,Sentiment Tilt,WMT,Consumer,Equity,0.19470518319755703,0.18685256400790368,-0.18742723380992765,0.9718859149285108,0.15,2023-03-31
2023-03-31,2023-04-03,2023-04-28,Equity - Minimum Variance,Equity - Minimum Variance Sentiment Tilt,Equity,sentiment_tilt,Sentiment Tilt,XOM,Energy,Equity,0.0,0.0,0.12676262101333527,1.0190143931520004,0.15,2023-03-31
2023-04-28,2023-05-01,2023-05-31,Equity - Minimum Variance,Equity - Minimum Variance Sentiment Tilt,Equity,sentiment_tilt,Sentiment Tilt,ABBV,Healthcare,Equity,0.1205480474793727,0.10179298068831528,-0.9409400803461013,0.8588589879480848,0.15,2023-04-28
2023-04-28,2023-05-01,2023-05-31,Equity - Minimum Variance,Equity - Minimum Variance Sentiment Tilt,Equity,sentiment_tilt,Sentiment Tilt,ABT,Healthcare,Equity,0.0,0.0,-0.9409400803461013,0.8588589879480848,0.15,2023-04-28
2023-04-28,2023-05-01,2023-05-31,Equity - Minimum Variance,Equity - Minimum Variance Sentiment Tilt,Equity,sentiment_tilt,Sentiment Tilt,ADBE,Tech,Equity,6.203724961275872e-18,5.815937198940302e-18,-0.3098435389257467,0.953523469161138,0.15,2023-04-28
2023-04-28,2023-05-01,2023-05-31,Equity - Minimum Variance,Equity - Minimum Variance Sentiment Tilt,Equity,sentiment_tilt,Sentiment Tilt,AEP,Utilities,Equity,0.0,0.0,-0.3648163869578343,0.9452775419563249,0.15,2023-04-28
2023-04-28,2023-05-01,2023-05-31,Equity - Minimum Variance,Equity - Minimum Variance Sentiment Tilt,Equity,sentiment_tilt,Sentiment Tilt,AMD,Tech,Equity,0.0,0.0,-0.3098435389257467,0.953523469161138,0.15,2023-04-28
2023-04-28,2023-05-01,2023-05-31,Equity - Minimum Variance,Equity - Minimum Variance Sentiment Tilt,Equity,sentiment_tilt,Sentiment Tilt,AMGN,Healthcare,Equity,0.0,0.0,-0.9409400803461013,0.8588589879480848,0.15,2023-04-28
2023-04-28,2023-05-01,2023-05-31,Equity - Minimum Variance,Equity - Minimum Variance Sentiment Tilt,Equity,sentiment_tilt,Sentiment Tilt,AMT,RealEstate,Equity,2.390170475633302e-18,3.0549774995490456e-18,2.0,1.3,0.15,2023-04-28
2023-04-28,2023-05-01,2023-05-31,Equity - Minimum Variance,Equity - Minimum Variance Sentiment Tilt,Equity,sentiment_tilt,Sentiment Tilt,BA,Industrials,Equity,0.0,0.0,-0.10686110176816907,0.9839708347347746,0.15,2023-04-28
2023-04-28,2023-05-01,2023-05-31,Equity - Minimum Variance,Equity - Minimum Variance Sentiment Tilt,Equity,sentiment_tilt,Sentiment Tilt,CAT,Industrials,Equity,7.751308301239695e-18,7.498821622545554e-18,-0.10686110176816907,0.9839708347347746,0.15,2023-04-28
2023-04-28,2023-05-01,2023-05-31,Equity - Minimum Variance,Equity - Minimum Variance Sentiment Tilt,Equity,sentiment_tilt,Sentiment Tilt,CCI,RealEstate,Equity,1.2961761373198004e-18,1.6566972838685052e-18,2.0,1.3,0.15,2023-04-28
2023-04-28,2023-05-01,2023-05-31,Equity - Minimum Variance,Equity - Minimum Variance Sentiment Tilt,Equity,sentiment_tilt,Sentiment Tilt,CMCSA,Comm,Equity,6.122264930158179e-19,5.524160533557862e-19,-0.5484179660506985,0.9177373050923953,0.15,2023-04-28
2023-04-28,2023-05-01,2023-05-31,Equity - Minimum Variance,Equity - Minimum Variance Sentiment Tilt,Equity,sentiment_tilt,Sentiment Tilt,COP,Energy,Equity,7.317658376285746e-18,9.062273391296321e-18,1.7306007544885142,1.2595901131732772,0.15,2023-04-28
2023-04-28,2023-05-01,2023-05-31,Equity - Minimum Variance,Equity - Minimum Variance Sentiment Tilt,Equity,sentiment_tilt,Sentiment Tilt,CVX,Energy,Equity,2.6944463379645436e-18,3.336833737953991e-18,1.7306007544885142,1.2595901131732772,0.15,2023-04-28
2023-04-28,2023-05-01,2023-05-31,Equity - Minimum Variance,Equity - Minimum Variance Sentiment Tilt,Equity,sentiment_tilt,Sentiment Tilt,D,Utilities,Equity,0.0,0.0,-0.3648163869578343,0.9452775419563249,0.15,2023-04-28
2023-04-28,2023-05-01,2023-05-31,Equity - Minimum Variance,Equity - Minimum Variance Sentiment Tilt,Equity,sentiment_tilt,Sentiment Tilt,DD,Materials,Equity,7.467548286062264e-18,7.711262362792214e-18,0.33530573830013094,1.0502958607450197,0.15,2023-04-28
2023-04-28,2023-05-01,2023-05-31,Equity - Minimum Variance,Equity - Minimum Variance Sentiment Tilt,Equity,sentiment_tilt,Sentiment Tilt,DIS,Consumer,Equity,0.0,0.0,1.4332835544185432,1.2149925331627816,0.15,2023-04-28
2023-04-28,2023-05-01,2023-05-31,Equity - Minimum Variance,Equity - Minimum Variance Sentiment Tilt,Equity,sentiment_tilt,Sentiment Tilt,DOW,Materials,Equity,0.0,0.0,0.33530573830013094,1.0502958607450197,0.15,2023-04-28
2023-04-28,2023-05-01,2023-05-31,Equity - Minimum Variance,Equity - Minimum Variance Sentiment Tilt,Equity,sentiment_tilt,Sentiment Tilt,DUK,Utilities,Equity,0.0,0.0,-0.3648163869578343,0.9452775419563249,0.15,2023-04-28
2023-04-28,2023-05-01,2023-05-31,Equity - Minimum Variance,Equity - Minimum Variance Sentiment Tilt,Equity,sentiment_tilt,Sentiment Tilt,EA,Comm,Equity,0.10373368093878267,0.09359959308848484,-0.5484179660506985,0.9177373050923953,0.15,2023-04-28
2023-04-28,2023-05-01,2023-05-31,Equity - Minimum Variance,Equity - Minimum Variance Sentiment Tilt,Equity,sentiment_tilt,Sentiment Tilt,GE,Industrials,Equity,5.472476860383786e-18,5.294219532328875e-18,-0.10686110176816907,0.9839708347347746,0.15,2023-04-28
2023-04-28,2023-05-01,2023-05-31,Equity - Minimum Variance,Equity - Minimum Variance Sentiment Tilt,Equity,sentiment_tilt,Sentiment Tilt,GILD,Healthcare,Equity,0.11082989159160589,0.09358679174295924,-0.9409400803461013,0.8588589879480848,0.15,2023-04-28
2023-04-28,2023-05-01,2023-05-31,Equity - Minimum Variance,Equity - Minimum Variance Sentiment Tilt,Equity,sentiment_tilt,Sentiment Tilt,GS,Financials,Equity,1.1296066110179455e-17,9.188726390783756e-18,-1.150961427523415,0.8273557858714877,0.15,2023-04-28
2023-04-28,2023-05-01,2023-05-31,Equity - Minimum Variance,Equity - Minimum Variance Sentiment Tilt,Equity,sentiment_tilt,Sentiment Tilt,INTC,Tech,Equity,7.518841720731581e-19,7.048847511697825e-19,-0.3098435389257467,0.953523469161138,0.15,2023-04-28
2023-04-28,2023-05-01,2023-05-31,Equity - Minimum Variance,Equity - Minimum Variance Sentiment Tilt,Equity,sentiment_tilt,Sentiment Tilt,KO,Consumer,Equity,0.08629801747728527,0.10308849844136997,1.4332835544185432,1.2149925331627816,0.15,2023-04-28
2023-04-28,2023-05-01,2023-05-31,Equity - Minimum Variance,Equity - Minimum Variance Sentiment Tilt,Equity,sentiment_tilt,Sentiment Tilt,MMM,Industrials,Equity,0.06335845425731078,0.06129465224338952,-0.10686110176816907,0.9839708347347746,0.15,2023-04-28
2023-04-28,2023-05-01,2023-05-31,Equity - Minimum Variance,Equity - Minimum Variance Sentiment Tilt,Equity,sentiment_tilt,Sentiment Tilt,MRK,Healthcare,Equity,0.12029563671927831,0.10157984041632369,-0.9409400803461013,0.8588589879480848,0.15,2023-04-28
2023-04-28,2023-05-01,2023-05-31,Equity - Minimum Variance,Equity - Minimum Variance Sentiment Tilt,Equity,sentiment_tilt,Sentiment Tilt,MS,Financials,Equity,8.60528331979498e-18,6.999923085570115e-18,-1.150961427523415,0.8273557858714877,0.15,2023-04-28
2023-04-28,2023-05-01,2023-05-31,Equity - Minimum Variance,Equity - Minimum Variance Sentiment Tilt,Equity,sentiment_tilt,Sentiment Tilt,NEE,Utilities,Equity,0.0,0.0,-0.3648163869578343,0.9452775419563249,0.15,2023-04-28
2023-04-28,2023-05-01,2023-05-31,Equity - Minimum Variance,Equity - Minimum Variance Sentiment Tilt,Equity,sentiment_tilt,Sentiment Tilt,NEM,Materials,Equity,0.0821004844217708,0.0847799506928198,0.33530573830013094,1.0502958607450197,0.15,2023-04-28
2023-04-28,2023-05-01,2023-05-31,Equity - Minimum Variance,Equity - Minimum Variance Sentiment Tilt,Equity,sentiment_tilt,Sentiment Tilt,NKE,Consumer,Equity,5.384802861219242e-18,6.432491239002062e-18,1.4332835544185432,1.2149925331627816,0.15,2023-04-28
2023-04-28,2023-05-01,2023-05-31,Equity - Minimum Variance,Equity - Minimum Variance Sentiment Tilt,Equity,sentiment_tilt,Sentiment Tilt,NUE,Materials,Equity,4.006102306868478e-18,4.1368471628242755e-18,0.33530573830013094,1.0502958607450197,0.15,2023-04-28
2023-04-28,2023-05-01,2023-05-31,Equity - Minimum Variance,Equity - Minimum Variance Sentiment Tilt,Equity,sentiment_tilt,Sentiment Tilt,NVDA,Tech,Equity,0.0,0.0,-0.3098435389257467,0.953523469161138,0.15,2023-04-28
2023-04-28,2023-05-01,2023-05-31,Equity - Minimum Variance,Equity - Minimum Variance Sentiment Tilt,Equity,sentiment_tilt,Sentiment Tilt,O,RealEstate,Equity,0.0,0.0,2.0,1.3,0.15,2023-04-28
2023-04-28,2023-05-01,2023-05-31,Equity - Minimum Variance,Equity - Minimum Variance Sentiment Tilt,Equity,sentiment_tilt,Sentiment Tilt,OXY,Energy,Equity,0.0,0.0,1.7306007544885142,1.2595901131732772,0.15,2023-04-28
2023-04-28,2023-05-01,2023-05-31,Equity - Minimum Variance,Equity - Minimum Variance Sentiment Tilt,Equity,sentiment_tilt,Sentiment Tilt,PLD,RealEstate,Equity,7.705643886855284e-18,9.848907822210135e-18,2.0,1.3,0.15,2023-04-28
2023-04-28,2023-05-01,2023-05-31,Equity - Minimum Variance,Equity - Minimum Variance Sentiment Tilt,Equity,sentiment_tilt,Sentiment Tilt,PSA,RealEstate,Equity,0.052940511606824996,0.06766549642473212,2.0,1.3,0.15,2023-04-28
2023-04-28,2023-05-01,2023-05-31,Equity - Minimum Variance,Equity - Minimum Variance Sentiment Tilt,Equity,sentiment_tilt,Sentiment Tilt,QCOM,Tech,Equity,8.562373105468525e-18,8.027148941344875e-18,-0.3098435389257467,0.953523469161138,0.15,2023-04-28
2023-04-28,2023-05-01,2023-05-31,Equity - Minimum Variance,Equity - Minimum Variance Sentiment Tilt,Equity,sentiment_tilt,Sentiment Tilt,SBUX,Consumer,Equity,1.3287362648792913e-17,1.5872604073095276e-17,1.4332835544185432,1.2149925331627816,0.15,2023-04-28
2023-04-28,2023-05-01,2023-05-31,Equity - Minimum Variance,Equity - Minimum Variance Sentiment Tilt,Equity,sentiment_tilt,Sentiment Tilt,SHW,Materials,Equity,9.056582202535891e-18,9.352156664898534e-18,0.33530573830013094,1.0502958607450197,0.15,2023-04-28
2023-04-28,2023-05-01,2023-05-31,Equity - Minimum Variance,Equity - Minimum Variance Sentiment Tilt,Equity,sentiment_tilt,Sentiment Tilt,SLB,Energy,Equity,0.0,0.0,1.7306007544885142,1.2595901131732772,0.15,2023-04-28
2023-04-28,2023-05-01,2023-05-31,Equity - Minimum Variance,Equity - Minimum Variance Sentiment Tilt,Equity,sentiment_tilt,Sentiment Tilt,SO,Utilities,Equity,8.769731120392978e-18,8.15044655981278e-18,-0.3648163869578343,0.9452775419563249,0.15,2023-04-28
2023-04-28,2023-05-01,2023-05-31,Equity - Minimum Variance,Equity - Minimum Variance Sentiment Tilt,Equity,sentiment_tilt,Sentiment Tilt,T,Comm,Equity,0.020723929168823575,0.018699339692198835,-0.5484179660506985,0.9177373050923953,0.15,2023-04-28
2023-04-28,2023-05-01,2023-05-31,Equity - Minimum Variance,Equity - Minimum Variance Sentiment Tilt,Equity,sentiment_tilt,Sentiment Tilt,TMUS,Comm,Equity,0.0,0.0,-0.5484179660506985,0.9177373050923953,0.15,2023-04-28
2023-04-28,2023-05-01,2023-05-31,Equity - Minimum Variance,Equity - Minimum Variance Sentiment Tilt,Equity,sentiment_tilt,Sentiment Tilt,TTWO,Comm,Equity,0.031570945755395,0.028486675199229438,-0.5484179660506985,0.9177373050923953,0.15,2023-04-28
2023-04-28,2023-05-01,2023-05-31,Equity - Minimum Variance,Equity - Minimum Variance Sentiment Tilt,Equity,sentiment_tilt,Sentiment Tilt,UPS,Industrials,Equity,0.011296107279292283,0.010928154348215466,-0.10686110176816907,0.9839708347347746,0.15,2023-04-28
2023-04-28,2023-05-01,2023-05-31,Equity - Minimum Variance,Equity - Minimum Variance Sentiment Tilt,Equity,sentiment_tilt,Sentiment Tilt,USB,Financials,Equity,2.3766190364262853e-19,1.9332484289526114e-19,-1.150961427523415,0.8273557858714877,0.15,2023-04-28
2023-04-28,2023-05-01,2023-05-31,Equity - Minimum Variance,Equity - Minimum Variance Sentiment Tilt,Equity,sentiment_tilt,Sentiment Tilt,V,Financials,Equity,4.7269273633856234e-18,3.845094547748653e-18,-1.150961427523415,0.8273557858714877,0.15,2023-04-28
2023-04-28,2023-05-01,2023-05-31,Equity - Minimum Variance,Equity - Minimum Variance Sentiment Tilt,Equity,sentiment_tilt,Sentiment Tilt,WFC,Financials,Equity,0.0,0.0,-1.150961427523415,0.8273557858714877,0.15,2023-04-28
2023-04-28,2023-05-01,2023-05-31,Equity - Minimum Variance,Equity - Minimum Variance Sentiment Tilt,Equity,sentiment_tilt,Sentiment Tilt,WMT,Consumer,Equity,0.1963042933042574,0.23449802702196174,1.4332835544185432,1.2149925331627816,0.15,2023-04-28
2023-04-28,2023-05-01,2023-05-31,Equity - Minimum Variance,Equity - Minimum Variance Sentiment Tilt,Equity,sentiment_tilt,Sentiment Tilt,XOM,Energy,Equity,6.35474266986084e-19,7.869787361520097e-19,1.7306007544885142,1.2595901131732772,0.15,2023-04-28
2023-05-31,2023-06-01,2023-06-30,Equity - Minimum Variance,Equity - Minimum Variance Sentiment Tilt,Equity,sentiment_tilt,Sentiment Tilt,ABBV,Healthcare,Equity,0.1162023263687053,0.11605203052859009,0.1268164370026024,1.0190224655503903,0.15,2023-05-31
2023-05-31,2023-06-01,2023-06-30,Equity - Minimum Variance,Equity - Minimum Variance Sentiment Tilt,Equity,sentiment_tilt,Sentiment Tilt,ABT,Healthcare,Equity,0.0,0.0,0.1268164370026024,1.0190224655503903,0.15,2023-05-31
2023-05-31,2023-06-01,2023-06-30,Equity - Minimum Variance,Equity - Minimum Variance Sentiment Tilt,Equity,sentiment_tilt,Sentiment Tilt,ADBE,Tech,Equity,1.28449296283045e-17,1.2187429345192399e-17,-0.21257751108702,0.968113373336947,0.15,2023-05-31
2023-05-31,2023-06-01,2023-06-30,Equity - Minimum Variance,Equity - Minimum Variance Sentiment Tilt,Equity,sentiment_tilt,Sentiment Tilt,AEP,Utilities,Equity,1.538691866101741e-17,1.7640963229852718e-17,1.1320872267210493,1.1698130840081573,0.15,2023-05-31
2023-05-31,2023-06-01,2023-06-30,Equity - Minimum Variance,Equity - Minimum Variance Sentiment Tilt,Equity,sentiment_tilt,Sentiment Tilt,AMD,Tech,Equity,6.235821638328736e-18,5.916625300841374e-18,-0.21257751108702,0.968113373336947,0.15,2023-05-31
2023-05-31,2023-06-01,2023-06-30,Equity - Minimum Variance,Equity - Minimum Variance Sentiment Tilt,Equity,sentiment_tilt,Sentiment Tilt,AMGN,Healthcare,Equity,1.9126580606569305e-17,1.9101842328166216e-17,0.1268164370026024,1.0190224655503903,0.15,2023-05-31
2023-05-31,2023-06-01,2023-06-30,Equity - Minimum Variance,Equity - Minimum Variance Sentiment Tilt,Equity,sentiment_tilt,Sentiment Tilt,AMT,RealEstate,Equity,5.73671962697216e-18,6.060585311254794e-18,0.519636300764582,1.0779454451146873,0.15,2023-05-31
2023-05-31,2023-06-01,2023-06-30,Equity - Minimum Variance,Equity - Minimum Variance Sentiment Tilt,Equity,sentiment_tilt,Sentiment Tilt,BA,Industrials,Equity,0.0,0.0,-0.2615663548277342,0.9607650467758398,0.15,2023-05-31
2023-05-31,2023-06-01,2023-06-30,Equity - Minimum Variance,Equity - Minimum Variance Sentiment Tilt,Equity,sentiment_tilt,Sentiment Tilt,CAT,Industrials,Equity,0.0,0.0,-0.2615663548277342,0.9607650467758398,0.15,2023-05-31
2023-05-31,2023-06-01,2023-06-30,Equity - Minimum Variance,Equity - Minimum Variance Sentiment Tilt,Equity,sentiment_tilt,Sentiment Tilt,CCI,RealEstate,Equity,1.2426658630588316e-17,1.3128203862434752e-17,0.519636300764582,1.0779454451146873,0.15,2023-05-31
2023-05-31,2023-06-01,2023-06-30,Equity - Minimum Variance,Equity - Minimum Variance Sentiment Tilt,Equity,sentiment_tilt,Sentiment Tilt,CMCSA,Comm,Equity,1.2024806337842393e-17,1.1920607461534674e-17,0.07667050383541034,1.0115005755753115,0.15,2023-05-31
2023-05-31,2023-06-01,2023-06-30,Equity - Minimum Variance,Equity - Minimum Variance Sentiment Tilt,Equity,sentiment_tilt,Sentiment Tilt,COP,Energy,Equity,6.8504577409520744e-18,7.552529574945657e-18,0.8327489311446573,1.1249123396716987,0.15,2023-05-31
2023-05-31,2023-06-01,2023-06-30,Equity - Minimum Variance,Equity - Minimum Variance Sentiment Tilt,Equity,sentiment_tilt,Sentiment Tilt,CVX,Energy,Equity,0.0,0.0,0.8327489311446573,1.1249123396716987,0.15,2023-05-31
2023-05-31,2023-06-01,2023-06-30,Equity - Minimum Variance,Equity - Minimum Variance Sentiment Tilt,Equity,sentiment_tilt,Sentiment Tilt,D,Utilities,Equity,4.5358830977557455e-18,5.200348991584821e-18,1.1320872267210493,1.1698130840081573,0.15,2023-05-31
2023-05-31,2023-06-01,2023-06-30,Equity - Minimum Variance,Equity - Minimum Variance Sentiment Tilt,Equity,sentiment_tilt,Sentiment Tilt,DD,Materials,Equity,1.752976187036232e-17,1.7966948192503262e-17,0.3052610804647879,1.0457891620697182,0.15,2023-05-31
2023-05-31,2023-06-01,2023-06-30,Equity - Minimum Variance,Equity - Minimum Variance Sentiment Tilt,Equity,sentiment_tilt,Sentiment Tilt,DIS,Consumer,Equity,0.0,0.0,0.162877567814422,1.0244316351721634,0.15,2023-05-31
2023-05-31,2023-06-01,2023-06-30,Equity - Minimum Variance,Equity - Minimum Variance Sentiment Tilt,Equity,sentiment_tilt,Sentiment Tilt,DOW,Materials,Equity,0.0,0.0,0.3052610804647879,1.0457891620697182,0.15,2023-05-31
2023-05-31,2023-06-01,2023-06-30,Equity - Minimum Variance,Equity - Minimum Variance Sentiment Tilt,Equity,sentiment_tilt,Sentiment Tilt,DUK,Utilities,Equity,0.0,0.0,1.1320872267210493,1.1698130840081573,0.15,2023-05-31
2023-05-31,2023-06-01,2023-06-30,Equity - Minimum Variance,Equity - Minimum Variance Sentiment Tilt,Equity,sentiment_tilt,Sentiment Tilt,EA,Comm,Equity,0.10674849478803124,0.10582348419809362,0.07667050383541034,1.0115005755753115,0.15,2023-05-31
2023-05-31,2023-06-01,2023-06-30,Equity - Minimum Variance,Equity - Minimum Variance Sentiment Tilt,Equity,sentiment_tilt,Sentiment Tilt,GE,Industrials,Equity,1.2396674328291173e-17,1.1672840440350849e-17,-0.2615663548277342,0.9607650467758398,0.15,2023-05-31
2023-05-31,2023-06-01,2023-06-30,Equity - Minimum Variance,Equity - Minimum Variance Sentiment Tilt,Equity,sentiment_tilt,Sentiment Tilt,GILD,Healthcare,Equity,0.11155999579892294,0.11141570433922662,0.1268164370026024,1.0190224655503903,0.15,2023-05-31
2023-05-31,2023-06-01,2023-06-30,Equity - Minimum Variance,Equity - Minimum Variance Sentiment Tilt,Equity,sentiment_tilt,Sentiment Tilt,GS,Financials,Equity,3.8375506378865066e-18,3.6384781953667614e-18,-0.21725296161914004,0.967412055757129,0.15,2023-05-31
2023-05-31,2023-06-01,2023-06-30,Equity - Minimum Variance,Equity - Minimum Variance Sentiment Tilt,Equity,sentiment_tilt,Sentiment Tilt,INTC,Tech,Equity,0.0,0.0,-0.21257751108702,0.968113373336947,0.15,2023-05-31
2023-05-31,2023-06-01,2023-06-30,Equity - Minimum Variance,Equity - Minimum Variance Sentiment Tilt,Equity,sentiment_tilt,Sentiment Tilt,KO,Consumer,Equity,0.08879571263248007,0.08915159974001508,0.162877567814422,1.0244316351721634,0.15,2023-05-31
2023-05-31,2023-06-01,2023-06-30,Equity - Minimum Variance,Equity - Minimum Variance Sentiment Tilt,Equity,sentiment_tilt,Sentiment Tilt,MMM,Industrials,Equity,0.06349154080135751,0.059784310328690624,-0.2615663548277342,0.9607650467758398,0.15,2023-05-31
2023-05-31,2023-06-01,2023-06-30,Equity - Minimum Variance,Equity - Minimum Variance Sentiment Tilt,Equity,sentiment_tilt,Sentiment Tilt,MRK,Healthcare,Equity,0.12349500104396728,0.12333527287404202,0.1268164370026024,1.0190224655503903,0.15,2023-05-31
2023-05-31,2023-06-01,2023-06-30,Equity - Minimum Variance,Equity - Minimum Variance Sentiment Tilt,Equity,sentiment_tilt,Sentiment Tilt,MS,Financials,Equity,0.0,0.0,-0.21725296161914004,0.967412055757129,0.15,2023-05-31
2023-05-31,2023-06-01,2023-06-30,Equity - Minimum Variance,Equity - Minimum Variance Sentiment Tilt,Equity,sentiment_tilt,Sentiment Tilt,NEE,Utilities,Equity,0.0,0.0,1.1320872267210493,1.1698130840081573,0.15,2023-05-31
2023-05-31,2023-06-01,2023-06-30,Equity - Minimum Variance,Equity - Minimum Variance Sentiment Tilt,Equity,sentiment_tilt,Sentiment Tilt,NEM,Materials,Equity,0.0809331616239312,0.08295160725549605,0.3052610804647879,1.0457891620697182,0.15,2023-05-31
2023-05-31,2023-06-01,2023-06-30,Equity - Minimum Variance,Equity - Minimum Variance Sentiment Tilt,Equity,sentiment_tilt,Sentiment Tilt,NKE,Consumer,Equity,0.0,0.0,0.162877567814422,1.0244316351721634,0.15,2023-05-31
2023-05-31,2023-06-01,2023-06-30,Equity - Minimum Variance,Equity - Minimum Variance Sentiment Tilt,Equity,sentiment_tilt,Sentiment Tilt,NUE,Materials,Equity,3.6304016327835116e-18,3.720942619561805e-18,0.3052610804647879,1.0457891620697182,0.15,2023-05-31
2023-05-31,2023-06-01,2023-06-30,Equity - Minimum Variance,Equity - Minimum Variance Sentiment Tilt,Equity,sentiment_tilt,Sentiment Tilt,NVDA,Tech,Equity,2.5197808119863835e-18,2.3907994438354257e-18,-0.21257751108702,0.968113373336947,0.15,2023-05-31
2023-05-31,2023-06-01,2023-06-30,Equity - Minimum Variance,Equity - Minimum Variance Sentiment Tilt,Equity,sentiment_tilt,Sentiment Tilt,O,RealEstate,Equity,0.0,0.0,0.519636300764582,1.0779454451146873,0.15,2023-05-31
2023-05-31,2023-06-01,2023-06-30,Equity - Minimum Variance,Equity - Minimum Variance Sentiment Tilt,Equity,sentiment_tilt,Sentiment Tilt,OXY,Energy,Equity,0.0,0.0,0.8327489311446573,1.1249123396716987,0.15,2023-05-31
2023-05-31,2023-06-01,2023-06-30,Equity - Minimum Variance,Equity - Minimum Variance Sentiment Tilt,Equity,sentiment_tilt,Sentiment Tilt,PLD,RealEstate,Equity,1.2285888016921816e-18,1.2979486063950707e-18,0.519636300764582,1.0779454451146873,0.15,2023-05-31
2023-05-31,2023-06-01,2023-06-30,Equity - Minimum Variance,Equity - Minimum Variance Sentiment Tilt,Equity,sentiment_tilt,Sentiment Tilt,PSA,RealEstate,Equity,0.05357200637116679,0.05659640631224409,0.519636300764582,1.0779454451146873,0.15,2023-05-31
2023-05-31,2023-06-01,2023-06-30,Equity - Minimum Variance,Equity - Minimum Variance Sentiment Tilt,Equity,sentiment_tilt,Sentiment Tilt,QCOM,Tech,Equity,0.0,0.0,-0.21257751108702,0.968113373336947,0.15,2023-05-31
2023-05-31,2023-06-01,2023-06-30,Equity - Minimum Variance,Equity - Minimum Variance Sentiment Tilt,Equity,sentiment_tilt,Sentiment Tilt,SBUX,Consumer,Equity,0.0,0.0,0.162877567814422,1.0244316351721634,0.15,2023-05-31
2023-05-31,2023-06-01,2023-06-30,Equity - Minimum Variance,Equity - Minimum Variance Sentiment Tilt,Equity,sentiment_tilt,Sentiment Tilt,SHW,Materials,Equity,5.2752623271071856e-18,5.406825582339757e-18,0.3052610804647879,1.0457891620697182,0.15,2023-05-31
2023-05-31,2023-06-01,2023-06-30,Equity - Minimum Variance,Equity - Minimum Variance Sentiment Tilt,Equity,sentiment_tilt,Sentiment Tilt,SLB,Energy,Equity,0.0,0.0,0.8327489311446573,1.1249123396716987,0.15,2023-05-31
2023-05-31,2023-06-01,2023-06-30,Equity - Minimum Variance,Equity - Minimum Variance Sentiment Tilt,Equity,sentiment_tilt,Sentiment Tilt,SO,Utilities,Equity,0.0,0.0,1.1320872267210493,1.1698130840081573,0.15,2023-05-31
2023-05-31,2023-06-01,2023-06-30,Equity - Minimum Variance,Equity - Minimum Variance Sentiment Tilt,Equity,sentiment_tilt,Sentiment Tilt,T,Comm,Equity,0.01673250411570133,0.016587511499796696,0.07667050383541034,1.0115005755753115,0.15,2023-05-31
2023-05-31,2023-06-01,2023-06-30,Equity - Minimum Variance,Equity - Minimum Variance Sentiment Tilt,Equity,sentiment_tilt,Sentiment Tilt,TMUS,Comm,Equity,1.52842500738734e-17,1.5151807052492522e-17,0.07667050383541034,1.0115005755753115,0.15,2023-05-31
2023-05-31,2023-06-01,2023-06-30,Equity - Minimum Variance,Equity - Minimum Variance Sentiment Tilt,Equity,sentiment_tilt,Sentiment Tilt,TTWO,Comm,Equity,0.03004633027946876,0.029785969009247005,0.07667050383541034,1.0115005755753115,0.15,2023-05-31
2023-05-31,2023-06-01,2023-06-30,Equity - Minimum Variance,Equity - Minimum Variance Sentiment Tilt,Equity,sentiment_tilt,Sentiment Tilt,UPS,Industrials,Equity,0.011894218315890085,0.011199722513257468,-0.2615663548277342,0.9607650467758398,0.15,2023-05-31
2023-05-31,2023-06-01,2023-06-30,Equity - Minimum Variance,Equity - Minimum Variance Sentiment Tilt,Equity,sentiment_tilt,Sentiment Tilt,USB,Financials,Equity,0.0,0.0,-0.21725296161914004,0.967412055757129,0.15,2023-05-31
2023-05-31,2023-06-01,2023-06-30,Equity - Minimum Variance,Equity - Minimum Variance Sentiment Tilt,Equity,sentiment_tilt,Sentiment Tilt,V,Financials,Equity,2.9973016557795502e-18,2.841817020425493e-18,-0.21725296161914004,0.967412055757129,0.15,2023-05-31
2023-05-31,2023-06-01,2023-06-30,Equity - Minimum Variance,Equity - Minimum Variance Sentiment Tilt,Equity,sentiment_tilt,Sentiment Tilt,WFC,Financials,Equity,1.0981188458022002e-18,1.0411540728419136e-18,-0.21725296161914004,0.967412055757129,0.15,2023-05-31
2023-05-31,2023-06-01,2023-06-30,Equity - Minimum Variance,Equity - Minimum Variance Sentiment Tilt,Equity,sentiment_tilt,Sentiment Tilt,WMT,Consumer,Equity,0.19652870786037724,0.1973163814013004,0.162877567814422,1.0244316351721634,0.15,2023-05-31
2023-05-31,2023-06-01,2023-06-30,Equity - Minimum Variance,Equity - Minimum Variance Sentiment Tilt,Equity,sentiment_tilt,Sentiment Tilt,XOM,Energy,Equity,0.0,0.0,0.8327489311446573,1.1249123396716987,0.15,2023-05-31
2023-06-30,2023-07-03,2023-07-31,Equity - Minimum Variance,Equity - Minimum Variance Sentiment Tilt,Equity,sentiment_tilt,Sentiment Tilt,ABBV,Healthcare,Equity,0.1163018563203246,0.10951988018489994,-1.0824196922987595,0.8376370461551861,0.15,2023-06-30
2023-06-30,2023-07-03,2023-07-31,Equity - Minimum Variance,Equity - Minimum Variance Sentiment Tilt,Equity,sentiment_tilt,Sentiment Tilt,ABT,Healthcare,Equity,0.0,0.0,-1.0824196922987595,0.8376370461551861,0.15,2023-06-30
2023-06-30,2023-07-03,2023-07-31,Equity - Minimum Variance,Equity - Minimum Variance Sentiment Tilt,Equity,sentiment_tilt,Sentiment Tilt,ADBE,Tech,Equity,0.0,0.0,-0.6713613778132771,0.8992957933280085,0.15,2023-06-30
2023-06-30,2023-07-03,2023-07-31,Equity - Minimum Variance,Equity - Minimum Variance Sentiment Tilt,Equity,sentiment_tilt,Sentiment Tilt,AEP,Utilities,Equity,0.0,0.0,0.09641935155780824,1.0144629027336713,0.15,2023-06-30
2023-06-30,2023-07-03,2023-07-31,Equity - Minimum Variance,Equity - Minimum Variance Sentiment Tilt,Equity,sentiment_tilt,Sentiment Tilt,AMD,Tech,Equity,4.844654078905545e-18,4.897966059420295e-18,-0.6713613778132771,0.8992957933280085,0.15,2023-06-30
2023-06-30,2023-07-03,2023-07-31,Equity - Minimum Variance,Equity - Minimum Variance Sentiment Tilt,Equity,sentiment_tilt,Sentiment Tilt,AMGN,Healthcare,Equity,9.328146412716293e-18,8.784188918310134e-18,-1.0824196922987595,0.8376370461551861,0.15,2023-06-30
2023-06-30,2023-07-03,2023-07-31,Equity - Minimum Variance,Equity - Minimum Variance Sentiment Tilt,Equity,sentiment_tilt,Sentiment Tilt,AMT,RealEstate,Equity,6.343032145926167e-18,6.33417155740949e-18,-0.744901054951148,0.8882648417573278,0.15,2023-06-30
2023-06-30,2023-07-03,2023-07-31,Equity - Minimum Variance,Equity - Minimum Variance Sentiment Tilt,Equity,sentiment_tilt,Sentiment Tilt,BA,Industrials,Equity,0.0,0.0,0.3141155489527069,1.047117332342906,0.15,2023-06-30
2023-06-30,2023-07-03,2023-07-31,Equity - Minimum Variance,Equity - Minimum Variance Sentiment Tilt,Equity,sentiment_tilt,Sentiment Tilt,CAT,Industrials,Equity,0.0,0.0,0.3141155489527069,1.047117332342906,0.15,2023-06-30
2023-06-30,2023-07-03,2023-07-31,Equity - Minimum Variance,Equity - Minimum Variance Sentiment Tilt,Equity,sentiment_tilt,Sentiment Tilt,CCI,RealEstate,Equity,0.0,0.0,-0.744901054951148,0.8882648417573278,0.15,2023-06-30
2023-06-30,2023-07-03,2023-07-31,Equity - Minimum Variance,Equity - Minimum Variance Sentiment Tilt,Equity,sentiment_tilt,Sentiment Tilt,CMCSA,Comm,Equity,0.0,0.0,-1.3311939443999952,0.8003209083400007,0.15,2023-06-30
2023-06-30,2023-07-03,2023-07-31,Equity - Minimum Variance,Equity - Minimum Variance Sentiment Tilt,Equity,sentiment_tilt,Sentiment Tilt,COP,Energy,Equity,1.1740706284844827e-17,1.1531140080229088e-17,-0.8424660139396348,0.8736300979090548,0.15,2023-06-30
2023-06-30,2023-07-03,2023-07-31,Equity - Minimum Variance,Equity - Minimum Variance Sentiment Tilt,Equity,sentiment_tilt,Sentiment Tilt,CVX,Energy,Equity,0.0,0.0,-0.8424660139396348,0.8736300979090548,0.15,2023-06-30
2023-06-30,2023-07-03,2023-07-31,Equity - Minimum Variance,Equity - Minimum Variance Sentiment Tilt,Equity,sentiment_tilt,Sentiment Tilt,D,Utilities,Equity,0.0,0.0,0.09641935155780824,1.0144629027336713,0.15,2023-06-30
2023-06-30,2023-07-03,2023-07-31,Equity - Minimum Variance,Equity - Minimum Variance Sentiment Tilt,Equity,sentiment_tilt,Sentiment Tilt,DD,Materials,Equity,4.367081625791109e-18,3.4467698240078164e-18,-1.986306474778423,0.7020540287832366,0.15,2023-06-30
2023-06-30,2023-07-03,2023-07-31,Equity - Minimum Variance,Equity - Minimum Variance Sentiment Tilt,Equity,sentiment_tilt,Sentiment Tilt,DIS,Consumer,Equity,5.16875447435423e-18,5.927777289394663e-18,0.13420030504842664,1.020130045757264,0.15,2023-06-30
2023-06-30,2023-07-03,2023-07-31,Equity - Minimum Variance,Equity - Minimum Variance Sentiment Tilt,Equity,sentiment_tilt,Sentiment Tilt,DOW,Materials,Equity,0.0,0.0,-1.986306474778423,0.7020540287832366,0.15,2023-06-30
2023-06-30,2023-07-03,2023-07-31,Equity - Minimum Variance,Equity - Minimum Variance Sentiment Tilt,Equity,sentiment_tilt,Sentiment Tilt,DUK,Utilities,Equity,0.0,0.0,0.09641935155780824,1.0144629027336713,0.15,2023-06-30
2023-06-30,2023-07-03,2023-07-31,Equity - Minimum Variance,Equity - Minimum Variance Sentiment Tilt,Equity,sentiment_tilt,Sentiment Tilt,EA,Comm,Equity,0.10654301770138738,0.09586047864820602,-1.3311939443999952,0.8003209083400007,0.15,2023-06-30
2023-06-30,2023-07-03,2023-07-31,Equity - Minimum Variance,Equity - Minimum Variance Sentiment Tilt,Equity,sentiment_tilt,Sentiment Tilt,GE,Industrials,Equity,6.311248524740868e-18,7.429525321108693e-18,0.3141155489527069,1.047117332342906,0.15,2023-06-30
2023-06-30,2023-07-03,2023-07-31,Equity - Minimum Variance,Equity - Minimum Variance Sentiment Tilt,Equity,sentiment_tilt,Sentiment Tilt,GILD,Healthcare,Equity,0.10866192284903559,0.10232545848889857,-1.0824196922987595,0.8376370461551861,0.15,2023-06-30
2023-06-30,2023-07-03,2023-07-31,Equity - Minimum Variance,Equity - Minimum Variance Sentiment Tilt,Equity,sentiment_tilt,Sentiment Tilt,GS,Financials,Equity,0.0,0.0,-0.9939004014707218,0.8509149397793917,0.15,2023-06-30
2023-06-30,2023-07-03,2023-07-31,Equity - Minimum Variance,Equity - Minimum Variance Sentiment Tilt,Equity,sentiment_tilt,Sentiment Tilt,INTC,Tech,Equity,0.0,0.0,-0.6713613778132771,0.8992957933280085,0.15,2023-06-30
2023-06-30,2023-07-03,2023-07-31,Equity - Minimum Variance,Equity - Minimum Variance Sentiment Tilt,Equity,sentiment_tilt,Sentiment Tilt,KO,Consumer,Equity,0.08888305390903678,0.10193537940102224,0.13420030504842664,1.020130045757264,0.15,2023-06-30
2023-06-30,2023-07-03,2023-07-31,Equity - Minimum Variance,Equity - Minimum Variance Sentiment Tilt,Equity,sentiment_tilt,Sentiment Tilt,MMM,Industrials,Equity,0.05393726303911097,0.06349429275831414,0.3141155489527069,1.047117332342906,0.15,2023-06-30
2023-06-30,2023-07-03,2023-07-31,Equity - Minimum Variance,Equity - Minimum Variance Sentiment Tilt,Equity,sentiment_tilt,Sentiment Tilt,MRK,Healthcare,Equity,0.12306927664926687,0.1158926680924743,-1.0824196922987595,0.8376370461551861,0.15,2023-06-30
2023-06-30,2023-07-03,2023-07-31,Equity - Minimum Variance,Equity - Minimum Variance Sentiment Tilt,Equity,sentiment_tilt,Sentiment Tilt,MS,Financials,Equity,1.0239848091144134e-18,9.79557872689153e-19,-0.9939004014707218,0.8509149397793917,0.15,2023-06-30
2023-06-30,2023-07-03,2023-07-31,Equity - Minimum Variance,Equity - Minimum Variance Sentiment Tilt,Equity,sentiment_tilt,Sentiment Tilt,NEE,Utilities,Equity,0.0,0.0,0.09641935155780824,1.0144629027336713,0.15,2023-06-30
2023-06-30,2023-07-03,2023-07-31,Equity - Minimum Variance,Equity - Minimum Variance Sentiment Tilt,Equity,sentiment_tilt,Sentiment Tilt,NEM,Materials,Equity,0.08066787674501115,0.06366805733362448,-1.986306474778423,0.7020540287832366,0.15,2023-06-30
2023-06-30,2023-07-03,2023-07-31,Equity - Minimum Variance,Equity - Minimum Variance Sentiment Tilt,Equity,sentiment_tilt,Sentiment Tilt,NKE,Consumer,Equity,2.113716279861683e-18,2.4241119252531874e-18,0.13420030504842664,1.020130045757264,0.15,2023-06-30
2023-06-30,2023-07-03,2023-07-31,Equity - Minimum Variance,Equity - Minimum Variance Sentiment Tilt,Equity,sentiment_tilt,Sentiment Tilt,NUE,Materials,Equity,9.355626063903581e-18,7.384036380570815e-18,-1.986306474778423,0.7020540287832366,0.15,2023-06-30
2023-06-30,2023-07-03,2023-07-31,Equity - Minimum Variance,Equity - Minimum Variance Sentiment Tilt,Equity,sentiment_tilt,Sentiment Tilt,NVDA,Tech,Equity,0.0,0.0,-0.6713613778132771,0.8992957933280085,0.15,2023-06-30
2023-06-30,2023-07-03,2023-07-31,Equity - Minimum Variance,Equity - Minimum Variance Sentiment Tilt,Equity,sentiment_tilt,Sentiment Tilt,O,RealEstate,Equity,2.312482366175116e-18,2.309252057037883e-18,-0.744901054951148,0.8882648417573278,0.15,2023-06-30
2023-06-30,2023-07-03,2023-07-31,Equity - Minimum Variance,Equity - Minimum Variance Sentiment Tilt,Equity,sentiment_tilt,Sentiment Tilt,OXY,Energy,Equity,0.0,0.0,-0.8424660139396348,0.8736300979090548,0.15,2023-06-30
2023-06-30,2023-07-03,2023-07-31,Equity - Minimum Variance,Equity - Minimum Variance Sentiment Tilt,Equity,sentiment_tilt,Sentiment Tilt,PLD,RealEstate,Equity,5.158941966887794e-18,5.151735435232524e-18,-0.744901054951148,0.8882648417573278,0.15,2023-06-30
2023-06-30,2023-07-03,2023-07-31,Equity - Minimum Variance,Equity - Minimum Variance Sentiment Tilt,Equity,sentiment_tilt,Sentiment Tilt,PSA,RealEstate,Equity,0.05411288528731759,0.05403729493889266,-0.744901054951148,0.8882648417573278,0.15,2023-06-30
2023-06-30,2023-07-03,2023-07-31,Equity - Minimum Variance,Equity - Minimum Variance Sentiment Tilt,Equity,sentiment_tilt,Sentiment Tilt,QCOM,Tech,Equity,3.2816696283939728e-18,3.317782074078498e-18,-0.6713613778132771,0.8992957933280085,0.15,2023-06-30
2023-06-30,2023-07-03,2023-07-31,Equity - Minimum Variance,Equity - Minimum Variance Sentiment Tilt,Equity,sentiment_tilt,Sentiment Tilt,SBUX,Consumer,Equity,3.322135797832343e-19,3.809985796846339e-19,0.13420030504842664,1.020130045757264,0.15,2023-06-30
2023-06-30,2023-07-03,2023-07-31,Equity - Minimum Variance,Equity - Minimum Variance Sentiment Tilt,Equity,sentiment_tilt,Sentiment Tilt,SHW,Materials,Equity,0.0,0.0,-1.986306474778423,0.7020540287832366,0.15,2023-06-30
2023-06-30,2023-07-03,2023-07-31,Equity - Minimum Variance,Equity - Minimum Variance Sentiment Tilt,Equity,sentiment_tilt,Sentiment Tilt,SLB,Energy,Equity,0.0,0.0,-0.8424660139396348,0.8736300979090548,0.15,2023-06-30
2023-06-30,2023-07-03,2023-07-31,Equity - Minimum Variance,Equity - Minimum Variance Sentiment Tilt,Equity,sentiment_tilt,Sentiment Tilt,SO,Utilities,Equity,0.0,0.0,0.09641935155780824,1.0144629027336713,0.15,2023-06-30
2023-06-30,2023-07-03,2023-07-31,Equity - Minimum Variance,Equity - Minimum Variance Sentiment Tilt,Equity,sentiment_tilt,Sentiment Tilt,T,Comm,Equity,0.02631487135236176,0.023676409940569142,-1.3311939443999952,0.8003209083400007,0.15,2023-06-30
2023-06-30,2023-07-03,2023-07-31,Equity - Minimum Variance,Equity - Minimum Variance Sentiment Tilt,Equity,sentiment_tilt,Sentiment Tilt,TMUS,Comm,Equity,1.3938566340902153e-19,1.254101554410219e-19,-1.3311939443999952,0.8003209083400007,0.15,2023-06-30
2023-06-30,2023-07-03,2023-07-31,Equity - Minimum Variance,Equity - Minimum Variance Sentiment Tilt,Equity,sentiment_tilt,Sentiment Tilt,TTWO,Comm,Equity,0.03140785099570205,0.02825874181823861,-1.3311939443999952,0.8003209083400007,0.15,2023-06-30
2023-06-30,2023-07-03,2023-07-31,Equity - Minimum Variance,Equity - Minimum Variance Sentiment Tilt,Equity,sentiment_tilt,Sentiment Tilt,UPS,Industrials,Equity,0.01247105775817565,0.014680778142733532,0.3141155489527069,1.047117332342906,0.15,2023-06-30
2023-06-30,2023-07-03,2023-07-31,Equity - Minimum Variance,Equity - Minimum Variance Sentiment Tilt,Equity,sentiment_tilt,Sentiment Tilt,USB,Financials,Equity,0.0,0.0,-0.9939004014707218,0.8509149397793917,0.15,2023-06-30
2023-06-30,2023-07-03,2023-07-31,Equity - Minimum Variance,Equity - Minimum Variance Sentiment Tilt,Equity,sentiment_tilt,Sentiment Tilt,V,Financials,Equity,7.853561655742728e-18,7.512824487294597e-18,-0.9939004014707218,0.8509149397793917,0.15,2023-06-30
2023-06-30,2023-07-03,2023-07-31,Equity - Minimum Variance,Equity - Minimum Variance Sentiment Tilt,Equity,sentiment_tilt,Sentiment Tilt,WFC,Financials,Equity,0.0,0.0,-0.9939004014707218,0.8509149397793917,0.15,2023-06-30
2023-06-30,2023-07-03,2023-07-31,Equity - Minimum Variance,Equity - Minimum Variance Sentiment Tilt,Equity,sentiment_tilt,Sentiment Tilt,WMT,Consumer,Equity,0.19762906739326963,0.22665056025212632,0.13420030504842664,1.020130045757264,0.15,2023-06-30
2023-06-30,2023-07-03,2023-07-31,Equity - Minimum Variance,Equity - Minimum Variance Sentiment Tilt,Equity,sentiment_tilt,Sentiment Tilt,XOM,Energy,Equity,1.3330687722708222e-17,1.3092741081067787e-17,-0.8424660139396348,0.8736300979090548,0.15,2023-06-30
2023-07-31,2023-08-01,2023-08-31,Equity - Minimum Variance,Equity - Minimum Variance Sentiment Tilt,Equity,sentiment_tilt,Sentiment Tilt,ABBV,Healthcare,Equity,0.1184424543382248,0.12008277440015157,0.3955176640364758,1.0593276496054713,0.15,2023-07-31
2023-07-31,2023-08-01,2023-08-31,Equity - Minimum Variance,Equity - Minimum Variance Sentiment Tilt,Equity,sentiment_tilt,Sentiment Tilt,ABT,Healthcare,Equity,0.0,0.0,0.3955176640364758,1.0593276496054713,0.15,2023-07-31
2023-07-31,2023-08-01,2023-08-31,Equity - Minimum Variance,Equity - Minimum Variance Sentiment Tilt,Equity,sentiment_tilt,Sentiment Tilt,ADBE,Tech,Equity,7.030835559184856e-18,7.6512737242046e-18,0.9137404793497994,1.1370610719024699,0.15,2023-07-31
2023-07-31,2023-08-01,2023-08-31,Equity - Minimum Variance,Equity - Minimum Variance Sentiment Tilt,Equity,sentiment_tilt,Sentiment Tilt,AEP,Utilities,Equity,1.4180525436200854e-17,1.54067343493575e-17,0.9013835460137783,1.1352075319020667,0.15,2023-07-31
2023-07-31,2023-08-01,2023-08-31,Equity - Minimum Variance,Equity - Minimum Variance Sentiment Tilt,Equity,sentiment_tilt,Sentiment Tilt,AMD,Tech,Equity,7.280241961550308e-18,7.9226890683701e-18,0.9137404793497994,1.1370610719024699,0.15,2023-07-31
2023-07-31,2023-08-01,2023-08-31,Equity - Minimum Variance,Equity - Minimum Variance Sentiment Tilt,Equity,sentiment_tilt,Sentiment Tilt,AMGN,Healthcare,Equity,1.754973626323041e-17,1.779278411828326e-17,0.3955176640364758,1.0593276496054713,0.15,2023-07-31
2023-07-31,2023-08-01,2023-08-31,Equity - Minimum Variance,Equity - Minimum Variance Sentiment Tilt,Equity,sentiment_tilt,Sentiment Tilt,AMT,RealEstate,Equity,4.395678551497842e-18,4.210330621869654e-18,0.005332890684879321,1.000799933602732,0.15,2023-07-31
2023-07-31,2023-08-01,2023-08-31,Equity - Minimum Variance,Equity - Minimum Variance Sentiment Tilt,Equity,sentiment_tilt,Sentiment Tilt,BA,Industrials,Equity,0.0,0.0,-0.12716807265235958,0.9809247891021461,0.15,2023-07-31
2023-07-31,2023-08-01,2023-08-31,Equity - Minimum Variance,Equity - Minimum Variance Sentiment Tilt,Equity,sentiment_tilt,Sentiment Tilt,CAT,Industrials,Equity,0.0,0.0,-0.12716807265235958,0.9809247891021461,0.15,2023-07-31
2023-07-31,2023-08-01,2023-08-31,Equity - Minimum Variance,Equity - Minimum Variance Sentiment Tilt,Equity,sentiment_tilt,Sentiment Tilt,CCI,RealEstate,Equity,6.208641531544229e-18,5.946848308906695e-18,0.005332890684879321,1.000799933602732,0.15,2023-07-31
2023-07-31,2023-08-01,2023-08-31,Equity - Minimum Variance,Equity - Minimum Variance Sentiment Tilt,Equity,sentiment_tilt,Sentiment Tilt,CMCSA,Comm,Equity,0.0,0.0,0.3602967832932805,1.054044517493992,0.15,2023-07-31
2023-07-31,2023-08-01,2023-08-31,Equity - Minimum Variance,Equity - Minimum Variance Sentiment Tilt,Equity,sentiment_tilt,Sentiment Tilt,COP,Energy,Equity,0.0,0.0,1.3419795212408963,1.2012969281861343,0.15,2023-07-31
2023-07-31,2023-08-01,2023-08-31,Equity - Minimum Variance,Equity - Minimum Variance Sentiment Tilt,Equity,sentiment_tilt,Sentiment Tilt,CVX,Energy,Equity,6.002755536191104e-18,6.901508555106493e-18,1.3419795212408963,1.2012969281861343,0.15,2023-07-31
2023-07-31,2023-08-01,2023-08-31,Equity - Minimum Variance,Equity - Minimum Variance Sentiment Tilt,Equity,sentiment_tilt,Sentiment Tilt,D,Utilities,Equity,3.617979416739402e-18,3.9308309135603616e-18,0.9013835460137783,1.1352075319020667,0.15,2023-07-31
2023-07-31,2023-08-01,2023-08-31,Equity - Minimum Variance,Equity - Minimum Variance Sentiment Tilt,Equity,sentiment_tilt,Sentiment Tilt,DD,Materials,Equity,2.5950798417977252e-18,2.8961486041469006e-18,1.1071778795497478,1.1660766819324622,0.15,2023-07-28
2023-07-31,2023-08-01,2023-08-31,Equity - Minimum Variance,Equity - Minimum Variance Sentiment Tilt,Equity,sentiment_tilt,Sentiment Tilt,DIS,Consumer,Equity,0.0,0.0,0.07037109966193865,1.0105556649492908,0.15,2023-07-31
2023-07-31,2023-08-01,2023-08-31,Equity - Minimum Variance,Equity - Minimum Variance Sentiment Tilt,Equity,sentiment_tilt,Sentiment Tilt,DOW,Materials,Equity,2.372877940921947e-19,2.648167900549599e-19,1.1071778795497478,1.1660766819324622,0.15,2023-07-28
2023-07-31,2023-08-01,2023-08-31,Equity - Minimum Variance,Equity - Minimum Variance Sentiment Tilt,Equity,sentiment_tilt,Sentiment Tilt,DUK,Utilities,Equity,0.0,0.0,0.9013835460137783,1.1352075319020667,0.15,2023-07-31
2023-07-31,2023-08-01,2023-08-31,Equity - Minimum Variance,Equity - Minimum Variance Sentiment Tilt,Equity,sentiment_tilt,Sentiment Tilt,EA,Comm,Equity,0.10502843583143381,0.10595192666955575,0.3602967832932805,1.054044517493992,0.15,2023-07-31
2023-07-31,2023-08-01,2023-08-31,Equity - Minimum Variance,Equity - Minimum Variance Sentiment Tilt,Equity,sentiment_tilt,Sentiment Tilt,GE,Industrials,Equity,0.0,0.0,-0.12716807265235958,0.9809247891021461,0.15,2023-07-31
2023-07-31,2023-08-01,2023-08-31,Equity - Minimum Variance,Equity - Minimum Variance Sentiment Tilt,Equity,sentiment_tilt,Sentiment Tilt,GILD,Healthcare,Equity,0.10720842823173177,0.10869316726908716,0.3955176640364758,1.0593276496054713,0.15,2023-07-31
2023-07-31,2023-08-01,2023-08-31,Equity - Minimum Variance,Equity - Minimum Variance Sentiment Tilt,Equity,sentiment_tilt,Sentiment Tilt,GS,Financials,Equity,0.0,0.0,-0.5585976572896607,0.9162103514065509,0.15,2023-07-31
2023-07-31,2023-08-01,2023-08-31,Equity - Minimum Variance,Equity - Minimum Variance Sentiment Tilt,Equity,sentiment_tilt,Sentiment Tilt,INTC,Tech,Equity,8.372661362530316e-18,9.111509342741403e-18,0.9137404793497994,1.1370610719024699,0.15,2023-07-31
2023-07-31,2023-08-01,2023-08-31,Equity - Minimum Variance,Equity - Minimum Variance Sentiment Tilt,Equity,sentiment_tilt,Sentiment Tilt,KO,Consumer,Equity,0.09013406879933245,0.08717505386780035,0.07037109966193865,1.0105556649492908,0.15,2023-07-31
2023-07-31,2023-08-01,2023-08-31,Equity - Minimum Variance,Equity - Minimum Variance Sentiment Tilt,Equity,sentiment_tilt,Sentiment Tilt,MMM,Industrials,Equity,0.0511881655465211,0.04805607345621691,-0.12716807265235958,0.9809247891021461,0.15,2023-07-31
2023-07-31,2023-08-01,2023-08-31,Equity - Minimum Variance,Equity - Minimum Variance Sentiment Tilt,Equity,sentiment_tilt,Sentiment Tilt,MRK,Healthcare,Equity,0.12048777771355224,0.12215642364042686,0.3955176640364758,1.0593276496054713,0.15,2023-07-31
2023-07-31,2023-08-01,2023-08-31,Equity - Minimum Variance,Equity - Minimum Variance Sentiment Tilt,Equity,sentiment_tilt,Sentiment Tilt,MS,Financials,Equity,3.826658258508451e-18,3.3555049236404143e-18,-0.5585976572896607,0.9162103514065509,0.15,2023-07-31
2023-07-31,2023-08-01,2023-08-31,Equity - Minimum Variance,Equity - Minimum Variance Sentiment Tilt,Equity,sentiment_tilt,Sentiment Tilt,NEE,Utilities,Equity,0.0,0.0,0.9013835460137783,1.1352075319020667,0.15,2023-07-31
2023-07-31,2023-08-01,2023-08-31,Equity - Minimum Variance,Equity - Minimum Variance Sentiment Tilt,Equity,sentiment_tilt,Sentiment Tilt,NEM,Materials,Equity,0.08192324856339703,0.09142759238178205,1.1071778795497478,1.1660766819324622,0.15,2023-07-28
2023-07-31,2023-08-01,2023-08-31,Equity - Minimum Variance,Equity - Minimum Variance Sentiment Tilt,Equity,sentiment_tilt,Sentiment Tilt,NKE,Consumer,Equity,3.551717671401772e-18,3.4351181906253962e-18,0.07037109966193865,1.0105556649492908,0.15,2023-07-31
2023-07-31,2023-08-01,2023-08-31,Equity - Minimum Variance,Equity - Minimum Variance Sentiment Tilt,Equity,sentiment_tilt,Sentiment Tilt,NUE,Materials,Equity,0.0,0.0,1.1071778795497478,1.1660766819324622,0.15,2023-07-28
2023-07-31,2023-08-01,2023-08-31,Equity - Minimum Variance,Equity - Minimum Variance Sentiment Tilt,Equity,sentiment_tilt,Sentiment Tilt,NVDA,Tech,Equity,0.0,0.0,0.9137404793497994,1.1370610719024699,0.15,2023-07-31
2023-07-31,2023-08-01,2023-08-31,Equity - Minimum Variance,Equity - Minimum Variance Sentiment Tilt,Equity,sentiment_tilt,Sentiment Tilt,O,RealEstate,Equity,0.0,0.0,0.005332890684879321,1.000799933602732,0.15,2023-07-31
2023-07-31,2023-08-01,2023-08-31,Equity - Minimum Variance,Equity - Minimum Variance Sentiment Tilt,Equity,sentiment_tilt,Sentiment Tilt,OXY,Energy,Equity,1.0106333596364245e-17,1.1619488309251625e-17,1.3419795212408963,1.2012969281861343,0.15,2023-07-31
2023-07-31,2023-08-01,2023-08-31,Equity - Minimum Variance,Equity - Minimum Variance Sentiment Tilt,Equity,sentiment_tilt,Sentiment Tilt,PLD,RealEstate,Equity,0.0,0.0,0.005332890684879321,1.000799933602732,0.15,2023-07-31
2023-07-31,2023-08-01,2023-08-31,Equity - Minimum Variance,Equity - Minimum Variance Sentiment Tilt,Equity,sentiment_tilt,Sentiment Tilt,PSA,RealEstate,Equity,0.05560188993286735,0.05325738383176501,0.005332890684879321,1.000799933602732,0.15,2023-07-31
2023-07-31,2023-08-01,2023-08-31,Equity - Minimum Variance,Equity - Minimum Variance Sentiment Tilt,Equity,sentiment_tilt,Sentiment Tilt,QCOM,Tech,Equity,0.0,0.0,0.9137404793497994,1.1370610719024699,0.15,2023-07-31
2023-07-31,2023-08-01,2023-08-31,Equity - Minimum Variance,Equity - Minimum Variance Sentiment Tilt,Equity,sentiment_tilt,Sentiment Tilt,SBUX,Consumer,Equity,9.960383647092691e-19,9.63339381596511e-19,0.07037109966193865,1.0105556649492908,0.15,2023-07-31
2023-07-31,2023-08-01,2023-08-31,Equity - Minimum Variance,Equity - Minimum Variance Sentiment Tilt,Equity,sentiment_tilt,Sentiment Tilt,SHW,Materials,Equity,0.0,0.0,1.1071778795497478,1.1660766819324622,0.15,2023-07-28
2023-07-31,2023-08-01,2023-08-31,Equity - Minimum Variance,Equity - Minimum Variance Sentiment Tilt,Equity,sentiment_tilt,Sentiment Tilt,SLB,Energy,Equity,9.349276212217371e-19,1.074908171316501e-18,1.3419795212408963,1.2012969281861343,0.15,2023-07-31
2023-07-31,2023-08-01,2023-08-31,Equity - Minimum Variance,Equity - Minimum Variance Sentiment Tilt,Equity,sentiment_tilt,Sentiment Tilt,SO,Utilities,Equity,1.866762531196443e-19,2.0281839725103413e-19,0.9013835460137783,1.1352075319020667,0.15,2023-07-31
2023-07-31,2023-08-01,2023-08-31,Equity - Minimum Variance,Equity - Minimum Variance Sentiment Tilt,Equity,sentiment_tilt,Sentiment Tilt,T,Comm,Equity,0.026823776173239833,0.027059631457037235,0.3602967832932805,1.054044517493992,0.15,2023-07-31
2023-07-31,2023-08-01,2023-08-31,Equity - Minimum Variance,Equity - Minimum Variance Sentiment Tilt,Equity,sentiment_tilt,Sentiment Tilt,TMUS,Comm,Equity,1.3591924610766786e-17,1.3711435272342596e-17,0.3602967832932805,1.054044517493992,0.15,2023-07-31
2023-07-31,2023-08-01,2023-08-31,Equity - Minimum Variance,Equity - Minimum Variance Sentiment Tilt,Equity,sentiment_tilt,Sentiment Tilt,TTWO,Comm,Equity,0.032085842294417556,0.032367965713258874,0.3602967832932805,1.054044517493992,0.15,2023-07-31
2023-07-31,2023-08-01,2023-08-31,Equity - Minimum Variance,Equity - Minimum Variance Sentiment Tilt,Equity,sentiment_tilt,Sentiment Tilt,UPS,Industrials,Equity,0.013205284908418923,0.012397282356065626,-0.12716807265235958,0.9809247891021461,0.15,2023-07-31
2023-07-31,2023-08-01,2023-08-31,Equity - Minimum Variance,Equity - Minimum Variance Sentiment Tilt,Equity,sentiment_tilt,Sentiment Tilt,USB,Financials,Equity,1.3560554683914856e-17,1.1890925432914746e-17,-0.5585976572896607,0.9162103514065509,0.15,2023-07-31
2023-07-31,2023-08-01,2023-08-31,Equity - Minimum Variance,Equity - Minimum Variance Sentiment Tilt,Equity,sentiment_tilt,Sentiment Tilt,V,Financials,Equity,0.0,0.0,-0.5585976572896607,0.9162103514065509,0.15,2023-07-31
2023-07-31,2023-08-01,2023-08-31,Equity - Minimum Variance,Equity - Minimum Variance Sentiment Tilt,Equity,sentiment_tilt,Sentiment Tilt,WFC,Financials,Equity,0.0,0.0,-0.5585976572896607,0.9162103514065509,0.15,2023-07-31
2023-07-31,2023-08-01,2023-08-31,Equity - Minimum Variance,Equity - Minimum Variance Sentiment Tilt,Equity,sentiment_tilt,Sentiment Tilt,WMT,Consumer,Equity,0.1978706276668631,0.1913747249568524,0.07037109966193865,1.0105556649492908,0.15,2023-07-31
2023-07-31,2023-08-01,2023-08-31,Equity - Minimum Variance,Equity - Minimum Variance Sentiment Tilt,Equity,sentiment_tilt,Sentiment Tilt,XOM,Energy,Equity,0.0,0.0,1.3419795212408963,1.2012969281861343,0.15,2023-07-31
2023-08-31,2023-09-01,2023-09-29,Equity - Minimum Variance,Equity - Minimum Variance Sentiment Tilt,Equity,sentiment_tilt,Sentiment Tilt,ABBV,Healthcare,Equity,0.12082287452770743,0.11472673276503026,0.26173397576645924,1.039260096364969,0.15,2023-08-31
2023-08-31,2023-09-01,2023-09-29,Equity - Minimum Variance,Equity - Minimum Variance Sentiment Tilt,Equity,sentiment_tilt,Sentiment Tilt,ABT,Healthcare,Equity,0.0,0.0,0.26173397576645924,1.039260096364969,0.15,2023-08-31
2023-08-31,2023-09-01,2023-09-29,Equity - Minimum Variance,Equity - Minimum Variance Sentiment Tilt,Equity,sentiment_tilt,Sentiment Tilt,ADBE,Tech,Equity,0.0,0.0,0.03290514597265096,1.0049357718958976,0.15,2023-08-31
2023-08-31,2023-09-01,2023-09-29,Equity - Minimum Variance,Equity - Minimum Variance Sentiment Tilt,Equity,sentiment_tilt,Sentiment Tilt,AEP,Utilities,Equity,0.0,0.0,0.32990131117995314,1.049485196676993,0.15,2023-08-31
2023-08-31,2023-09-01,2023-09-29,Equity - Minimum Variance,Equity - Minimum Variance Sentiment Tilt,Equity,sentiment_tilt,Sentiment Tilt,AMD,Tech,Equity,8.499076802969765e-18,7.803712644332787e-18,0.03290514597265096,1.0049357718958976,0.15,2023-08-31
2023-08-31,2023-09-01,2023-09-29,Equity - Minimum Variance,Equity - Minimum Variance Sentiment Tilt,Equity,sentiment_tilt,Sentiment Tilt,AMGN,Healthcare,Equity,2.4130470603104388e-18,2.2912962989817932e-18,0.26173397576645924,1.039260096364969,0.15,2023-08-31
2023-08-31,2023-09-01,2023-09-29,Equity - Minimum Variance,Equity - Minimum Variance Sentiment Tilt,Equity,sentiment_tilt,Sentiment Tilt,AMT,RealEstate,Equity,0.0,0.0,1.0813802730636846,1.1622070409595526,0.15,2023-08-31
2023-08-31,2023-09-01,2023-09-29,Equity - Minimum Variance,Equity - Minimum Variance Sentiment Tilt,Equity,sentiment_tilt,Sentiment Tilt,BA,Industrials,Equity,7.191328207205408e-18,6.394090528106224e-18,-0.1790198051909751,0.9731470292213538,0.15,2023-08-31
2023-08-31,2023-09-01,2023-09-29,Equity - Minimum Variance,Equity - Minimum Variance Sentiment Tilt,Equity,sentiment_tilt,Sentiment Tilt,CAT,Industrials,Equity,9.640139313195873e-18,8.571424039632841e-18,-0.1790198051909751,0.9731470292213538,0.15,2023-08-31
2023-08-31,2023-09-01,2023-09-29,Equity - Minimum Variance,Equity - Minimum Variance Sentiment Tilt,Equity,sentiment_tilt,Sentiment Tilt,CCI,RealEstate,Equity,1.406711944497223e-17,1.4937567705036782e-17,1.0813802730636846,1.1622070409595526,0.15,2023-08-31
2023-08-31,2023-09-01,2023-09-29,Equity - Minimum Variance,Equity - Minimum Variance Sentiment Tilt,Equity,sentiment_tilt,Sentiment Tilt,CMCSA,Comm,Equity,0.0,0.0,0.060187843150712926,1.009028176472607,0.15,2023-08-31
2023-08-31,2023-09-01,2023-09-29,Equity - Minimum Variance,Equity - Minimum Variance Sentiment Tilt,Equity,sentiment_tilt,Sentiment Tilt,COP,Energy,Equity,0.0,0.0,-0.05150762043310338,0.9922738569350344,0.15,2023-08-31
2023-08-31,2023-09-01,2023-09-29,Equity - Minimum Variance,Equity - Minimum Variance Sentiment Tilt,Equity,sentiment_tilt,Sentiment Tilt,CVX,Energy,Equity,4.2609216475601044e-18,3.8630142214974884e-18,-0.05150762043310338,0.9922738569350344,0.15,2023-08-31
2023-08-31,2023-09-01,2023-09-29,Equity - Minimum Variance,Equity - Minimum Variance Sentiment Tilt,Equity,sentiment_tilt,Sentiment Tilt,D,Utilities,Equity,0.0,0.0,0.32990131117995314,1.049485196676993,0.15,2023-08-31
2023-08-31,2023-09-01,2023-09-29,Equity - Minimum Variance,Equity - Minimum Variance Sentiment Tilt,Equity,sentiment_tilt,Sentiment Tilt,DD,Materials,Equity,1.2203509013931482e-17,1.2443596959681357e-17,0.7734327944823959,1.1160149191723594,0.15,2023-08-31
2023-08-31,2023-09-01,2023-09-29,Equity - Minimum Variance,Equity - Minimum Variance Sentiment Tilt,Equity,sentiment_tilt,Sentiment Tilt,DIS,Consumer,Equity,0.0,0.0,1.423777959475432,1.2135666939213148,0.15,2023-08-31
2023-08-31,2023-09-01,2023-09-29,Equity - Minimum Variance,Equity - Minimum Variance Sentiment Tilt,Equity,sentiment_tilt,Sentiment Tilt,DOW,Materials,Equity,8.779003645039724e-18,8.951718963925633e-18,0.7734327944823959,1.1160149191723594,0.15,2023-08-31
2023-08-31,2023-09-01,2023-09-29,Equity - Minimum Variance,Equity - Minimum Variance Sentiment Tilt,Equity,sentiment_tilt,Sentiment Tilt,DUK,Utilities,Equity,2.2767613666357793e-18,2.18315735813157e-18,0.32990131117995314,1.049485196676993,0.15,2023-08-31
2023-08-31,2023-09-01,2023-09-29,Equity - Minimum Variance,Equity - Minimum Variance Sentiment Tilt,Equity,sentiment_tilt,Sentiment Tilt,EA,Comm,Equity,0.10120516841967413,0.09330334099942905,0.060187843150712926,1.009028176472607,0.15,2023-08-31
2023-08-31,2023-09-01,2023-09-29,Equity - Minimum Variance,Equity - Minimum Variance Sentiment Tilt,Equity,sentiment_tilt,Sentiment Tilt,GE,Industrials,Equity,2.520899926610064e-18,2.2414304949801433e-18,-0.1790198051909751,0.9731470292213538,0.15,2023-08-31
2023-08-31,2023-09-01,2023-09-29,Equity - Minimum Variance,Equity - Minimum Variance Sentiment Tilt,Equity,sentiment_tilt,Sentiment Tilt,GILD,Healthcare,Equity,0.10733147450961295,0.101916043973256,0.26173397576645924,1.039260096364969,0.15,2023-08-31
2023-08-31,2023-09-01,2023-09-29,Equity - Minimum Variance,Equity - Minimum Variance Sentiment Tilt,Equity,sentiment_tilt,Sentiment Tilt,GS,Financials,Equity,8.273644001306565e-18,7.585490253010929e-18,0.02299811701160363,1.0034497175517405,0.15,2023-08-31
2023-08-31,2023-09-01,2023-09-29,Equity - Minimum Variance,Equity - Minimum Variance Sentiment Tilt,Equity,sentiment_tilt,Sentiment Tilt,INTC,Tech,Equity,3.109214273621968e-18,2.8548294483614454e-18,0.03290514597265096,1.0049357718958976,0.15,2023-08-31
2023-08-31,2023-09-01,2023-09-29,Equity - Minimum Variance,Equity - Minimum Variance Sentiment Tilt,Equity,sentiment_tilt,Sentiment Tilt,KO,Consumer,Equity,0.09593930657829186,0.10637790509224233,1.423777959475432,1.2135666939213148,0.15,2023-08-31
2023-08-31,2023-09-01,2023-09-29,Equity - Minimum Variance,Equity - Minimum Variance Sentiment Tilt,Equity,sentiment_tilt,Sentiment Tilt,MMM,Industrials,Equity,0.04866996192770193,0.04327436234288403,-0.1790198051909751,0.9731470292213538,0.15,2023-08-31
2023-08-31,2023-09-01,2023-09-29,Equity - Minimum Variance,Equity - Minimum Variance Sentiment Tilt,Equity,sentiment_tilt,Sentiment Tilt,MRK,Healthcare,Equity,0.1185385747449193,0.1125576877745053,0.26173397576645924,1.039260096364969,0.15,2023-08-31
2023-08-31,2023-09-01,2023-09-29,Equity - Minimum Variance,Equity - Minimum Variance Sentiment Tilt,Equity,sentiment_tilt,Sentiment Tilt,MS,Financials,Equity,1.5411376955481554e-18,1.412954795526873e-18,0.02299811701160363,1.0034497175517405,0.15,2023-08-31
2023-08-31,2023-09-01,2023-09-29,Equity - Minimum Variance,Equity - Minimum Variance Sentiment Tilt,Equity,sentiment_tilt,Sentiment Tilt,NEE,Utilities,Equity,6.705301135212172e-18,6.429627507891663e-18,0.32990131117995314,1.049485196676993,0.15,2023-08-31
2023-08-31,2023-09-01,2023-09-29,Equity - Minimum Variance,Equity - Minimum Variance Sentiment Tilt,Equity,sentiment_tilt,Sentiment Tilt,NEM,Materials,Equity,0.08192946258212722,0.08354131670910647,0.7734327944823959,1.1160149191723594,0.15,2023-08-31
2023-08-31,2023-09-01,2023-09-29,Equity - Minimum Variance,Equity - Minimum Variance Sentiment Tilt,Equity,sentiment_tilt,Sentiment Tilt,NKE,Consumer,Equity,0.0,0.0,1.423777959475432,1.2135666939213148,0.15,2023-08-31
2023-08-31,2023-09-01,2023-09-29,Equity - Minimum Variance,Equity - Minimum Variance Sentiment Tilt,Equity,sentiment_tilt,Sentiment Tilt,NUE,Materials,Equity,0.0,0.0,0.7734327944823959,1.1160149191723594,0.15,2023-08-31
2023-08-31,2023-09-01,2023-09-29,Equity - Minimum Variance,Equity - Minimum Variance Sentiment Tilt,Equity,sentiment_tilt,Sentiment Tilt,NVDA,Tech,Equity,6.141982530528011e-18,5.639467420509088e-18,0.03290514597265096,1.0049357718958976,0.15,2023-08-31
2023-08-31,2023-09-01,2023-09-29,Equity - Minimum Variance,Equity - Minimum Variance Sentiment Tilt,Equity,sentiment_tilt,Sentiment Tilt,O,RealEstate,Equity,0.0,0.0,1.0813802730636846,1.1622070409595526,0.15,2023-08-31
2023-08-31,2023-09-01,2023-09-29,Equity - Minimum Variance,Equity - Minimum Variance Sentiment Tilt,Equity,sentiment_tilt,Sentiment Tilt,OXY,Energy,Equity,4.704430018001291e-18,4.265105431822499e-18,-0.05150762043310338,0.9922738569350344,0.15,2023-08-31
2023-08-31,2023-09-01,2023-09-29,Equity - Minimum Variance,Equity - Minimum Variance Sentiment Tilt,Equity,sentiment_tilt,Sentiment Tilt,PLD,RealEstate,Equity,3.575393875581517e-18,3.7966328712564785e-18,1.0813802730636846,1.1622070409595526,0.15,2023-08-31
2023-08-31,2023-09-01,2023-09-29,Equity - Minimum Variance,Equity - Minimum Variance Sentiment Tilt,Equity,sentiment_tilt,Sentiment Tilt,PSA,RealEstate,Equity,0.05312191678456866,0.05640900624288333,1.0813802730636846,1.1622070409595526,0.15,2023-08-31
2023-08-31,2023-09-01,2023-09-29,Equity - Minimum Variance,Equity - Minimum Variance Sentiment Tilt,Equity,sentiment_tilt,Sentiment Tilt,QCOM,Tech,Equity,0.0,0.0,0.03290514597265096,1.0049357718958976,0.15,2023-08-31
2023-08-31,2023-09-01,2023-09-29,Equity - Minimum Variance,Equity - Minimum Variance Sentiment Tilt,Equity,sentiment_tilt,Sentiment Tilt,SBUX,Consumer,Equity,0.0,0.0,1.423777959475432,1.2135666939213148,0.15,2023-08-31
2023-08-31,2023-09-01,2023-09-29,Equity - Minimum Variance,Equity - Minimum Variance Sentiment Tilt,Equity,sentiment_tilt,Sentiment Tilt,SHW,Materials,Equity,8.557601634103828e-18,8.72596116041157e-18,0.7734327944823959,1.1160149191723594,0.15,2023-08-31
2023-08-31,2023-09-01,2023-09-29,Equity - Minimum Variance,Equity - Minimum Variance Sentiment Tilt,Equity,sentiment_tilt,Sentiment Tilt,SLB,Energy,Equity,1.0839430331376647e-18,9.827186929620388e-19,-0.05150762043310338,0.9922738569350344,0.15,2023-08-31
2023-08-31,2023-09-01,2023-09-29,Equity - Minimum Variance,Equity - Minimum Variance Sentiment Tilt,Equity,sentiment_tilt,Sentiment Tilt,SO,Utilities,Equity,0.0,0.0,0.32990131117995314,1.049485196676993,0.15,2023-08-31
2023-08-31,2023-09-01,2023-09-29,Equity - Minimum Variance,Equity - Minimum Variance Sentiment Tilt,Equity,sentiment_tilt,Sentiment Tilt,T,Comm,Equity,0.027850275119064037,0.02567580052420324,0.060187843150712926,1.009028176472607,0.15,2023-08-31
2023-08-31,2023-09-01,2023-09-29,Equity - Minimum Variance,Equity - Minimum Variance Sentiment Tilt,Equity,sentiment_tilt,Sentiment Tilt,TMUS,Comm,Equity,0.0,0.0,0.060187843150712926,1.009028176472607,0.15,2023-08-31
2023-08-31,2023-09-01,2023-09-29,Equity - Minimum Variance,Equity - Minimum Variance Sentiment Tilt,Equity,sentiment_tilt,Sentiment Tilt,TTWO,Comm,Equity,0.032661922829653696,0.03011176771956038,0.060187843150712926,1.009028176472607,0.15,2023-08-31
2023-08-31,2023-09-01,2023-09-29,Equity - Minimum Variance,Equity - Minimum Variance Sentiment Tilt,Equity,sentiment_tilt,Sentiment Tilt,UPS,Industrials,Equity,0.01311903936907943,0.01166464983250728,-0.1790198051909751,0.9731470292213538,0.15,2023-08-31
2023-08-31,2023-09-01,2023-09-29,Equity - Minimum Variance,Equity - Minimum Variance Sentiment Tilt,Equity,sentiment_tilt,Sentiment Tilt,USB,Financials,Equity,0.0,0.0,0.02299811701160363,1.0034497175517405,0.15,2023-08-31
2023-08-31,2023-09-01,2023-09-29,Equity - Minimum Variance,Equity - Minimum Variance Sentiment Tilt,Equity,sentiment_tilt,Sentiment Tilt,V,Financials,Equity,2.3342718112643333e-18,2.140120613048804e-18,0.02299811701160363,1.0034497175517405,0.15,2023-08-31
2023-08-31,2023-09-01,2023-09-29,Equity - Minimum Variance,Equity - Minimum Variance Sentiment Tilt,Equity,sentiment_tilt,Sentiment Tilt,WFC,Financials,Equity,0.0,0.0,0.02299811701160363,1.0034497175517405,0.15,2023-08-31
2023-08-31,2023-09-01,2023-09-29,Equity - Minimum Variance,Equity - Minimum Variance Sentiment Tilt,Equity,sentiment_tilt,Sentiment Tilt,WMT,Consumer,Equity,0.19881002260759917,0.22044138602439212,1.423777959475432,1.2135666939213148,0.15,2023-08-31
2023-08-31,2023-09-01,2023-09-29,Equity - Minimum Variance,Equity - Minimum Variance Sentiment Tilt,Equity,sentiment_tilt,Sentiment Tilt,XOM,Energy,Equity,0.0,0.0,-0.05150762043310338,0.9922738569350344,0.15,2023-08-31
2023-09-29,2023-10-02,2023-10-31,Equity - Minimum Variance,Equity - Minimum Variance Sentiment Tilt,Equity,sentiment_tilt,Sentiment Tilt,ABBV,Healthcare,Equity,0.12042570314520704,0.1155315929973392,0.24457620634993557,1.0366864309524904,0.15,2023-09-29
2023-09-29,2023-10-02,2023-10-31,Equity - Minimum Variance,Equity - Minimum Variance Sentiment Tilt,Equity,sentiment_tilt,Sentiment Tilt,ABT,Healthcare,Equity,8.322050268669102e-18,7.98384148427156e-18,0.24457620634993557,1.0366864309524904,0.15,2023-09-29
2023-09-29,2023-10-02,2023-10-31,Equity - Minimum Variance,Equity - Minimum Variance Sentiment Tilt,Equity,sentiment_tilt,Sentiment Tilt,ADBE,Tech,Equity,0.0,0.0,-0.5743117672360933,0.913853234914586,0.15,2023-09-29
2023-09-29,2023-10-02,2023-10-31,Equity - Minimum Variance,Equity - Minimum Variance Sentiment Tilt,Equity,sentiment_tilt,Sentiment Tilt,AEP,Utilities,Equity,0.0,0.0,1.7747998807295475,1.266219982109432,0.15,2023-09-29
2023-09-29,2023-10-02,2023-10-31,Equity - Minimum Variance,Equity - Minimum Variance Sentiment Tilt,Equity,sentiment_tilt,Sentiment Tilt,AMD,Tech,Equity,9.842097467395306e-19,8.323352195187874e-19,-0.5743117672360933,0.913853234914586,0.15,2023-09-29
2023-09-29,2023-10-02,2023-10-31,Equity - Minimum Variance,Equity - Minimum Variance Sentiment Tilt,Equity,sentiment_tilt,Sentiment Tilt,AMGN,Healthcare,Equity,9.232741934446652e-18,8.857522568365512e-18,0.24457620634993557,1.0366864309524904,0.15,2023-09-29
2023-09-29,2023-10-02,2023-10-31,Equity - Minimum Variance,Equity - Minimum Variance Sentiment Tilt,Equity,sentiment_tilt,Sentiment Tilt,AMT,RealEstate,Equity,7.183158126608608e-18,7.055265426074549e-18,0.4090838921971833,1.0613625838295775,0.15,2023-09-29
2023-09-29,2023-10-02,2023-10-31,Equity - Minimum Variance,Equity - Minimum Variance Sentiment Tilt,Equity,sentiment_tilt,Sentiment Tilt,BA,Industrials,Equity,0.0,0.0,0.6412822021641421,1.0961923303246213,0.15,2023-09-29
2023-09-29,2023-10-02,2023-10-31,Equity - Minimum Variance,Equity - Minimum Variance Sentiment Tilt,Equity,sentiment_tilt,Sentiment Tilt,CAT,Industrials,Equity,1.5626424230594195e-17,1.5851870885550764e-17,0.6412822021641421,1.0961923303246213,0.15,2023-09-29
2023-09-29,2023-10-02,2023-10-31,Equity - Minimum Variance,Equity - Minimum Variance Sentiment Tilt,Equity,sentiment_tilt,Sentiment Tilt,CCI,RealEstate,Equity,8.5933090735049e-18,8.440309308699046e-18,0.4090838921971833,1.0613625838295775,0.15,2023-09-29
2023-09-29,2023-10-02,2023-10-31,Equity - Minimum Variance,Equity - Minimum Variance Sentiment Tilt,Equity,sentiment_tilt,Sentiment Tilt,CMCSA,Comm,Equity,1.578031747273348e-17,1.898424129383273e-17,2.0,1.3,0.15,2023-09-29
2023-09-29,2023-10-02,2023-10-31,Equity - Minimum Variance,Equity - Minimum Variance Sentiment Tilt,Equity,sentiment_tilt,Sentiment Tilt,COP,Energy,Equity,7.810974506645048e-19,7.533675045287778e-19,0.2815963143053942,1.0422394471458092,0.15,2023-09-29
2023-09-29,2023-10-02,2023-10-31,Equity - Minimum Variance,Equity - Minimum Variance Sentiment Tilt,Equity,sentiment_tilt,Sentiment Tilt,CVX,Energy,Equity,4.929347490721055e-18,4.7543494283337185e-18,0.2815963143053942,1.0422394471458092,0.15,2023-09-29
2023-09-29,2023-10-02,2023-10-31,Equity - Minimum Variance,Equity - Minimum Variance Sentiment Tilt,Equity,sentiment_tilt,Sentiment Tilt,D,Utilities,Equity,2.996427468015933e-19,3.5111314511657107e-19,1.7747998807295475,1.266219982109432,0.15,2023-09-29
2023-09-29,2023-10-02,2023-10-31,Equity - Minimum Variance,Equity - Minimum Variance Sentiment Tilt,Equity,sentiment_tilt,Sentiment Tilt,DD,Materials,Equity,0.0,0.0,-0.7435670938128695,0.8884649359280696,0.15,2023-09-29
2023-09-29,2023-10-02,2023-10-31,Equity - Minimum Variance,Equity - Minimum Variance Sentiment Tilt,Equity,sentiment_tilt,Sentiment Tilt,DIS,Consumer,Equity,2.2679383562347964e-17,2.232750310846023e-17,0.4255745271377218,1.0638361790706583,0.15,2023-09-29
2023-09-29,2023-10-02,2023-10-31,Equity - Minimum Variance,Equity - Minimum Variance Sentiment Tilt,Equity,sentiment_tilt,Sentiment Tilt,DOW,Materials,Equity,0.0,0.0,-0.7435670938128695,0.8884649359280696,0.15,2023-09-29
2023-09-29,2023-10-02,2023-10-31,Equity - Minimum Variance,Equity - Minimum Variance Sentiment Tilt,Equity,sentiment_tilt,Sentiment Tilt,DUK,Utilities,Equity,6.4491603611496565e-18,7.55694907330337e-18,1.7747998807295475,1.266219982109432,0.15,2023-09-29
2023-09-29,2023-10-02,2023-10-31,Equity - Minimum Variance,Equity - Minimum Variance Sentiment Tilt,Equity,sentiment_tilt,Sentiment Tilt,EA,Comm,Equity,0.10291115203386901,0.123805502988962,2.0,1.3,0.15,2023-09-29
2023-09-29,2023-10-02,2023-10-31,Equity - Minimum Variance,Equity - Minimum Variance Sentiment Tilt,Equity,sentiment_tilt,Sentiment Tilt,GE,Industrials,Equity,0.0,0.0,0.6412822021641421,1.0961923303246213,0.15,2023-09-29
2023-09-29,2023-10-02,2023-10-31,Equity - Minimum Variance,Equity - Minimum Variance Sentiment Tilt,Equity,sentiment_tilt,Sentiment Tilt,GILD,Healthcare,Equity,0.1067277619182245,0.1023903371906032,0.24457620634993557,1.0366864309524904,0.15,2023-09-29
2023-09-29,2023-10-02,2023-10-31,Equity - Minimum Variance,Equity - Minimum Variance Sentiment Tilt,Equity,sentiment_tilt,Sentiment Tilt,GS,Financials,Equity,0.0,0.0,0.8806258698996002,1.13209388048494,0.15,2023-09-29
2023-09-29,2023-10-02,2023-10-31,Equity - Minimum Variance,Equity - Minimum Variance Sentiment Tilt,Equity,sentiment_tilt,Sentiment Tilt,INTC,Tech,Equity,0.0,0.0,-0.5743117672360933,0.913853234914586,0.15,2023-09-29
2023-09-29,2023-10-02,2023-10-31,Equity - Minimum Variance,Equity - Minimum Variance Sentiment Tilt,Equity,sentiment_tilt,Sentiment Tilt,KO,Consumer,Equity,0.0973421043503558,0.09583179946190828,0.4255745271377218,1.0638361790706583,0.15,2023-09-29
2023-09-29,2023-10-02,2023-10-31,Equity - Minimum Variance,Equity - Minimum Variance Sentiment Tilt,Equity,sentiment_tilt,Sentiment Tilt,MMM,Industrials,Equity,0.0493574750885377,0.05006956875063265,0.6412822021641421,1.0961923303246213,0.15,2023-09-29
2023-09-29,2023-10-02,2023-10-31,Equity - Minimum Variance,Equity - Minimum Variance Sentiment Tilt,Equity,sentiment_tilt,Sentiment Tilt,MRK,Healthcare,Equity,0.11757595690514293,0.1127976606709836,0.24457620634993557,1.0366864309524904,0.15,2023-09-29
2023-09-29,2023-10-02,2023-10-31,Equity - Minimum Variance,Equity - Minimum Variance Sentiment Tilt,Equity,sentiment_tilt,Sentiment Tilt,MS,Financials,Equity,1.2890760905631805e-17,1.3505017547882608e-17,0.8806258698996002,1.13209388048494,0.15,2023-09-29
2023-09-29,2023-10-02,2023-10-31,Equity - Minimum Variance,Equity - Minimum Variance Sentiment Tilt,Equity,sentiment_tilt,Sentiment Tilt,NEE,Utilities,Equity,0.0,0.0,1.7747998807295475,1.266219982109432,0.15,2023-09-29
2023-09-29,2023-10-02,2023-10-31,Equity - Minimum Variance,Equity - Minimum Variance Sentiment Tilt,Equity,sentiment_tilt,Sentiment Tilt,NEM,Materials,Equity,0.08135841325158923,0.06689242174081796,-0.7435670938128695,0.8884649359280696,0.15,2023-09-29
2023-09-29,2023-10-02,2023-10-31,Equity - Minimum Variance,Equity - Minimum Variance Sentiment Tilt,Equity,sentiment_tilt,Sentiment Tilt,NKE,Consumer,Equity,4.315117125310458e-18,4.2481662150946346e-18,0.4255745271377218,1.0638361790706583,0.15,2023-09-29
2023-09-29,2023-10-02,2023-10-31,Equity - Minimum Variance,Equity - Minimum Variance Sentiment Tilt,Equity,sentiment_tilt,Sentiment Tilt,NUE,Materials,Equity,0.0,0.0,-0.7435670938128695,0.8884649359280696,0.15,2023-09-29
2023-09-29,2023-10-02,2023-10-31,Equity - Minimum Variance,Equity - Minimum Variance Sentiment Tilt,Equity,sentiment_tilt,Sentiment Tilt,NVDA,Tech,Equity,0.0,0.0,-0.5743117672360933,0.913853234914586,0.15,2023-09-29
2023-09-29,2023-10-02,2023-10-31,Equity - Minimum Variance,Equity - Minimum Variance Sentiment Tilt,Equity,sentiment_tilt,Sentiment Tilt,O,RealEstate,Equity,1.2940890929843558e-18,1.2710484546027003e-18,0.4090838921971833,1.0613625838295775,0.15,2023-09-29
2023-09-29,2023-10-02,2023-10-31,Equity - Minimum Variance,Equity - Minimum Variance Sentiment Tilt,Equity,sentiment_tilt,Sentiment Tilt,OXY,Energy,Equity,8.179726292874587e-18,7.889335677320232e-18,0.2815963143053942,1.0422394471458092,0.15,2023-09-29
2023-09-29,2023-10-02,2023-10-31,Equity - Minimum Variance,Equity - Minimum Variance Sentiment Tilt,Equity,sentiment_tilt,Sentiment Tilt,PLD,RealEstate,Equity,1.5642747450180696e-17,1.536423580113805e-17,0.4090838921971833,1.0613625838295775,0.15,2023-09-29
2023-09-29,2023-10-02,2023-10-31,Equity - Minimum Variance,Equity - Minimum Variance Sentiment Tilt,Equity,sentiment_tilt,Sentiment Tilt,PSA,RealEstate,Equity,0.051761133818339335,0.05083955154630078,0.4090838921971833,1.0613625838295775,0.15,2023-09-29
2023-09-29,2023-10-02,2023-10-31,Equity - Minimum Variance,Equity - Minimum Variance Sentiment Tilt,Equity,sentiment_tilt,Sentiment Tilt,QCOM,Tech,Equity,1.0894607403147157e-18,9.213448123745636e-19,-0.5743117672360933,0.913853234914586,0.15,2023-09-29
2023-09-29,2023-10-02,2023-10-31,Equity - Minimum Variance,Equity - Minimum Variance Sentiment Tilt,Equity,sentiment_tilt,Sentiment Tilt,SBUX,Consumer,Equity,2.847195923793705e-18,2.803020446483328e-18,0.4255745271377218,1.0638361790706583,0.15,2023-09-29
2023-09-29,2023-10-02,2023-10-31,Equity - Minimum Variance,Equity - Minimum Variance Sentiment Tilt,Equity,sentiment_tilt,Sentiment Tilt,SHW,Materials,Equity,4.117914105456534e-18,3.385725409649394e-18,-0.7435670938128695,0.8884649359280696,0.15,2023-09-29
2023-09-29,2023-10-02,2023-10-31,Equity - Minimum Variance,Equity - Minimum Variance Sentiment Tilt,Equity,sentiment_tilt,Sentiment Tilt,SLB,Energy,Equity,0.0,0.0,0.2815963143053942,1.0422394471458092,0.15,2023-09-29
2023-09-29,2023-10-02,2023-10-31,Equity - Minimum Variance,Equity - Minimum Variance Sentiment Tilt,Equity,sentiment_tilt,Sentiment Tilt,SO,Utilities,Equity,0.0,0.0,1.7747998807295475,1.266219982109432,0.15,2023-09-29
2023-09-29,2023-10-02,2023-10-31,Equity - Minimum Variance,Equity - Minimum Variance Sentiment Tilt,Equity,sentiment_tilt,Sentiment Tilt,T,Comm,Equity,0.028287707539002553,0.034031043196545555,2.0,1.3,0.15,2023-09-29
2023-09-29,2023-10-02,2023-10-31,Equity - Minimum Variance,Equity - Minimum Variance Sentiment Tilt,Equity,sentiment_tilt,Sentiment Tilt,TMUS,Comm,Equity,1.2114602779441089e-17,1.4574265868936778e-17,2.0,1.3,0.15,2023-09-29
2023-09-29,2023-10-02,2023-10-31,Equity - Minimum Variance,Equity - Minimum Variance Sentiment Tilt,Equity,sentiment_tilt,Sentiment Tilt,TTWO,Comm,Equity,0.031911039869832826,0.03839003124447816,2.0,1.3,0.15,2023-09-29
2023-09-29,2023-10-02,2023-10-31,Equity - Minimum Variance,Equity - Minimum Variance Sentiment Tilt,Equity,sentiment_tilt,Sentiment Tilt,UPS,Industrials,Equity,0.01247413185551311,0.012654099534542752,0.6412822021641421,1.0961923303246213,0.15,2023-09-29
2023-09-29,2023-10-02,2023-10-31,Equity - Minimum Variance,Equity - Minimum Variance Sentiment Tilt,Equity,sentiment_tilt,Sentiment Tilt,USB,Financials,Equity,0.0,0.0,0.8806258698996002,1.13209388048494,0.15,2023-09-29
2023-09-29,2023-10-02,2023-10-31,Equity - Minimum Variance,Equity - Minimum Variance Sentiment Tilt,Equity,sentiment_tilt,Sentiment Tilt,V,Financials,Equity,0.0,0.0,0.8806258698996002,1.13209388048494,0.15,2023-09-29
2023-09-29,2023-10-02,2023-10-31,Equity - Minimum Variance,Equity - Minimum Variance Sentiment Tilt,Equity,sentiment_tilt,Sentiment Tilt,WFC,Financials,Equity,0.0,0.0,0.8806258698996002,1.13209388048494,0.15,2023-09-29
2023-09-29,2023-10-02,2023-10-31,Equity - Minimum Variance,Equity - Minimum Variance Sentiment Tilt,Equity,sentiment_tilt,Sentiment Tilt,WMT,Consumer,Equity,0.19986742022438572,0.1967663906768857,0.4255745271377218,1.0638361790706583,0.15,2023-09-29
2023-09-29,2023-10-02,2023-10-31,Equity - Minimum Variance,Equity - Minimum Variance Sentiment Tilt,Equity,sentiment_tilt,Sentiment Tilt,XOM,Energy,Equity,2.7193154351370072e-17,2.6227763023076147e-17,0.2815963143053942,1.0422394471458092,0.15,2023-09-29
2023-10-31,2023-11-01,2023-11-30,Equity - Minimum Variance,Equity - Minimum Variance Sentiment Tilt,Equity,sentiment_tilt,Sentiment Tilt,ABBV,Healthcare,Equity,0.11862091630285719,0.11816239480062882,0.27034454418415776,1.0405516816276237,0.15,2023-10-31
2023-10-31,2023-11-01,2023-11-30,Equity - Minimum Variance,Equity - Minimum Variance Sentiment Tilt,Equity,sentiment_tilt,Sentiment Tilt,ABT,Healthcare,Equity,1.0956090997257173e-19,1.0913740934054262e-19,0.27034454418415776,1.0405516816276237,0.15,2023-10-31
2023-10-31,2023-11-01,2023-11-30,Equity - Minimum Variance,Equity - Minimum Variance Sentiment Tilt,Equity,sentiment_tilt,Sentiment Tilt,ADBE,Tech,Equity,0.0,0.0,0.043624614340990964,1.0065436921511486,0.15,2023-10-31
2023-10-31,2023-11-01,2023-11-30,Equity - Minimum Variance,Equity - Minimum Variance Sentiment Tilt,Equity,sentiment_tilt,Sentiment Tilt,AEP,Utilities,Equity,0.0,0.0,-0.643554676975799,0.9034667984536302,0.15,2023-10-31
2023-10-31,2023-11-01,2023-11-30,Equity - Minimum Variance,Equity - Minimum Variance Sentiment Tilt,Equity,sentiment_tilt,Sentiment Tilt,AMD,Tech,Equity,0.0,0.0,0.043624614340990964,1.0065436921511486,0.15,2023-10-31
2023-10-31,2023-11-01,2023-11-30,Equity - Minimum Variance,Equity - Minimum Variance Sentiment Tilt,Equity,sentiment_tilt,Sentiment Tilt,AMGN,Healthcare,Equity,2.11098401736101e-18,2.102824144777079e-18,0.27034454418415776,1.0405516816276237,0.15,2023-10-31
2023-10-31,2023-11-01,2023-11-30,Equity - Minimum Variance,Equity - Minimum Variance Sentiment Tilt,Equity,sentiment_tilt,Sentiment Tilt,AMT,RealEstate,Equity,0.0,0.0,-0.0020545209938112375,0.9996918218509283,0.15,2023-10-31
2023-10-31,2023-11-01,2023-11-30,Equity - Minimum Variance,Equity - Minimum Variance Sentiment Tilt,Equity,sentiment_tilt,Sentiment Tilt,BA,Industrials,Equity,5.200669236263057e-18,5.112012067897438e-18,0.17854723303955544,1.0267820849559333,0.15,2023-10-31
2023-10-31,2023-11-01,2023-11-30,Equity - Minimum Variance,Equity - Minimum Variance Sentiment Tilt,Equity,sentiment_tilt,Sentiment Tilt,CAT,Industrials,Equity,0.0,0.0,0.17854723303955544,1.0267820849559333,0.15,2023-10-31
2023-10-31,2023-11-01,2023-11-30,Equity - Minimum Variance,Equity - Minimum Variance Sentiment Tilt,Equity,sentiment_tilt,Sentiment Tilt,CCI,RealEstate,Equity,1.0029728748004844e-17,9.598639509489637e-18,-0.0020545209938112375,0.9996918218509283,0.15,2023-10-31
2023-10-31,2023-11-01,2023-11-30,Equity - Minimum Variance,Equity - Minimum Variance Sentiment Tilt,Equity,sentiment_tilt,Sentiment Tilt,CMCSA,Comm,Equity,5.2098135994921806e-18,4.933761142232581e-18,-0.07173466981377921,0.9892397995279332,0.15,2023-10-31
2023-10-31,2023-11-01,2023-11-30,Equity - Minimum Variance,Equity - Minimum Variance Sentiment Tilt,Equity,sentiment_tilt,Sentiment Tilt,COP,Energy,Equity,1.5589660884724097e-17,1.738611248345898e-17,1.0997413578836663,1.1649612036825499,0.15,2023-10-31
2023-10-31,2023-11-01,2023-11-30,Equity - Minimum Variance,Equity - Minimum Variance Sentiment Tilt,Equity,sentiment_tilt,Sentiment Tilt,CVX,Energy,Equity,0.0,0.0,1.0997413578836663,1.1649612036825499,0.15,2023-10-31
2023-10-31,2023-11-01,2023-11-30,Equity - Minimum Variance,Equity - Minimum Variance Sentiment Tilt,Equity,sentiment_tilt,Sentiment Tilt,D,Utilities,Equity,1.3459599754579216e-18,1.164122537244025e-18,-0.643554676975799,0.9034667984536302,0.15,2023-10-31
2023-10-31,2023-11-01,2023-11-30,Equity - Minimum Variance,Equity - Minimum Variance Sentiment Tilt,Equity,sentiment_tilt,Sentiment Tilt,DD,Materials,Equity,7.555115786001677e-18,6.4177986551651435e-18,-0.7510591790049413,0.8873411231492588,0.15,2023-10-31
2023-10-31,2023-11-01,2023-11-30,Equity - Minimum Variance,Equity - Minimum Variance Sentiment Tilt,Equity,sentiment_tilt,Sentiment Tilt,DIS,Consumer,Equity,0.0,0.0,0.8865124815968934,1.132976872239534,0.15,2023-10-31
2023-10-31,2023-11-01,2023-11-30,Equity - Minimum Variance,Equity - Minimum Variance Sentiment Tilt,Equity,sentiment_tilt,Sentiment Tilt,DOW,Materials,Equity,5.923069888550196e-18,5.031434466645534e-18,-0.7510591790049413,0.8873411231492588,0.15,2023-10-31
2023-10-31,2023-11-01,2023-11-30,Equity - Minimum Variance,Equity - Minimum Variance Sentiment Tilt,Equity,sentiment_tilt,Sentiment Tilt,DUK,Utilities,Equity,4.001430543819401e-18,3.460842493248721e-18,-0.643554676975799,0.9034667984536302,0.15,2023-10-31
2023-10-31,2023-11-01,2023-11-30,Equity - Minimum Variance,Equity - Minimum Variance Sentiment Tilt,Equity,sentiment_tilt,Sentiment Tilt,EA,Comm,Equity,0.10237673425608952,0.09695209697917019,-0.07173466981377921,0.9892397995279332,0.15,2023-10-31
2023-10-31,2023-11-01,2023-11-30,Equity - Minimum Variance,Equity - Minimum Variance Sentiment Tilt,Equity,sentiment_tilt,Sentiment Tilt,GE,Industrials,Equity,0.0,0.0,0.17854723303955544,1.0267820849559333,0.15,2023-10-31
2023-10-31,2023-11-01,2023-11-30,Equity - Minimum Variance,Equity - Minimum Variance Sentiment Tilt,Equity,sentiment_tilt,Sentiment Tilt,GILD,Healthcare,Equity,0.10394451153289956,0.10354272072684327,0.27034454418415776,1.0405516816276237,0.15,2023-10-31
2023-10-31,2023-11-01,2023-11-30,Equity - Minimum Variance,Equity - Minimum Variance Sentiment Tilt,Equity,sentiment_tilt,Sentiment Tilt,GS,Financials,Equity,5.77910050127768e-18,5.6115596058565145e-18,0.09537308979002194,1.0143059634685032,0.15,2023-10-31
2023-10-31,2023-11-01,2023-11-30,Equity - Minimum Variance,Equity - Minimum Variance Sentiment Tilt,Equity,sentiment_tilt,Sentiment Tilt,INTC,Tech,Equity,1.3222075337294852e-17,1.2740504138673528e-17,0.043624614340990964,1.0065436921511486,0.15,2023-10-31
2023-10-31,2023-11-01,2023-11-30,Equity - Minimum Variance,Equity - Minimum Variance Sentiment Tilt,Equity,sentiment_tilt,Sentiment Tilt,KO,Consumer,Equity,0.09714818524194802,0.10536832861732177,0.8865124815968934,1.132976872239534,0.15,2023-10-31
2023-10-31,2023-11-01,2023-11-30,Equity - Minimum Variance,Equity - Minimum Variance Sentiment Tilt,Equity,sentiment_tilt,Sentiment Tilt,MMM,Industrials,Equity,0.04413069104599869,0.04337838361624037,0.17854723303955544,1.0267820849559333,0.15,2023-10-31
2023-10-31,2023-11-01,2023-11-30,Equity - Minimum Variance,Equity - Minimum Variance Sentiment Tilt,Equity,sentiment_tilt,Sentiment Tilt,MRK,Healthcare,Equity,0.12304512668787951,0.12256950368572059,0.27034454418415776,1.0405516816276237,0.15,2023-10-31
2023-10-31,2023-11-01,2023-11-30,Equity - Minimum Variance,Equity - Minimum Variance Sentiment Tilt,Equity,sentiment_tilt,Sentiment Tilt,MS,Financials,Equity,4.928161561904625e-18,4.785290088968806e-18,0.09537308979002194,1.0143059634685032,0.15,2023-10-31
2023-10-31,2023-11-01,2023-11-30,Equity - Minimum Variance,Equity - Minimum Variance Sentiment Tilt,Equity,sentiment_tilt,Sentiment Tilt,NEE,Utilities,Equity,1.613809350719346e-17,1.395785811051608e-17,-0.643554676975799,0.9034667984536302,0.15,2023-10-31
2023-10-31,2023-11-01,2023-11-30,Equity - Minimum Variance,Equity - Minimum Variance Sentiment Tilt,Equity,sentiment_tilt,Sentiment Tilt,NEM,Materials,Equity,0.08105991239905046,0.06885747505634786,-0.7510591790049413,0.8873411231492588,0.15,2023-10-31
2023-10-31,2023-11-01,2023-11-30,Equity - Minimum Variance,Equity - Minimum Variance Sentiment Tilt,Equity,sentiment_tilt,Sentiment Tilt,NKE,Consumer,Equity,0.0,0.0,0.8865124815968934,1.132976872239534,0.15,2023-10-31
2023-10-31,2023-11-01,2023-11-30,Equity - Minimum Variance,Equity - Minimum Variance Sentiment Tilt,Equity,sentiment_tilt,Sentiment Tilt,NUE,Materials,Equity,0.0,0.0,-0.7510591790049413,0.8873411231492588,0.15,2023-10-31
2023-10-31,2023-11-01,2023-11-30,Equity - Minimum Variance,Equity - Minimum Variance Sentiment Tilt,Equity,sentiment_tilt,Sentiment Tilt,NVDA,Tech,Equity,0.0,0.0,0.043624614340990964,1.0065436921511486,0.15,2023-10-31
2023-10-31,2023-11-01,2023-11-30,Equity - Minimum Variance,Equity - Minimum Variance Sentiment Tilt,Equity,sentiment_tilt,Sentiment Tilt,O,RealEstate,Equity,0.0,0.0,-0.0020545209938112375,0.9996918218509283,0.15,2023-10-31
2023-10-31,2023-11-01,2023-11-30,Equity - Minimum Variance,Equity - Minimum Variance Sentiment Tilt,Equity,sentiment_tilt,Sentiment Tilt,OXY,Energy,Equity,0.0,0.0,1.0997413578836663,1.1649612036825499,0.15,2023-10-31
2023-10-31,2023-11-01,2023-11-30,Equity - Minimum Variance,Equity - Minimum Variance Sentiment Tilt,Equity,sentiment_tilt,Sentiment Tilt,PLD,RealEstate,Equity,0.0,0.0,-0.0020545209938112375,0.9996918218509283,0.15,2023-10-31
2023-10-31,2023-11-01,2023-11-30,Equity - Minimum Variance,Equity - Minimum Variance Sentiment Tilt,Equity,sentiment_tilt,Sentiment Tilt,PSA,RealEstate,Equity,0.05107684628325312,0.0488815048813846,-0.0020545209938112375,0.9996918218509283,0.15,2023-10-31
2023-10-31,2023-11-01,2023-11-30,Equity - Minimum Variance,Equity - Minimum Variance Sentiment Tilt,Equity,sentiment_tilt,Sentiment Tilt,QCOM,Tech,Equity,0.0,0.0,0.043624614340990964,1.0065436921511486,0.15,2023-10-31
2023-10-31,2023-11-01,2023-11-30,Equity - Minimum Variance,Equity - Minimum Variance Sentiment Tilt,Equity,sentiment_tilt,Sentiment Tilt,SBUX,Consumer,Equity,0.0,0.0,0.8865124815968934,1.132976872239534,0.15,2023-10-31
2023-10-31,2023-11-01,2023-11-30,Equity - Minimum Variance,Equity - Minimum Variance Sentiment Tilt,Equity,sentiment_tilt,Sentiment Tilt,SHW,Materials,Equity,0.0,0.0,-0.7510591790049413,0.8873411231492588,0.15,2023-10-31
2023-10-31,2023-11-01,2023-11-30,Equity - Minimum Variance,Equity - Minimum Variance Sentiment Tilt,Equity,sentiment_tilt,Sentiment Tilt,SLB,Energy,Equity,0.0,0.0,1.0997413578836663,1.1649612036825499,0.15,2023-10-31
2023-10-31,2023-11-01,2023-11-30,Equity - Minimum Variance,Equity - Minimum Variance Sentiment Tilt,Equity,sentiment_tilt,Sentiment Tilt,SO,Utilities,Equity,2.7541777438608017e-18,2.3820919207597162e-18,-0.643554676975799,0.9034667984536302,0.15,2023-10-31
2023-10-31,2023-11-01,2023-11-30,Equity - Minimum Variance,Equity - Minimum Variance Sentiment Tilt,Equity,sentiment_tilt,Sentiment Tilt,T,Comm,Equity,0.030933180163845633,0.029294123366129143,-0.07173466981377921,0.9892397995279332,0.15,2023-10-31
2023-10-31,2023-11-01,2023-11-30,Equity - Minimum Variance,Equity - Minimum Variance Sentiment Tilt,Equity,sentiment_tilt,Sentiment Tilt,TMUS,Comm,Equity,0.0,0.0,-0.07173466981377921,0.9892397995279332,0.15,2023-10-31
2023-10-31,2023-11-01,2023-11-30,Equity - Minimum Variance,Equity - Minimum Variance Sentiment Tilt,Equity,sentiment_tilt,Sentiment Tilt,TTWO,Comm,Equity,0.03221432741336558,0.03050738645058494,-0.07173466981377921,0.9892397995279332,0.15,2023-10-31
2023-10-31,2023-11-01,2023-11-30,Equity - Minimum Variance,Equity - Minimum Variance Sentiment Tilt,Equity,sentiment_tilt,Sentiment Tilt,UPS,Industrials,Equity,0.011741294913826387,0.011541137989262297,0.17854723303955544,1.0267820849559333,0.15,2023-10-31
2023-10-31,2023-11-01,2023-11-30,Equity - Minimum Variance,Equity - Minimum Variance Sentiment Tilt,Equity,sentiment_tilt,Sentiment Tilt,USB,Financials,Equity,0.0,0.0,0.09537308979002194,1.0143059634685032,0.15,2023-10-31
2023-10-31,2023-11-01,2023-11-30,Equity - Minimum Variance,Equity - Minimum Variance Sentiment Tilt,Equity,sentiment_tilt,Sentiment Tilt,V,Financials,Equity,1.4271411976964366e-18,1.3857671959635314e-18,0.09537308979002194,1.0143059634685032,0.15,2023-10-31
2023-10-31,2023-11-01,2023-11-30,Equity - Minimum Variance,Equity - Minimum Variance Sentiment Tilt,Equity,sentiment_tilt,Sentiment Tilt,WFC,Financials,Equity,5.620603227043543e-18,5.457657298475978e-18,0.09537308979002194,1.0143059634685032,0.15,2023-10-31
2023-10-31,2023-11-01,2023-11-30,Equity - Minimum Variance,Equity - Minimum Variance Sentiment Tilt,Equity,sentiment_tilt,Sentiment Tilt,WMT,Consumer,Equity,0.2037082737589862,0.22094494383036606,0.8865124815968934,1.132976872239534,0.15,2023-10-31
2023-10-31,2023-11-01,2023-11-30,Equity - Minimum Variance,Equity - Minimum Variance Sentiment Tilt,Equity,sentiment_tilt,Sentiment Tilt,XOM,Energy,Equity,4.2668249647183135e-18,4.7585062518270675e-18,1.0997413578836663,1.1649612036825499,0.15,2023-10-31
2023-11-30,2023-12-01,2023-12-29,Equity - Minimum Variance,Equity - Minimum Variance Sentiment Tilt,Equity,sentiment_tilt,Sentiment Tilt,ABBV,Healthcare,Equity,0.11873564802917183,0.1158616237579349,-0.32937404296883666,0.9505938935546745,0.15,2023-11-30
2023-11-30,2023-12-01,2023-12-29,Equity - Minimum Variance,Equity - Minimum Variance Sentiment Tilt,Equity,sentiment_tilt,Sentiment Tilt,ABT,Healthcare,Equity,7.85791562632756e-18,7.667712931465029e-18,-0.32937404296883666,0.9505938935546745,0.15,2023-11-30
2023-11-30,2023-12-01,2023-12-29,Equity - Minimum Variance,Equity - Minimum Variance Sentiment Tilt,Equity,sentiment_tilt,Sentiment Tilt,ADBE,Tech,Equity,5.869053935782935e-18,5.59225236106749e-18,-0.4784724132355589,0.9282291380146661,0.15,2023-11-30
2023-11-30,2023-12-01,2023-12-29,Equity - Minimum Variance,Equity - Minimum Variance Sentiment Tilt,Equity,sentiment_tilt,Sentiment Tilt,AEP,Utilities,Equity,0.0,0.0,1.097983001039234,1.164697450155885,0.15,2023-11-30
2023-11-30,2023-12-01,2023-12-29,Equity - Minimum Variance,Equity - Minimum Variance Sentiment Tilt,Equity,sentiment_tilt,Sentiment Tilt,AMD,Tech,Equity,0.0,0.0,-0.4784724132355589,0.9282291380146661,0.15,2023-11-30
2023-11-30,2023-12-01,2023-12-29,Equity - Minimum Variance,Equity - Minimum Variance Sentiment Tilt,Equity,sentiment_tilt,Sentiment Tilt,AMGN,Healthcare,Equity,1.5532738434264718e-17,1.515676484924766e-17,-0.32937404296883666,0.9505938935546745,0.15,2023-11-30
2023-11-30,2023-12-01,2023-12-29,Equity - Minimum Variance,Equity - Minimum Variance Sentiment Tilt,Equity,sentiment_tilt,Sentiment Tilt,AMT,RealEstate,Equity,3.0894770507566053e-18,3.0446342874688047e-18,-0.2664387817126726,0.9600341827430992,0.15,2023-11-30
2023-11-30,2023-12-01,2023-12-29,Equity - Minimum Variance,Equity - Minimum Variance Sentiment Tilt,Equity,sentiment_tilt,Sentiment Tilt,BA,Industrials,Equity,1.5262745173647273e-18,1.5193214193257973e-18,-0.20175962632692163,0.9697360560509618,0.15,2023-11-30
2023-11-30,2023-12-01,2023-12-29,Equity - Minimum Variance,Equity - Minimum Variance Sentiment Tilt,Equity,sentiment_tilt,Sentiment Tilt,CAT,Industrials,Equity,0.0,0.0,-0.20175962632692163,0.9697360560509618,0.15,2023-11-30
2023-11-30,2023-12-01,2023-12-29,Equity - Minimum Variance,Equity - Minimum Variance Sentiment Tilt,Equity,sentiment_tilt,Sentiment Tilt,CCI,RealEstate,Equity,0.0,0.0,-0.2664387817126726,0.9600341827430992,0.15,2023-11-30
2023-11-30,2023-12-01,2023-12-29,Equity - Minimum Variance,Equity - Minimum Variance Sentiment Tilt,Equity,sentiment_tilt,Sentiment Tilt,CMCSA,Comm,Equity,0.0,0.0,1.0193868981286676,1.1529080347193001,0.15,2023-11-30
2023-11-30,2023-12-01,2023-12-29,Equity - Minimum Variance,Equity - Minimum Variance Sentiment Tilt,Equity,sentiment_tilt,Sentiment Tilt,COP,Energy,Equity,6.34287622629235e-18,6.72688568360759e-18,0.22101533461859546,1.0331523001927894,0.15,2023-11-30
2023-11-30,2023-12-01,2023-12-29,Equity - Minimum Variance,Equity - Minimum Variance Sentiment Tilt,Equity,sentiment_tilt,Sentiment Tilt,CVX,Energy,Equity,0.0,0.0,0.22101533461859546,1.0331523001927894,0.15,2023-11-30
2023-11-30,2023-12-01,2023-12-29,Equity - Minimum Variance,Equity - Minimum Variance Sentiment Tilt,Equity,sentiment_tilt,Sentiment Tilt,D,Utilities,Equity,0.0,0.0,1.097983001039234,1.164697450155885,0.15,2023-11-30
2023-11-30,2023-12-01,2023-12-29,Equity - Minimum Variance,Equity - Minimum Variance Sentiment Tilt,Equity,sentiment_tilt,Sentiment Tilt,DD,Materials,Equity,0.0,0.0,-0.07105465622841035,0.9893418015657385,0.15,2023-11-30
2023-11-30,2023-12-01,2023-12-29,Equity - Minimum Variance,Equity - Minimum Variance Sentiment Tilt,Equity,sentiment_tilt,Sentiment Tilt,DIS,Consumer,Equity,0.0,0.0,-0.6633612919390159,0.9004958062091476,0.15,2023-11-30
2023-11-30,2023-12-01,2023-12-29,Equity - Minimum Variance,Equity - Minimum Variance Sentiment Tilt,Equity,sentiment_tilt,Sentiment Tilt,DOW,Materials,Equity,0.0,0.0,-0.07105465622841035,0.9893418015657385,0.15,2023-11-30
2023-11-30,2023-12-01,2023-12-29,Equity - Minimum Variance,Equity - Minimum Variance Sentiment Tilt,Equity,sentiment_tilt,Sentiment Tilt,DUK,Utilities,Equity,1.3401832691518909e-17,1.602288738350582e-17,1.097983001039234,1.164697450155885,0.15,2023-11-30
2023-11-30,2023-12-01,2023-12-29,Equity - Minimum Variance,Equity - Minimum Variance Sentiment Tilt,Equity,sentiment_tilt,Sentiment Tilt,EA,Comm,Equity,0.10148586643782609,0.12010572064871486,1.0193868981286676,1.1529080347193001,0.15,2023-11-30
2023-11-30,2023-12-01,2023-12-29,Equity - Minimum Variance,Equity - Minimum Variance Sentiment Tilt,Equity,sentiment_tilt,Sentiment Tilt,GE,Industrials,Equity,8.234808010207131e-18,8.197293508867229e-18,-0.20175962632692163,0.9697360560509618,0.15,2023-11-30
2023-11-30,2023-12-01,2023-12-29,Equity - Minimum Variance,Equity - Minimum Variance Sentiment Tilt,Equity,sentiment_tilt,Sentiment Tilt,GILD,Healthcare,Equity,0.10151586951996038,0.09905865403532002,-0.32937404296883666,0.9505938935546745,0.15,2023-11-30
2023-11-30,2023-12-01,2023-12-29,Equity - Minimum Variance,Equity - Minimum Variance Sentiment Tilt,Equity,sentiment_tilt,Sentiment Tilt,GS,Financials,Equity,9.9444992677986e-18,1.2045615494517643e-17,1.20001095737641,1.1800016436064615,0.15,2023-11-30
2023-11-30,2023-12-01,2023-12-29,Equity - Minimum Variance,Equity - Minimum Variance Sentiment Tilt,Equity,sentiment_tilt,Sentiment Tilt,INTC,Tech,Equity,0.0,0.0,-0.4784724132355589,0.9282291380146661,0.15,2023-11-30
2023-11-30,2023-12-01,2023-12-29,Equity - Minimum Variance,Equity - Minimum Variance Sentiment Tilt,Equity,sentiment_tilt,Sentiment Tilt,KO,Consumer,Equity,0.10227000821981931,0.09453517861708464,-0.6633612919390159,0.9004958062091476,0.15,2023-11-30
2023-11-30,2023-12-01,2023-12-29,Equity - Minimum Variance,Equity - Minimum Variance Sentiment Tilt,Equity,sentiment_tilt,Sentiment Tilt,MMM,Industrials,Equity,0.043154619943587186,0.04295802470473158,-0.20175962632692163,0.9697360560509618,0.15,2023-11-30
2023-11-30,2023-12-01,2023-12-29,Equity - Minimum Variance,Equity - Minimum Variance Sentiment Tilt,Equity,sentiment_tilt,Sentiment Tilt,MRK,Healthcare,Equity,0.12822883534740045,0.1251250262456021,-0.32937404296883666,0.9505938935546745,0.15,2023-11-30
2023-11-30,2023-12-01,2023-12-29,Equity - Minimum Variance,Equity - Minimum Variance Sentiment Tilt,Equity,sentiment_tilt,Sentiment Tilt,MS,Financials,Equity,3.621078580396539e-18,4.3861555097229325e-18,1.20001095737641,1.1800016436064615,0.15,2023-11-30
2023-11-30,2023-12-01,2023-12-29,Equity - Minimum Variance,Equity - Minimum Variance Sentiment Tilt,Equity,sentiment_tilt,Sentiment Tilt,NEE,Utilities,Equity,2.3641535955194843e-18,2.8265213937710956e-18,1.097983001039234,1.164697450155885,0.15,2023-11-30
2023-11-30,2023-12-01,2023-12-29,Equity - Minimum Variance,Equity - Minimum Variance Sentiment Tilt,Equity,sentiment_tilt,Sentiment Tilt,NEM,Materials,Equity,0.07878492810417971,0.08001160199391355,-0.07105465622841035,0.9893418015657385,0.15,2023-11-30
2023-11-30,2023-12-01,2023-12-29,Equity - Minimum Variance,Equity - Minimum Variance Sentiment Tilt,Equity,sentiment_tilt,Sentiment Tilt,NKE,Consumer,Equity,1.8638295264492985e-18,1.722865386066672e-18,-0.6633612919390159,0.9004958062091476,0.15,2023-11-30
2023-11-30,2023-12-01,2023-12-29,Equity - Minimum Variance,Equity - Minimum Variance Sentiment Tilt,Equity,sentiment_tilt,Sentiment Tilt,NUE,Materials,Equity,4.8882754878518125e-18,4.9643854755241326e-18,-0.07105465622841035,0.9893418015657385,0.15,2023-11-30
2023-11-30,2023-12-01,2023-12-29,Equity - Minimum Variance,Equity - Minimum Variance Sentiment Tilt,Equity,sentiment_tilt,Sentiment Tilt,NVDA,Tech,Equity,7.15317254841068e-18,6.815808222358149e-18,-0.4784724132355589,0.9282291380146661,0.15,2023-11-30
2023-11-30,2023-12-01,2023-12-29,Equity - Minimum Variance,Equity - Minimum Variance Sentiment Tilt,Equity,sentiment_tilt,Sentiment Tilt,O,RealEstate,Equity,2.0114852512488216e-19,1.9822891913665955e-19,-0.2664387817126726,0.9600341827430992,0.15,2023-11-30
2023-11-30,2023-12-01,2023-12-29,Equity - Minimum Variance,Equity - Minimum Variance Sentiment Tilt,Equity,sentiment_tilt,Sentiment Tilt,OXY,Energy,Equity,4.194765168546401e-18,4.448724009688722e-18,0.22101533461859546,1.0331523001927894,0.15,2023-11-30
2023-11-30,2023-12-01,2023-12-29,Equity - Minimum Variance,Equity - Minimum Variance Sentiment Tilt,Equity,sentiment_tilt,Sentiment Tilt,PLD,RealEstate,Equity,0.0,0.0,-0.2664387817126726,0.9600341827430992,0.15,2023-11-30
2023-11-30,2023-12-01,2023-12-29,Equity - Minimum Variance,Equity - Minimum Variance Sentiment Tilt,Equity,sentiment_tilt,Sentiment Tilt,PSA,RealEstate,Equity,0.04836109307932342,0.04765914740577834,-0.2664387817126726,0.9600341827430992,0.15,2023-11-30
2023-11-30,2023-12-01,2023-12-29,Equity - Minimum Variance,Equity - Minimum Variance Sentiment Tilt,Equity,sentiment_tilt,Sentiment Tilt,QCOM,Tech,Equity,0.0,0.0,-0.4784724132355589,0.9282291380146661,0.15,2023-11-30
2023-11-30,2023-12-01,2023-12-29,Equity - Minimum Variance,Equity - Minimum Variance Sentiment Tilt,Equity,sentiment_tilt,Sentiment Tilt,SBUX,Consumer,Equity,5.732727286665289e-18,5.299152776472668e-18,-0.6633612919390159,0.9004958062091476,0.15,2023-11-30
2023-11-30,2023-12-01,2023-12-29,Equity - Minimum Variance,Equity - Minimum Variance Sentiment Tilt,Equity,sentiment_tilt,Sentiment Tilt,SHW,Materials,Equity,0.0,0.0,-0.07105465622841035,0.9893418015657385,0.15,2023-11-30
2023-11-30,2023-12-01,2023-12-29,Equity - Minimum Variance,Equity - Minimum Variance Sentiment Tilt,Equity,sentiment_tilt,Sentiment Tilt,SLB,Energy,Equity,9.174064799354258e-19,9.72947964890969e-19,0.22101533461859546,1.0331523001927894,0.15,2023-11-30
2023-11-30,2023-12-01,2023-12-29,Equity - Minimum Variance,Equity - Minimum Variance Sentiment Tilt,Equity,sentiment_tilt,Sentiment Tilt,SO,Utilities,Equity,0.0,0.0,1.097983001039234,1.164697450155885,0.15,2023-11-30
2023-11-30,2023-12-01,2023-12-29,Equity - Minimum Variance,Equity - Minimum Variance Sentiment Tilt,Equity,sentiment_tilt,Sentiment Tilt,T,Comm,Equity,0.0322933036922843,0.0382182332203449,1.0193868981286676,1.1529080347193001,0.15,2023-11-30
2023-11-30,2023-12-01,2023-12-29,Equity - Minimum Variance,Equity - Minimum Variance Sentiment Tilt,Equity,sentiment_tilt,Sentiment Tilt,TMUS,Comm,Equity,1.3685176630728943e-17,1.6196028660262968e-17,1.0193868981286676,1.1529080347193001,0.15,2023-11-30
2023-11-30,2023-12-01,2023-12-29,Equity - Minimum Variance,Equity - Minimum Variance Sentiment Tilt,Equity,sentiment_tilt,Sentiment Tilt,TTWO,Comm,Equity,0.034729482638878054,0.04110138373460026,1.0193868981286676,1.1529080347193001,0.15,2023-11-30
2023-11-30,2023-12-01,2023-12-29,Equity - Minimum Variance,Equity - Minimum Variance Sentiment Tilt,Equity,sentiment_tilt,Sentiment Tilt,UPS,Industrials,Equity,0.011832010979254754,0.011778109055714484,-0.20175962632692163,0.9697360560509618,0.15,2023-11-30
2023-11-30,2023-12-01,2023-12-29,Equity - Minimum Variance,Equity - Minimum Variance Sentiment Tilt,Equity,sentiment_tilt,Sentiment Tilt,USB,Financials,Equity,6.455943794015998e-18,7.819983138693422e-18,1.20001095737641,1.1800016436064615,0.15,2023-11-30
2023-11-30,2023-12-01,2023-12-29,Equity - Minimum Variance,Equity - Minimum Variance Sentiment Tilt,Equity,sentiment_tilt,Sentiment Tilt,V,Financials,Equity,6.625507319737947e-19,8.025372769456952e-19,1.20001095737641,1.1800016436064615,0.15,2023-11-30
2023-11-30,2023-12-01,2023-12-29,Equity - Minimum Variance,Equity - Minimum Variance Sentiment Tilt,Equity,sentiment_tilt,Sentiment Tilt,WFC,Financials,Equity,0.0,0.0,1.20001095737641,1.1800016436064615,0.15,2023-11-30
2023-11-30,2023-12-01,2023-12-29,Equity - Minimum Variance,Equity - Minimum Variance Sentiment Tilt,Equity,sentiment_tilt,Sentiment Tilt,WMT,Consumer,Equity,0.1986083340083145,0.1835872965802602,-0.6633612919390159,0.9004958062091476,0.15,2023-11-30
2023-11-30,2023-12-01,2023-12-29,Equity - Minimum Variance,Equity - Minimum Variance Sentiment Tilt,Equity,sentiment_tilt,Sentiment Tilt,XOM,Energy,Equity,1.5348246781780566e-17,1.627745802714285e-17,0.22101533461859546,1.0331523001927894,0.15,2023-11-30
