date,fund_id,base_fund_id,universe,method,method_label,daily_return,rebalance_date,live_start_date,live_end_date,periods_per_year,tilt_strength,growth_of_1,drawdown
2021-01-04,Equity - Minimum Variance Sentiment Tilt,Equity - Minimum Variance,Equity,sentiment_tilt,Sentiment Tilt,0.005693785354216613,2020-12-31,2021-01-04,2021-01-29,252,0.15,1.0056937853542167,0.0
2021-01-05,Equity - Minimum Variance Sentiment Tilt,Equity - Minimum Variance,Equity,sentiment_tilt,Sentiment Tilt,0.0008813322813461613,2020-12-31,2021-01-04,2021-01-29,252,0.15,1.0065801357523985,0.0
2021-01-06,Equity - Minimum Variance Sentiment Tilt,Equity - Minimum Variance,Equity,sentiment_tilt,Sentiment Tilt,0.0067869825080521876,2020-12-31,2021-01-04,2021-01-29,252,0.15,1.0134117775267029,0.0
2021-01-07,Equity - Minimum Variance Sentiment Tilt,Equity - Minimum Variance,Equity,sentiment_tilt,Sentiment Tilt,0.005866007952489361,2020-12-31,2021-01-04,2021-01-29,252,0.15,1.0193564590728208,0.0
2021-01-08,Equity - Minimum Variance Sentiment Tilt,Equity - Minimum Variance,Equity,sentiment_tilt,Sentiment Tilt,-0.002986709806608444,2020-12-31,2021-01-04,2021-01-29,252,0.15,1.0163119371400784,-0.002986709806608423
2021-01-11,Equity - Minimum Variance Sentiment Tilt,Equity - Minimum Variance,Equity,sentiment_tilt,Sentiment Tilt,0.00037003018460327834,2020-12-31,2021-01-04,2021-01-29,252,0.15,1.0166880032337928,-0.0026177847947862487
2021-01-12,Equity - Minimum Variance Sentiment Tilt,Equity - Minimum Variance,Equity,sentiment_tilt,Sentiment Tilt,0.002133425249640581,2020-12-31,2021-01-04,2021-01-29,252,0.15,1.0188570310908984,-0.0004899443933250591
2021-01-13,Equity - Minimum Variance Sentiment Tilt,Equity - Minimum Variance,Equity,sentiment_tilt,Sentiment Tilt,-0.0020552940832139644,2020-12-31,2021-01-04,2021-01-29,252,0.15,1.0167629802632563,-0.0025442314967263346
2021-01-14,Equity - Minimum Variance Sentiment Tilt,Equity - Minimum Variance,Equity,sentiment_tilt,Sentiment Tilt,0.0039019610991221556,2020-12-31,2021-01-04,2021-01-29,252,0.15,1.020730349859271,0.0
2021-01-15,Equity - Minimum Variance Sentiment Tilt,Equity - Minimum Variance,Equity,sentiment_tilt,Sentiment Tilt,-0.006131843372131844,2020-12-31,2021-01-04,2021-01-29,252,0.15,1.0144713912287526,-0.0061318433721317955
2021-01-19,Equity - Minimum Variance Sentiment Tilt,Equity - Minimum Variance,Equity,sentiment_tilt,Sentiment Tilt,0.008659145107365148,2020-12-31,2021-01-04,2021-01-29,252,0.15,1.023255846212673,0.0
2021-01-20,Equity - Minimum Variance Sentiment Tilt,Equity - Minimum Variance,Equity,sentiment_tilt,Sentiment Tilt,0.015258895084416491,2020-12-31,2021-01-04,2021-01-29,252,0.15,1.038869599814548,0.0
2021-01-21,Equity - Minimum Variance Sentiment Tilt,Equity - Minimum Variance,Equity,sentiment_tilt,Sentiment Tilt,-0.00947052653334986,2020-12-31,2021-01-04,2021-01-29,252,0.15,1.0290309577048138,-0.009470526533349899
2021-01-22,Equity - Minimum Variance Sentiment Tilt,Equity - Minimum Variance,Equity,sentiment_tilt,Sentiment Tilt,-0.00016061193456142625,2020-12-31,2021-01-04,2021-01-29,252,0.15,1.0288656830519733,-0.009629617388323353
2021-01-25,Equity - Minimum Variance Sentiment Tilt,Equity - Minimum Variance,Equity,sentiment_tilt,Sentiment Tilt,0.0030193738279302718,2020-12-31,2021-01-04,2021-01-29,252,0.15,1.0319722131678362,-0.006639318975108277
2021-01-26,Equity - Minimum Variance Sentiment Tilt,Equity - Minimum Variance,Equity,sentiment_tilt,Sentiment Tilt,-0.0015445972348375808,2020-12-31,2021-01-04,2021-01-29,252,0.15,1.030378231740948,-0.008173661136215649
2021-01-27,Equity - Minimum Variance Sentiment Tilt,Equity - Minimum Variance,Equity,sentiment_tilt,Sentiment Tilt,-0.022782775796661884,2020-12-31,2021-01-04,2021-01-29,252,0.15,1.006903355501433,-0.03077021824377324
2021-01-28,Equity - Minimum Variance Sentiment Tilt,Equity - Minimum Variance,Equity,sentiment_tilt,Sentiment Tilt,0.001441772046760981,2020-12-31,2021-01-04,2021-01-29,252,0.15,1.008355080613185,-0.029372809837548863
2021-01-29,Equity - Minimum Variance Sentiment Tilt,Equity - Minimum Variance,Equity,sentiment_tilt,Sentiment Tilt,-0.010754700869903083,2020-12-31,2021-01-04,2021-01-29,252,0.15,0.9975105233505431,-0.039811614923940475
2021-02-01,Equity - Minimum Variance Sentiment Tilt,Equity - Minimum Variance,Equity,sentiment_tilt,Sentiment Tilt,0.0006286959847920234,2021-01-29,2021-02-01,2021-02-26,252,0.15,0.9981376542113615,-0.03920794834159913
2021-02-02,Equity - Minimum Variance Sentiment Tilt,Equity - Minimum Variance,Equity,sentiment_tilt,Sentiment Tilt,0.0065073258442564005,2021-01-29,2021-02-01,2021-02-26,252,0.15,1.0046328611647366,-0.03295576139288625
2021-02-03,Equity - Minimum Variance Sentiment Tilt,Equity - Minimum Variance,Equity,sentiment_tilt,Sentiment Tilt,-0.0032336241599131023,2021-01-29,2021-02-01,2021-02-26,252,0.15,1.0013842560730317,-0.03608281900655097
2021-02-04,Equity - Minimum Variance Sentiment Tilt,Equity - Minimum Variance,Equity,sentiment_tilt,Sentiment Tilt,0.001987067337058656,2021-01-29,2021-02-01,2021-02-26,252,0.15,1.0033740740201191,-0.034167450660569254
2021-02-05,Equity - Minimum Variance Sentiment Tilt,Equity - Minimum Variance,Equity,sentiment_tilt,Sentiment Tilt,0.014892773701001321,2021-01-29,2021-02-01,2021-02-26,252,0.15,1.0183170970419526,-0.019783525070195873
2021-02-08,Equity - Minimum Variance Sentiment Tilt,Equity - Minimum Variance,Equity,sentiment_tilt,Sentiment Tilt,0.004364996690792162,2021-01-29,2021-02-01,2021-02-26,252,0.15,1.0227620478007178,-0.015504883400867309
2021-02-09,Equity - Minimum Variance Sentiment Tilt,Equity - Minimum Variance,Equity,sentiment_tilt,Sentiment Tilt,2.2782203949963092e-05,2021-01-29,2021-02-01,2021-02-26,252,0.15,1.022785348574283,-0.015482454432333204
2021-02-10,Equity - Minimum Variance Sentiment Tilt,Equity - Minimum Variance,Equity,sentiment_tilt,Sentiment Tilt,-0.007210793061250475,2021-01-29,2021-02-01,2021-02-26,252,0.15,1.015410255079635,-0.022581606718591996
2021-02-11,Equity - Minimum Variance Sentiment Tilt,Equity - Minimum Variance,Equity,sentiment_tilt,Sentiment Tilt,-0.004972557957074906,2021-01-29,2021-02-01,2021-02-26,252,0.15,1.0103610687360431,-0.02744187632749484
2021-02-12,Equity - Minimum Variance Sentiment Tilt,Equity - Minimum Variance,Equity,sentiment_tilt,Sentiment Tilt,0.00436840573020045,2021-01-29,2021-02-01,2021-02-26,252,0.15,1.0147747358182813,-0.023193347847090817
2021-02-16,Equity - Minimum Variance Sentiment Tilt,Equity - Minimum Variance,Equity,sentiment_tilt,Sentiment Tilt,-0.008373504468471337,2021-01-29,2021-02-01,2021-02-26,252,0.15,1.0062775150334151,-0.03137264271372564
2021-02-17,Equity - Minimum Variance Sentiment Tilt,Equity - Minimum Variance,Equity,sentiment_tilt,Sentiment Tilt,0.006045061135568231,2021-01-29,2021-02-01,2021-02-26,252,0.15,1.0123605241311397,-0.025517231121346295
2021-02-18,Equity - Minimum Variance Sentiment Tilt,Equity - Minimum Variance,Equity,sentiment_tilt,Sentiment Tilt,-0.013111851899881986,2021-01-29,2021-02-01,2021-02-26,252,0.15,0.9990866028694454,-0.03829450486587005
2021-02-19,Equity - Minimum Variance Sentiment Tilt,Equity - Minimum Variance,Equity,sentiment_tilt,Sentiment Tilt,-0.006683169473367279,2021-01-29,2021-02-01,2021-02-26,252,0.15,0.9924095377838981,-0.0447217456733201
2021-02-22,Equity - Minimum Variance Sentiment Tilt,Equity - Minimum Variance,Equity,sentiment_tilt,Sentiment Tilt,0.0008389820478641415,2021-01-29,2021-02-01,2021-02-26,252,0.15,0.9932421515702278,-0.04392028436722506
2021-02-23,Equity - Minimum Variance Sentiment Tilt,Equity - Minimum Variance,Equity,sentiment_tilt,Sentiment Tilt,-0.007449944148581576,2021-01-29,2021-02-01,2021-02-26,252,0.15,0.9858425530150126,-0.051043024850281005
2021-02-24,Equity - Minimum Variance Sentiment Tilt,Equity - Minimum Variance,Equity,sentiment_tilt,Sentiment Tilt,-0.0021400738349216216,2021-01-29,2021-02-01,2021-02-26,252,0.15,0.9837327771619527,-0.05307386284326543
2021-02-25,Equity - Minimum Variance Sentiment Tilt,Equity - Minimum Variance,Equity,sentiment_tilt,Sentiment Tilt,-0.008957550025294884,2021-01-29,2021-02-01,2021-02-26,252,0.15,0.9749209415990023,-0.061556001087106016
2021-02-26,Equity - Minimum Variance Sentiment Tilt,Equity - Minimum Variance,Equity,sentiment_tilt,Sentiment Tilt,-0.0178206368165841,2021-01-29,2021-02-01,2021-02-26,252,0.15,0.9575472295738844,-0.07827967076443554
2021-03-01,Equity - Minimum Variance Sentiment Tilt,Equity - Minimum Variance,Equity,sentiment_tilt,Sentiment Tilt,0.008992131610228018,2021-02-26,2021-03-01,2021-03-31,252,0.15,0.9661576202852219,-0.06999144025612669
2021-03-02,Equity - Minimum Variance Sentiment Tilt,Equity - Minimum Variance,Equity,sentiment_tilt,Sentiment Tilt,0.0044468206183725335,2021-02-26,2021-03-01,2021-03-31,252,0.15,0.970453949911704,-0.06585585901739466
2021-03-03,Equity - Minimum Variance Sentiment Tilt,Equity - Minimum Variance,Equity,sentiment_tilt,Sentiment Tilt,-0.014048204891428507,2021-02-26,2021-03-01,2021-03-31,252,0.15,0.9568208139856482,-0.0789789073080458
2021-03-04,Equity - Minimum Variance Sentiment Tilt,Equity - Minimum Variance,Equity,sentiment_tilt,Sentiment Tilt,-0.003663084656724172,2021-02-26,2021-03-01,2021-03-31,252,0.15,0.953315898342703,-0.08235268554120512
2021-03-05,Equity - Minimum Variance Sentiment Tilt,Equity - Minimum Variance,Equity,sentiment_tilt,Sentiment Tilt,0.01438811342989189,2021-02-26,2021-03-01,2021-03-31,252,0.15,0.9670323156225772,-0.06914947189213616
2021-03-08,Equity - Minimum Variance Sentiment Tilt,Equity - Minimum Variance,Equity,sentiment_tilt,Sentiment Tilt,-0.006250530298033387,2021-02-26,2021-03-01,2021-03-31,252,0.15,0.9609878508346009,-0.07496778132101478
2021-03-09,Equity - Minimum Variance Sentiment Tilt,Equity - Minimum Variance,Equity,sentiment_tilt,Sentiment Tilt,0.008141038966264853,2021-02-26,2021-03-01,2021-03-31,252,0.15,0.9688112903743525,-0.0674370579836987
2021-03-10,Equity - Minimum Variance Sentiment Tilt,Equity - Minimum Variance,Equity,sentiment_tilt,Sentiment Tilt,0.010500267842455358,2021-02-26,2021-03-01,2021-03-31,252,0.15,0.978984068412078,-0.05764489731257938
2021-03-11,Equity - Minimum Variance Sentiment Tilt,Equity - Minimum Variance,Equity,sentiment_tilt,Sentiment Tilt,0.0008536002779914953,2021-02-26,2021-03-01,2021-03-31,252,0.15,0.9798197294850238,-0.056840502734958664
2021-03-12,Equity - Minimum Variance Sentiment Tilt,Equity - Minimum Variance,Equity,sentiment_tilt,Sentiment Tilt,0.006222657582354872,2021-02-26,2021-03-01,2021-03-31,252,0.15,0.9859168121540448,-0.050971544137932256
2021-03-15,Equity - Minimum Variance Sentiment Tilt,Equity - Minimum Variance,Equity,sentiment_tilt,Sentiment Tilt,0.012224125425465875,2021-02-26,2021-03-01,2021-03-31,252,0.15,0.9979687829248912,-0.03937050126113828
2021-03-16,Equity - Minimum Variance Sentiment Tilt,Equity - Minimum Variance,Equity,sentiment_tilt,Sentiment Tilt,0.004375055059966612,2021-02-26,2021-03-01,2021-03-31,252,0.15,1.0023349512983155,-0.035167694311927566
2021-03-17,Equity - Minimum Variance Sentiment Tilt,Equity - Minimum Variance,Equity,sentiment_tilt,Sentiment Tilt,-0.007525496205838917,2021-02-26,2021-03-01,2021-03-31,252,0.15,0.9947918834253403,-0.04242853616765396
2021-03-18,Equity - Minimum Variance Sentiment Tilt,Equity - Minimum Variance,Equity,sentiment_tilt,Sentiment Tilt,-0.007804405958615578,2021-02-26,2021-03-01,2021-03-31,252,0.15,0.9870281237227532,-0.04990181260578741
2021-03-19,Equity - Minimum Variance Sentiment Tilt,Equity - Minimum Variance,Equity,sentiment_tilt,Sentiment Tilt,-0.0009527417023154688,2021-02-26,2021-03-01,2021-03-31,252,0.15,0.9860877408679243,-0.05080701077021221
2021-03-22,Equity - Minimum Variance Sentiment Tilt,Equity - Minimum Variance,Equity,sentiment_tilt,Sentiment Tilt,0.008211205276612928,2021-02-26,2021-03-01,2021-03-31,252,0.15,0.9941847097289424,-0.04301299228852451
2021-03-23,Equity - Minimum Variance Sentiment Tilt,Equity - Minimum Variance,Equity,sentiment_tilt,Sentiment Tilt,0.0020263183128997886,2021-02-26,2021-03-01,2021-03-31,252,0.15,0.9961992444126712,-0.04107383198959147
2021-03-24,Equity - Minimum Variance Sentiment Tilt,Equity - Minimum Variance,Equity,sentiment_tilt,Sentiment Tilt,-0.0061340773032818475,2021-02-26,2021-03-01,2021-03-31,252,0.15,0.9900884812379729,-0.04695595923230722
2021-03-25,Equity - Minimum Variance Sentiment Tilt,Equity - Minimum Variance,Equity,sentiment_tilt,Sentiment Tilt,0.002653106630710995,2021-02-26,2021-03-01,2021-03-31,252,0.15,0.9927152915525359,-0.044427431768386816
2021-03-26,Equity - Minimum Variance Sentiment Tilt,Equity - Minimum Variance,Equity,sentiment_tilt,Sentiment Tilt,0.016423669291934666,2021-02-26,2021-03-01,2021-03-31,252,0.15,1.0090193192020411,-0.028733423923306245
2021-03-29,Equity - Minimum Variance Sentiment Tilt,Equity - Minimum Variance,Equity,sentiment_tilt,Sentiment Tilt,0.011105684015983538,2021-02-26,2021-03-01,2021-03-31,252,0.15,1.0202251689271218,-0.017946844234112302
2021-03-30,Equity - Minimum Variance Sentiment Tilt,Equity - Minimum Variance,Equity,sentiment_tilt,Sentiment Tilt,-0.009499097748156434,2021-02-26,2021-03-01,2021-03-31,252,0.15,1.0105339503223536,-0.02727546315461804
2021-03-31,Equity - Minimum Variance Sentiment Tilt,Equity - Minimum Variance,Equity,sentiment_tilt,Sentiment Tilt,0.0011404739081801263,2021-02-26,2021-03-01,2021-03-31,252,0.15,1.0116864379260264,-0.026166096200499256
2021-04-01,Equity - Minimum Variance Sentiment Tilt,Equity - Minimum Variance,Equity,sentiment_tilt,Sentiment Tilt,0.010359662991835347,2021-03-31,2021-04-01,2021-04-30,252,0.15,1.0221671684763505,-0.016077505147112925
2021-04-05,Equity - Minimum Variance Sentiment Tilt,Equity - Minimum Variance,Equity,sentiment_tilt,Sentiment Tilt,0.010094200726162439,2021-03-31,2021-04-01,2021-04-30,252,0.15,1.0324851290506438,-0.00614559398508141
2021-04-06,Equity - Minimum Variance Sentiment Tilt,Equity - Minimum Variance,Equity,sentiment_tilt,Sentiment Tilt,-0.0005312944638698361,2021-03-31,2021-04-01,2021-04-30,252,0.15,1.0319365754175513,-0.006673623328889766
2021-04-07,Equity - Minimum Variance Sentiment Tilt,Equity - Minimum Variance,Equity,sentiment_tilt,Sentiment Tilt,-0.0025906887077325217,2021-03-31,2021-04-01,2021-04-30,252,0.15,1.029263148984521,-0.009247022756024403
2021-04-08,Equity - Minimum Variance Sentiment Tilt,Equity - Minimum Variance,Equity,sentiment_tilt,Sentiment Tilt,-0.00046265081031998645,2021-03-31,2021-04-01,2021-04-30,252,0.15,1.0287869595546109,-0.009705395423773244
2021-04-09,Equity - Minimum Variance Sentiment Tilt,Equity - Minimum Variance,Equity,sentiment_tilt,Sentiment Tilt,0.0035764194050868733,2021-03-31,2021-04-01,2021-04-30,252,0.15,1.0324663332004622,-0.006163686583213979
2021-04-12,Equity - Minimum Variance Sentiment Tilt,Equity - Minimum Variance,Equity,sentiment_tilt,Sentiment Tilt,-0.00046055936204765627,2021-03-31,2021-04-01,2021-04-30,252,0.15,1.0319908211647078,-0.006621407201701013
2021-04-13,Equity - Minimum Variance Sentiment Tilt,Equity - Minimum Variance,Equity,sentiment_tilt,Sentiment Tilt,0.004970598934018062,2021-03-31,2021-04-01,2021-04-30,252,0.15,1.0371204336403055,-0.0016837206272614091
2021-04-14,Equity - Minimum Variance Sentiment Tilt,Equity - Minimum Variance,Equity,sentiment_tilt,Sentiment Tilt,-0.0029936309447259933,2021-03-31,2021-04-01,2021-04-30,252,0.15,1.0340156778167522,-0.004672311133815388
2021-04-15,Equity - Minimum Variance Sentiment Tilt,Equity - Minimum Variance,Equity,sentiment_tilt,Sentiment Tilt,0.012665156938175628,2021-03-31,2021-04-01,2021-04-30,252,0.15,1.0471116486528356,0.0
2021-04-16,Equity - Minimum Variance Sentiment Tilt,Equity - Minimum Variance,Equity,sentiment_tilt,Sentiment Tilt,0.00477564880509454,2021-03-31,2021-04-01,2021-04-30,252,0.15,1.052112286146525,0.0
2021-04-19,Equity - Minimum Variance Sentiment Tilt,Equity - Minimum Variance,Equity,sentiment_tilt,Sentiment Tilt,-0.0030108789929966222,2021-03-31,2021-04-01,2021-04-30,252,0.15,1.0489445033658928,-0.0030108789929966795
2021-04-20,Equity - Minimum Variance Sentiment Tilt,Equity - Minimum Variance,Equity,sentiment_tilt,Sentiment Tilt,0.007461959642793321,2021-03-31,2021-04-01,2021-04-30,252,0.15,1.056771684917539,0.0
2021-04-21,Equity - Minimum Variance Sentiment Tilt,Equity - Minimum Variance,Equity,sentiment_tilt,Sentiment Tilt,0.007491093095138232,2021-03-31,2021-04-01,2021-04-30,252,0.15,1.0646880599895623,0.0
2021-04-22,Equity - Minimum Variance Sentiment Tilt,Equity - Minimum Variance,Equity,sentiment_tilt,Sentiment Tilt,-0.007411215076048319,2021-03-31,2021-04-01,2021-04-30,252,0.15,1.056797427788079,-0.007411215076048361
2021-04-23,Equity - Minimum Variance Sentiment Tilt,Equity - Minimum Variance,Equity,sentiment_tilt,Sentiment Tilt,0.0033391785405903402,2021-03-31,2021-04-01,2021-04-30,252,0.15,1.0603262630807,-0.004096783905799706
2021-04-26,Equity - Minimum Variance Sentiment Tilt,Equity - Minimum Variance,Equity,sentiment_tilt,Sentiment Tilt,-0.005887570421667132,2021-03-31,2021-04-01,2021-04-30,252,0.15,1.0540835175368692,-0.009960234223719056
2021-04-27,Equity - Minimum Variance Sentiment Tilt,Equity - Minimum Variance,Equity,sentiment_tilt,Sentiment Tilt,-0.005869902919335975,2021-03-31,2021-04-01,2021-04-30,252,0.15,1.0478961496200556,-0.015771671535107945
2021-04-28,Equity - Minimum Variance Sentiment Tilt,Equity - Minimum Variance,Equity,sentiment_tilt,Sentiment Tilt,-5.103531144695845e-05,2021-03-31,2021-04-01,2021-04-30,252,0.15,1.0478426699136956,-0.01582190193438615
2021-04-29,Equity - Minimum Variance Sentiment Tilt,Equity - Minimum Variance,Equity,sentiment_tilt,Sentiment Tilt,-0.0005828548287917417,2021-03-31,2021-04-01,2021-04-30,252,0.15,1.0472319297537223,-0.01639553489123491
2021-04-30,Equity - Minimum Variance Sentiment Tilt,Equity - Minimum Variance,Equity,sentiment_tilt,Sentiment Tilt,-0.0015689438815750098,2021-03-31,2021-04-01,2021-04-30,252,0.15,1.0455888816249452,-0.017938755098657055
2021-05-03,Equity - Minimum Variance Sentiment Tilt,Equity - Minimum Variance,Equity,sentiment_tilt,Sentiment Tilt,0.014985989648959053,2021-04-30,2021-05-03,2021-05-28,252,0.15,1.0612580657820434,-0.0032215954479216657
2021-05-04,Equity - Minimum Variance Sentiment Tilt,Equity - Minimum Variance,Equity,sentiment_tilt,Sentiment Tilt,-0.006354101680169052,2021-04-30,2021-05-03,2021-05-28,252,0.15,1.0545147241231647,-0.009555226783042214
2021-05-05,Equity - Minimum Variance Sentiment Tilt,Equity - Minimum Variance,Equity,sentiment_tilt,Sentiment Tilt,0.006584177498295398,2021-04-30,2021-05-03,2021-05-28,252,0.15,1.0614578362413576,-0.0030339625939229675
2021-05-06,Equity - Minimum Variance Sentiment Tilt,Equity - Minimum Variance,Equity,sentiment_tilt,Sentiment Tilt,0.008102174839806938,2021-04-30,2021-05-03,2021-05-28,252,0.15,1.0700579532156682,0.0
2021-05-07,Equity - Minimum Variance Sentiment Tilt,Equity - Minimum Variance,Equity,sentiment_tilt,Sentiment Tilt,0.0017262701683944301,2021-04-30,2021-05-03,2021-05-28,252,0.15,1.0719051623387577,0.0
2021-05-10,Equity - Minimum Variance Sentiment Tilt,Equity - Minimum Variance,Equity,sentiment_tilt,Sentiment Tilt,0.00494452179068831,2021-04-30,2021-05-03,2021-05-28,252,0.15,1.0772052207714928,0.0
2021-05-11,Equity - Minimum Variance Sentiment Tilt,Equity - Minimum Variance,Equity,sentiment_tilt,Sentiment Tilt,-0.007027342204376388,2021-04-30,2021-05-03,2021-05-28,252,0.15,1.0696353310607907,-0.007027342204376397
2021-05-12,Equity - Minimum Variance Sentiment Tilt,Equity - Minimum Variance,Equity,sentiment_tilt,Sentiment Tilt,-0.01196348997224849,2021-04-30,2021-05-03,2021-05-28,252,0.15,1.0568387595036821,-0.018906760638631392
2021-05-13,Equity - Minimum Variance Sentiment Tilt,Equity - Minimum Variance,Equity,sentiment_tilt,Sentiment Tilt,0.013998348969511947,2021-04-30,2021-05-03,2021-05-28,252,0.15,1.0716327572637208,-0.005173075102422042
2021-05-14,Equity - Minimum Variance Sentiment Tilt,Equity - Minimum Variance,Equity,sentiment_tilt,Sentiment Tilt,0.003845614328263658,2021-04-30,2021-05-03,2021-05-28,252,0.15,1.075753843549691,-0.001347354425893288
2021-05-17,Equity - Minimum Variance Sentiment Tilt,Equity - Minimum Variance,Equity,sentiment_tilt,Sentiment Tilt,0.007024575259420541,2021-04-30,2021-05-03,2021-05-28,252,0.15,1.0833105573843165,0.0
2021-05-18,Equity - Minimum Variance Sentiment Tilt,Equity - Minimum Variance,Equity,sentiment_tilt,Sentiment Tilt,0.0034069206774281595,2021-04-30,2021-05-03,2021-05-28,252,0.15,1.0870013105223453,0.0
2021-05-19,Equity - Minimum Variance Sentiment Tilt,Equity - Minimum Variance,Equity,sentiment_tilt,Sentiment Tilt,-2.247701131481175e-05,2021-04-30,2021-05-03,2021-05-28,252,0.15,1.0869768779815894,-2.2477011314858686e-05
2021-05-20,Equity - Minimum Variance Sentiment Tilt,Equity - Minimum Variance,Equity,sentiment_tilt,Sentiment Tilt,0.008787588323596546,2021-04-30,2021-05-03,2021-05-28,252,0.15,1.0965287833025599,0.0
2021-05-21,Equity - Minimum Variance Sentiment Tilt,Equity - Minimum Variance,Equity,sentiment_tilt,Sentiment Tilt,-0.006288703355707402,2021-04-30,2021-05-03,2021-05-28,252,0.15,1.0896330390633753,-0.0062887033557074146
2021-05-24,Equity - Minimum Variance Sentiment Tilt,Equity - Minimum Variance,Equity,sentiment_tilt,Sentiment Tilt,0.00042570234302417327,2021-04-30,2021-05-03,2021-05-28,252,0.15,1.090096898401141,-0.0058656781284365245
2021-05-25,Equity - Minimum Variance Sentiment Tilt,Equity - Minimum Variance,Equity,sentiment_tilt,Sentiment Tilt,-0.005262818233314408,2021-04-30,2021-05-03,2021-05-28,252,0.15,1.084359916568156,-0.011097626363945845
2021-05-26,Equity - Minimum Variance Sentiment Tilt,Equity - Minimum Variance,Equity,sentiment_tilt,Sentiment Tilt,0.000905918117208894,2021-04-30,2021-05-03,2021-05-28,252,0.15,1.08534225786215,-0.010201761787518082
2021-05-27,Equity - Minimum Variance Sentiment Tilt,Equity - Minimum Variance,Equity,sentiment_tilt,Sentiment Tilt,-0.005718452929488454,2021-04-30,2021-05-03,2021-05-28,252,0.15,1.0791357792481806,-0.015861876422426868
2021-05-28,Equity - Minimum Variance Sentiment Tilt,Equity - Minimum Variance,Equity,sentiment_tilt,Sentiment Tilt,0.0032450697236762636,2021-04-30,2021-05-03,2021-05-28,252,0.15,1.0826376500931547,-0.012668279593689658
2021-06-01,Equity - Minimum Variance Sentiment Tilt,Equity - Minimum Variance,Equity,sentiment_tilt,Sentiment Tilt,-0.0017344881161529097,2021-05-28,2021-06-01,2021-06-30,252,0.15,1.0807598279549684,-0.014380794729435209
2021-06-02,Equity - Minimum Variance Sentiment Tilt,Equity - Minimum Variance,Equity,sentiment_tilt,Sentiment Tilt,-0.002511724641060316,2021-05-28,2021-06-01,2021-06-30,252,0.15,1.0780452568640257,-0.01685639877401568
2021-06-03,Equity - Minimum Variance Sentiment Tilt,Equity - Minimum Variance,Equity,sentiment_tilt,Sentiment Tilt,0.002367718116944866,2021-05-28,2021-06-01,2021-06-30,252,0.15,1.0805977641495892,-0.014528591857834394
2021-06-04,Equity - Minimum Variance Sentiment Tilt,Equity - Minimum Variance,Equity,sentiment_tilt,Sentiment Tilt,0.007702711956002473,2021-05-28,2021-06-01,2021-06-30,252,0.15,1.0889212974671338,-0.00693778946003909
2021-06-07,Equity - Minimum Variance Sentiment Tilt,Equity - Minimum Variance,Equity,sentiment_tilt,Sentiment Tilt,-0.0018925361379468618,2021-05-28,2021-06-01,2021-06-30,252,0.15,1.0868604745602974,-0.008817195580715254
2021-06-08,Equity - Minimum Variance Sentiment Tilt,Equity - Minimum Variance,Equity,sentiment_tilt,Sentiment Tilt,-0.00455129785523171,2021-05-28,2021-06-01,2021-06-30,252,0.15,1.0819138488134952,-0.01332836375261115
2021-06-09,Equity - Minimum Variance Sentiment Tilt,Equity - Minimum Variance,Equity,sentiment_tilt,Sentiment Tilt,0.0032361232722169023,2021-05-28,2021-06-01,2021-06-30,252,0.15,1.0854150553981743,-0.010135372708514723
2021-06-10,Equity - Minimum Variance Sentiment Tilt,Equity - Minimum Variance,Equity,sentiment_tilt,Sentiment Tilt,0.009432253883709973,2021-05-28,2021-06-01,2021-06-30,252,0.15,1.095652965769891,-0.0007987182333973886
2021-06-11,Equity - Minimum Variance Sentiment Tilt,Equity - Minimum Variance,Equity,sentiment_tilt,Sentiment Tilt,-0.00014333349894599416,2021-05-28,2021-06-01,2021-06-30,252,0.15,1.0954959219966767,-0.0009419372492643907
2021-06-14,Equity - Minimum Variance Sentiment Tilt,Equity - Minimum Variance,Equity,sentiment_tilt,Sentiment Tilt,2.3901887158747452e-05,2021-05-28,2021-06-01,2021-06-30,252,0.15,1.0955221064165872,-0.0009180578761833758
2021-06-15,Equity - Minimum Variance Sentiment Tilt,Equity - Minimum Variance,Equity,sentiment_tilt,Sentiment Tilt,-0.006633035824438926,2021-05-28,2021-06-01,2021-06-30,252,0.15,1.088255469038261,-0.0075450041898407205
2021-06-16,Equity - Minimum Variance Sentiment Tilt,Equity - Minimum Variance,Equity,sentiment_tilt,Sentiment Tilt,-0.011900423017140085,2021-05-28,2021-06-01,2021-06-30,252,0.15,1.0753047686059896,-0.019355638465455627
2021-06-17,Equity - Minimum Variance Sentiment Tilt,Equity - Minimum Variance,Equity,sentiment_tilt,Sentiment Tilt,-0.0065500457678410486,2021-05-28,2021-06-01,2021-06-30,252,0.15,1.0682614731572426,-0.02577890391548221
2021-06-18,Equity - Minimum Variance Sentiment Tilt,Equity - Minimum Variance,Equity,sentiment_tilt,Sentiment Tilt,-0.010904934148099989,2021-05-28,2021-06-01,2021-06-30,252,0.15,1.0566121521395107,-0.036402720813973555
2021-06-21,Equity - Minimum Variance Sentiment Tilt,Equity - Minimum Variance,Equity,sentiment_tilt,Sentiment Tilt,0.01084185025177178,2021-05-28,2021-06-01,2021-06-30,252,0.15,1.0680677828672096,-0.02595554341002393
2021-06-22,Equity - Minimum Variance Sentiment Tilt,Equity - Minimum Variance,Equity,sentiment_tilt,Sentiment Tilt,-0.0008622798851549141,2021-05-28,2021-06-01,2021-06-30,252,0.15,1.0671468095020613,-0.026795442352188004
2021-06-23,Equity - Minimum Variance Sentiment Tilt,Equity - Minimum Variance,Equity,sentiment_tilt,Sentiment Tilt,-0.007385044973745286,2021-05-28,2021-06-01,2021-06-30,252,0.15,1.0592658823202998,-0.033982601779070865
2021-06-24,Equity - Minimum Variance Sentiment Tilt,Equity - Minimum Variance,Equity,sentiment_tilt,Sentiment Tilt,0.004127275387855959,2021-05-28,2021-06-01,2021-06-30,252,0.15,1.063637764325596,-0.029995581947152905
2021-06-25,Equity - Minimum Variance Sentiment Tilt,Equity - Minimum Variance,Equity,sentiment_tilt,Sentiment Tilt,0.004904522601097899,2021-05-28,2021-06-01,2021-06-30,252,0.15,1.0688543997801123,-0.02523817335564782
2021-06-28,Equity - Minimum Variance Sentiment Tilt,Equity - Minimum Variance,Equity,sentiment_tilt,Sentiment Tilt,0.0035196773834363327,2021-05-28,2021-06-01,2021-06-30,252,0.15,1.0726164224372048,-0.021807326200170563
2021-06-29,Equity - Minimum Variance Sentiment Tilt,Equity - Minimum Variance,Equity,sentiment_tilt,Sentiment Tilt,-0.0014008668126595856,2021-05-28,2021-06-01,2021-06-30,252,0.15,1.071113829688299,-0.02317764385328347
2021-06-30,Equity - Minimum Variance Sentiment Tilt,Equity - Minimum Variance,Equity,sentiment_tilt,Sentiment Tilt,0.010085490213333109,2021-05-28,2021-06-01,2021-06-30,252,0.15,1.081916537734986,-0.013325911540200797
2021-07-01,Equity - Minimum Variance Sentiment Tilt,Equity - Minimum Variance,Equity,sentiment_tilt,Sentiment Tilt,-0.0011225642577851428,2021-06-30,2021-07-01,2021-07-30,252,0.15,1.080702016899818,-0.014433516605988461
2021-07-02,Equity - Minimum Variance Sentiment Tilt,Equity - Minimum Variance,Equity,sentiment_tilt,Sentiment Tilt,0.005916419312107912,2021-06-30,2021-07-01,2021-07-30,252,0.15,1.0870959031832381,-0.00860249203026986
2021-07-06,Equity - Minimum Variance Sentiment Tilt,Equity - Minimum Variance,Equity,sentiment_tilt,Sentiment Tilt,-0.0015431001568170053,2021-06-30,2021-07-01,2021-07-30,252,0.15,1.085418405324561,-0.010132317680285885
2021-07-07,Equity - Minimum Variance Sentiment Tilt,Equity - Minimum Variance,Equity,sentiment_tilt,Sentiment Tilt,0.002559706607795637,2021-06-30,2021-07-01,2021-07-30,252,0.15,1.0881967579888931,-0.007598546833008868
2021-07-08,Equity - Minimum Variance Sentiment Tilt,Equity - Minimum Variance,Equity,sentiment_tilt,Sentiment Tilt,-0.007765406114538307,2021-06-30,2021-07-01,2021-07-30,252,0.15,1.0797464682305853,-0.015304947145508674
2021-07-09,Equity - Minimum Variance Sentiment Tilt,Equity - Minimum Variance,Equity,sentiment_tilt,Sentiment Tilt,0.0073795567158612355,2021-06-30,2021-07-01,2021-07-30,252,0.15,1.0877145185316437,-0.008038334155140991
2021-07-12,Equity - Minimum Variance Sentiment Tilt,Equity - Minimum Variance,Equity,sentiment_tilt,Sentiment Tilt,-0.0002718702406925441,2021-06-30,2021-07-01,2021-07-30,252,0.15,1.0874188013236858,-0.008308019011991963
2021-07-13,Equity - Minimum Variance Sentiment Tilt,Equity - Minimum Variance,Equity,sentiment_tilt,Sentiment Tilt,0.0018349278848446024,2021-06-30,2021-07-01,2021-07-30,252,0.15,1.089414136404739,-0.006488335742900309
2021-07-14,Equity - Minimum Variance Sentiment Tilt,Equity - Minimum Variance,Equity,sentiment_tilt,Sentiment Tilt,0.004113824976382044,2021-06-30,2021-07-01,2021-07-30,252,0.15,1.0938957954887045,-0.0024012026441524448
2021-07-15,Equity - Minimum Variance Sentiment Tilt,Equity - Minimum Variance,Equity,sentiment_tilt,Sentiment Tilt,2.0248113879490148e-05,2021-06-30,2021-07-01,2021-07-30,252,0.15,1.093917944815344,-0.0023810031500973716
2021-07-16,Equity - Minimum Variance Sentiment Tilt,Equity - Minimum Variance,Equity,sentiment_tilt,Sentiment Tilt,-0.002645360367675241,2021-06-30,2021-07-01,2021-07-30,252,0.15,1.0910241376386407,-0.005020064906404054
2021-07-19,Equity - Minimum Variance Sentiment Tilt,Equity - Minimum Variance,Equity,sentiment_tilt,Sentiment Tilt,-0.011001768943497397,2021-06-30,2021-07-01,2021-07-30,252,0.15,1.079020942164562,-0.01596660425571972
2021-07-20,Equity - Minimum Variance Sentiment Tilt,Equity - Minimum Variance,Equity,sentiment_tilt,Sentiment Tilt,0.004682884139841335,2021-06-30,2021-07-01,2021-07-30,252,0.15,1.0840738722211811,-0.011358489873714683
2021-07-21,Equity - Minimum Variance Sentiment Tilt,Equity - Minimum Variance,Equity,sentiment_tilt,Sentiment Tilt,-0.002220806394014574,2021-06-30,2021-07-01,2021-07-30,252,0.15,1.0816663540341682,-0.013554071260791223
2021-07-22,Equity - Minimum Variance Sentiment Tilt,Equity - Minimum Variance,Equity,sentiment_tilt,Sentiment Tilt,0.002019934114042431,2021-06-30,2021-07-01,2021-07-30,252,0.15,1.0838512488026937,-0.011561515477672701
2021-07-23,Equity - Minimum Variance Sentiment Tilt,Equity - Minimum Variance,Equity,sentiment_tilt,Sentiment Tilt,0.00875529708677928,2021-06-30,2021-07-01,2021-07-30,252,0.15,1.093340688483838,-0.0029074428936739505
2021-07-26,Equity - Minimum Variance Sentiment Tilt,Equity - Minimum Variance,Equity,sentiment_tilt,Sentiment Tilt,7.057600635143471e-05,2021-06-30,2021-07-01,2021-07-30,252,0.15,1.0934178521032127,-0.002837072083030523
2021-07-27,Equity - Minimum Variance Sentiment Tilt,Equity - Minimum Variance,Equity,sentiment_tilt,Sentiment Tilt,-0.002405123571066029,2021-06-30,2021-07-01,2021-07-30,252,0.15,1.090788047054095,-0.005235372145156791
2021-07-28,Equity - Minimum Variance Sentiment Tilt,Equity - Minimum Variance,Equity,sentiment_tilt,Sentiment Tilt,0.004044049422327441,2021-06-30,2021-07-01,2021-07-30,252,0.15,1.0951992478256658,-0.0012124948265286317
2021-07-29,Equity - Minimum Variance Sentiment Tilt,Equity - Minimum Variance,Equity,sentiment_tilt,Sentiment Tilt,-0.0007873273222478466,2021-06-30,2021-07-01,2021-07-30,252,0.15,1.0943369675345473,-0.0019988675184714477
2021-07-30,Equity - Minimum Variance Sentiment Tilt,Equity - Minimum Variance,Equity,sentiment_tilt,Sentiment Tilt,-0.003655164395682583,2021-06-30,2021-07-01,2021-07-30,252,0.15,1.0903369860139358,-0.005646725724768875
2021-08-02,Equity - Minimum Variance Sentiment Tilt,Equity - Minimum Variance,Equity,sentiment_tilt,Sentiment Tilt,-0.004486259235937097,2021-07-30,2021-08-02,2021-08-31,252,0.15,1.0854454516401468,-0.010107652285270552
2021-08-03,Equity - Minimum Variance Sentiment Tilt,Equity - Minimum Variance,Equity,sentiment_tilt,Sentiment Tilt,0.004048937948504734,2021-07-30,2021-08-02,2021-08-31,252,0.15,1.0898403529203244,-0.006099639593673989
2021-08-04,Equity - Minimum Variance Sentiment Tilt,Equity - Minimum Variance,Equity,sentiment_tilt,Sentiment Tilt,-0.00962481041329595,2021-07-30,2021-08-02,2021-08-31,252,0.15,1.0793508461427068,-0.015665742132291327
2021-08-05,Equity - Minimum Variance Sentiment Tilt,Equity - Minimum Variance,Equity,sentiment_tilt,Sentiment Tilt,0.0013656849110203232,2021-07-30,2021-08-02,2021-08-31,252,0.15,1.0808248993069811,-0.01432145168892085
2021-08-06,Equity - Minimum Variance Sentiment Tilt,Equity - Minimum Variance,Equity,sentiment_tilt,Sentiment Tilt,-0.006185375076659637,2021-07-30,2021-08-02,2021-08-31,252,0.15,1.0741395919125745,-0.020418243215242327
2021-08-09,Equity - Minimum Variance Sentiment Tilt,Equity - Minimum Variance,Equity,sentiment_tilt,Sentiment Tilt,-0.0013532733869618765,2021-07-30,2021-08-02,2021-08-31,252,0.15,1.0726859873889572,-0.021743885137052388
2021-08-10,Equity - Minimum Variance Sentiment Tilt,Equity - Minimum Variance,Equity,sentiment_tilt,Sentiment Tilt,0.006174502282636479,2021-07-30,2021-08-02,2021-08-31,252,0.15,1.0793092894666425,-0.015703640522828022
2021-08-11,Equity - Minimum Variance Sentiment Tilt,Equity - Minimum Variance,Equity,sentiment_tilt,Sentiment Tilt,0.006516308828870767,2021-07-30,2021-08-02,2021-08-31,252,0.15,1.086342402118676,-0.009289661465341714
2021-08-12,Equity - Minimum Variance Sentiment Tilt,Equity - Minimum Variance,Equity,sentiment_tilt,Sentiment Tilt,0.004057215098835705,2021-07-30,2021-08-02,2021-08-31,252,0.15,1.0907499269150573,-0.005270136521266289
2021-08-13,Equity - Minimum Variance Sentiment Tilt,Equity - Minimum Variance,Equity,sentiment_tilt,Sentiment Tilt,0.003352169982387277,2021-07-30,2021-08-02,2021-08-31,252,0.15,1.094406306078353,-0.0019356329323286792
2021-08-16,Equity - Minimum Variance Sentiment Tilt,Equity - Minimum Variance,Equity,sentiment_tilt,Sentiment Tilt,0.009253282964608174,2021-07-30,2021-08-02,2021-08-31,252,0.15,1.1045331573067476,0.0
2021-08-17,Equity - Minimum Variance Sentiment Tilt,Equity - Minimum Variance,Equity,sentiment_tilt,Sentiment Tilt,0.004829359630420517,2021-07-30,2021-08-02,2021-08-31,252,0.15,1.1098673451471057,0.0
2021-08-18,Equity - Minimum Variance Sentiment Tilt,Equity - Minimum Variance,Equity,sentiment_tilt,Sentiment Tilt,-0.014555085981157794,2021-07-30,2021-08-02,2021-08-31,252,0.15,1.0937131305108103,-0.014555085981157734
2021-08-19,Equity - Minimum Variance Sentiment Tilt,Equity - Minimum Variance,Equity,sentiment_tilt,Sentiment Tilt,0.0020869832100687217,2021-07-30,2021-08-02,2021-08-31,252,0.15,1.095995691450818,-0.012498478991152862
2021-08-20,Equity - Minimum Variance Sentiment Tilt,Equity - Minimum Variance,Equity,sentiment_tilt,Sentiment Tilt,0.004062580874012028,2021-07-30,2021-08-02,2021-08-31,252,0.15,1.1004482625849057,-0.008486674198844524
2021-08-23,Equity - Minimum Variance Sentiment Tilt,Equity - Minimum Variance,Equity,sentiment_tilt,Sentiment Tilt,0.003760273774827631,2021-07-30,2021-08-02,2021-08-31,252,0.15,1.1045862493272585,-0.004758312642442197
2021-08-24,Equity - Minimum Variance Sentiment Tilt,Equity - Minimum Variance,Equity,sentiment_tilt,Sentiment Tilt,-0.00464445517457787,2021-07-30,2021-08-02,2021-08-31,252,0.15,1.0994560480058029,-0.009380668047245688
2021-08-25,Equity - Minimum Variance Sentiment Tilt,Equity - Minimum Variance,Equity,sentiment_tilt,Sentiment Tilt,-0.004150982425301412,2021-07-30,2021-08-02,2021-08-31,252,0.15,1.0948922252731395,-0.013492711484345388
2021-08-26,Equity - Minimum Variance Sentiment Tilt,Equity - Minimum Variance,Equity,sentiment_tilt,Sentiment Tilt,-0.0034999846227662624,2021-07-30,2021-08-02,2021-08-31,252,0.15,1.0910601193210971,-0.016945471824396985
2021-08-27,Equity - Minimum Variance Sentiment Tilt,Equity - Minimum Variance,Equity,sentiment_tilt,Sentiment Tilt,0.0023703913493414346,2021-07-30,2021-08-02,2021-08-31,252,0.15,1.0936463587895473,-0.014615247874878667
2021-08-30,Equity - Minimum Variance Sentiment Tilt,Equity - Minimum Variance,Equity,sentiment_tilt,Sentiment Tilt,0.0040801840227606915,2021-07-30,2021-08-02,2021-08-31,252,0.15,1.0981086371892308,-0.010594696752985744
2021-08-31,Equity - Minimum Variance Sentiment Tilt,Equity - Minimum Variance,Equity,sentiment_tilt,Sentiment Tilt,0.004936556954474789,2021-07-30,2021-08-02,2021-08-31,252,0.15,1.1035295130189162,-0.005710441122447341
2021-09-01,Equity - Minimum Variance Sentiment Tilt,Equity - Minimum Variance,Equity,sentiment_tilt,Sentiment Tilt,-0.007860016866387414,2021-08-31,2021-09-01,2021-09-30,252,0.15,1.0948557524340312,-0.013525573825297843
2021-09-02,Equity - Minimum Variance Sentiment Tilt,Equity - Minimum Variance,Equity,sentiment_tilt,Sentiment Tilt,0.0048697636480787825,2021-08-31,2021-09-01,2021-09-30,252,0.15,1.1001874411771244,-0.008721676524952926
2021-09-03,Equity - Minimum Variance Sentiment Tilt,Equity - Minimum Variance,Equity,sentiment_tilt,Sentiment Tilt,0.0019126100269718262,2021-08-31,2021-09-01,2021-09-30,252,0.15,1.102291670708668,-0.006825747663954829
2021-09-07,Equity - Minimum Variance Sentiment Tilt,Equity - Minimum Variance,Equity,sentiment_tilt,Sentiment Tilt,-0.019121197671236365,2021-08-31,2021-09-01,2021-09-30,252,0.15,1.0812145337816903,-0.02581642886485469
2021-09-08,Equity - Minimum Variance Sentiment Tilt,Equity - Minimum Variance,Equity,sentiment_tilt,Sentiment Tilt,0.003920022750573255,2021-08-31,2021-09-01,2021-09-30,252,0.15,1.085452919352365,-0.02199760710277021
2021-09-09,Equity - Minimum Variance Sentiment Tilt,Equity - Minimum Variance,Equity,sentiment_tilt,Sentiment Tilt,-0.014190296825014884,2021-08-31,2021-09-01,2021-09-30,252,0.15,1.0700500202371759,-0.03587575135355692
2021-09-10,Equity - Minimum Variance Sentiment Tilt,Equity - Minimum Variance,Equity,sentiment_tilt,Sentiment Tilt,-0.0015084921615022913,2021-08-31,2021-09-01,2021-09-30,252,0.15,1.0684358581692328,-0.03733012522535428
2021-09-13,Equity - Minimum Variance Sentiment Tilt,Equity - Minimum Variance,Equity,sentiment_tilt,Sentiment Tilt,-0.0008009733820262277,2021-08-31,2021-09-01,2021-09-30,252,0.15,1.0675800694864368,-0.038101198170727324
2021-09-14,Equity - Minimum Variance Sentiment Tilt,Equity - Minimum Variance,Equity,sentiment_tilt,Sentiment Tilt,-0.004849901966097877,2021-08-31,2021-09-01,2021-09-30,252,0.15,1.0624024108084675,-0.04276631306090639
2021-09-15,Equity - Minimum Variance Sentiment Tilt,Equity - Minimum Variance,Equity,sentiment_tilt,Sentiment Tilt,0.001971719982582751,2021-08-31,2021-09-01,2021-09-30,252,0.15,1.0644971708714028,-0.04087891627236706
2021-09-16,Equity - Minimum Variance Sentiment Tilt,Equity - Minimum Variance,Equity,sentiment_tilt,Sentiment Tilt,-0.007546412629082846,2021-08-31,2021-09-01,2021-09-30,252,0.15,1.056464035977516,-0.048116839731428884
2021-09-17,Equity - Minimum Variance Sentiment Tilt,Equity - Minimum Variance,Equity,sentiment_tilt,Sentiment Tilt,-0.005991455547711275,2021-08-31,2021-09-01,2021-09-30,252,0.15,1.0501342786682009,-0.05382000537279308
2021-09-20,Equity - Minimum Variance Sentiment Tilt,Equity - Minimum Variance,Equity,sentiment_tilt,Sentiment Tilt,-0.011170591501234143,2021-08-31,2021-09-01,2021-09-30,252,0.15,1.0384036576197553,-0.06438939557941348
2021-09-21,Equity - Minimum Variance Sentiment Tilt,Equity - Minimum Variance,Equity,sentiment_tilt,Sentiment Tilt,-0.001573460110648238,2021-08-31,2021-09-01,2021-09-30,252,0.15,1.0367697708857395,-0.06586154154456869
2021-09-22,Equity - Minimum Variance Sentiment Tilt,Equity - Minimum Variance,Equity,sentiment_tilt,Sentiment Tilt,-0.001945471075864129,2021-08-31,2021-09-01,2021-09-30,252,0.15,1.034752765284151,-0.067678880896346
2021-09-23,Equity - Minimum Variance Sentiment Tilt,Equity - Minimum Variance,Equity,sentiment_tilt,Sentiment Tilt,0.0030941887274377423,2021-08-31,2021-09-01,2021-09-30,252,0.15,1.0379544856261784,-0.06479410339926317
2021-09-24,Equity - Minimum Variance Sentiment Tilt,Equity - Minimum Variance,Equity,sentiment_tilt,Sentiment Tilt,0.0007360377795853862,2021-08-31,2021-09-01,2021-09-30,252,0.15,1.0387184593410894,-0.06410575652767403
2021-09-27,Equity - Minimum Variance Sentiment Tilt,Equity - Minimum Variance,Equity,sentiment_tilt,Sentiment Tilt,-0.002012048020236204,2021-08-31,2021-09-01,2021-09-30,252,0.15,1.0366285079213893,-0.06598882068740308
2021-09-28,Equity - Minimum Variance Sentiment Tilt,Equity - Minimum Variance,Equity,sentiment_tilt,Sentiment Tilt,-0.0014181638890241083,2021-08-31,2021-09-01,2021-09-30,252,0.15,1.035158398805122,-0.06731340161384913
2021-09-29,Equity - Minimum Variance Sentiment Tilt,Equity - Minimum Variance,Equity,sentiment_tilt,Sentiment Tilt,0.008115300891981658,2021-08-31,2021-09-01,2021-09-30,252,0.15,1.0435590206822876,-0.059744369230026684
2021-09-30,Equity - Minimum Variance Sentiment Tilt,Equity - Minimum Variance,Equity,sentiment_tilt,Sentiment Tilt,-0.005347333203023007,2021-08-31,2021-09-01,2021-09-30,252,0.15,1.037978762881679,-0.06477222938377225
2021-10-01,Equity - Minimum Variance Sentiment Tilt,Equity - Minimum Variance,Equity,sentiment_tilt,Sentiment Tilt,0.0037860355490159847,2021-09-30,2021-10-01,2021-10-29,252,0.15,1.0419085873770728,-0.06123142379779212
2021-10-04,Equity - Minimum Variance Sentiment Tilt,Equity - Minimum Variance,Equity,sentiment_tilt,Sentiment Tilt,-0.0004685493992470885,2021-09-30,2021-10-01,2021-10-29,252,0.15,1.0414204017343869,-0.06167128325020377
2021-10-05,Equity - Minimum Variance Sentiment Tilt,Equity - Minimum Variance,Equity,sentiment_tilt,Sentiment Tilt,0.0003392237500619685,2021-09-30,2021-10-01,2021-10-29,252,0.15,1.0417736762684542,-0.06135297986411714
2021-10-06,Equity - Minimum Variance Sentiment Tilt,Equity - Minimum Variance,Equity,sentiment_tilt,Sentiment Tilt,-0.0007587440931014387,2021-09-30,2021-10-01,2021-10-29,252,0.15,1.040983236645237,-0.06206517274615253
2021-10-07,Equity - Minimum Variance Sentiment Tilt,Equity - Minimum Variance,Equity,sentiment_tilt,Sentiment Tilt,0.00996496028334329,2021-09-30,2021-10-01,2021-10-29,252,0.15,1.051356593254033,-0.05271868944420344
2021-10-08,Equity - Minimum Variance Sentiment Tilt,Equity - Minimum Variance,Equity,sentiment_tilt,Sentiment Tilt,6.599446567787473e-05,2021-09-30,2021-10-01,2021-10-29,252,0.15,1.0514259769706416,-0.052656174120266686
2021-10-11,Equity - Minimum Variance Sentiment Tilt,Equity - Minimum Variance,Equity,sentiment_tilt,Sentiment Tilt,-0.002453013486378221,2021-09-30,2021-10-01,2021-10-29,252,0.15,1.048846814869204,-0.054980021301386905
2021-10-12,Equity - Minimum Variance Sentiment Tilt,Equity - Minimum Variance,Equity,sentiment_tilt,Sentiment Tilt,-0.00048771190292880035,2021-09-30,2021-10-01,2021-10-29,252,0.15,1.0483352797932433,-0.05544091879350388
2021-10-13,Equity - Minimum Variance Sentiment Tilt,Equity - Minimum Variance,Equity,sentiment_tilt,Sentiment Tilt,0.0046763933590051755,2021-09-30,2021-10-01,2021-10-29,252,0.15,1.0532377079336792,-0.05102378897896187
2021-10-14,Equity - Minimum Variance Sentiment Tilt,Equity - Minimum Variance,Equity,sentiment_tilt,Sentiment Tilt,0.011957455978498533,2021-09-30,2021-10-01,2021-10-29,252,0.15,1.0658317514611908,-0.03967644771103551
2021-10-15,Equity - Minimum Variance Sentiment Tilt,Equity - Minimum Variance,Equity,sentiment_tilt,Sentiment Tilt,-0.0026941995057074564,2021-09-30,2021-10-01,2021-10-29,252,0.15,1.0629601880832367,-0.04226375095093171
2021-10-18,Equity - Minimum Variance Sentiment Tilt,Equity - Minimum Variance,Equity,sentiment_tilt,Sentiment Tilt,-0.004160518007127589,2021-09-30,2021-10-01,2021-10-29,252,0.15,1.0585377230798567,-0.04624842986117916
2021-10-19,Equity - Minimum Variance Sentiment Tilt,Equity - Minimum Variance,Equity,sentiment_tilt,Sentiment Tilt,0.011273781085159456,2021-09-30,2021-10-01,2021-10-29,252,0.15,1.0704714456402422,-0.03549604344980695
2021-10-20,Equity - Minimum Variance Sentiment Tilt,Equity - Minimum Variance,Equity,sentiment_tilt,Sentiment Tilt,0.007713963615409351,2021-09-30,2021-10-01,2021-10-29,252,0.15,1.0787290234232456,-0.028055895022060406
2021-10-21,Equity - Minimum Variance Sentiment Tilt,Equity - Minimum Variance,Equity,sentiment_tilt,Sentiment Tilt,0.004560321860606642,2021-09-30,2021-10-01,2021-10-29,252,0.15,1.0836483749704335,-0.023623517072841715
2021-10-22,Equity - Minimum Variance Sentiment Tilt,Equity - Minimum Variance,Equity,sentiment_tilt,Sentiment Tilt,0.004901987336920173,2021-09-30,2021-10-01,2021-10-29,252,0.15,1.0889604055822129,-0.01883733191746606
2021-10-25,Equity - Minimum Variance Sentiment Tilt,Equity - Minimum Variance,Equity,sentiment_tilt,Sentiment Tilt,0.006475366687513629,2021-09-30,2021-10-01,2021-10-29,252,0.15,1.0960118235165413,-0.012483943861532398
2021-10-26,Equity - Minimum Variance Sentiment Tilt,Equity - Minimum Variance,Equity,sentiment_tilt,Sentiment Tilt,-0.000498055818526885,2021-09-30,2021-10-01,2021-10-29,252,0.15,1.0954659484506646,-0.012975781979180923
2021-10-27,Equity - Minimum Variance Sentiment Tilt,Equity - Minimum Variance,Equity,sentiment_tilt,Sentiment Tilt,-0.010698177010285763,2021-09-30,2021-10-01,2021-10-29,252,0.15,1.0837464598253987,-0.023535141777006552
2021-10-28,Equity - Minimum Variance Sentiment Tilt,Equity - Minimum Variance,Equity,sentiment_tilt,Sentiment Tilt,0.00772027175930726,2021-09-30,2021-10-01,2021-10-29,252,0.15,1.0921132770134379,-0.015996567708111753
2021-10-29,Equity - Minimum Variance Sentiment Tilt,Equity - Minimum Variance,Equity,sentiment_tilt,Sentiment Tilt,0.0015727958120715867,2021-09-30,2021-10-01,2021-10-29,252,0.15,1.0938309482018322,-0.014448931230739093
2021-11-01,Equity - Minimum Variance Sentiment Tilt,Equity - Minimum Variance,Equity,sentiment_tilt,Sentiment Tilt,0.004095257094765204,2021-10-29,2021-11-01,2021-11-30,252,0.15,1.0983104671529296,-0.010412846224108319
2021-11-02,Equity - Minimum Variance Sentiment Tilt,Equity - Minimum Variance,Equity,sentiment_tilt,Sentiment Tilt,0.0055951325711712085,2021-10-29,2021-11-01,2021-11-30,252,0.15,1.1044556598209552,-0.004875974908004177
2021-11-03,Equity - Minimum Variance Sentiment Tilt,Equity - Minimum Variance,Equity,sentiment_tilt,Sentiment Tilt,0.0028733599816098457,2021-10-29,2021-11-01,2021-11-30,252,0.15,1.107629158515347,-0.002016625357566526
2021-11-04,Equity - Minimum Variance Sentiment Tilt,Equity - Minimum Variance,Equity,sentiment_tilt,Sentiment Tilt,0.004270561725358368,2021-10-29,2021-11-01,2021-11-30,252,0.15,1.1123593572055936,0.0
2021-11-05,Equity - Minimum Variance Sentiment Tilt,Equity - Minimum Variance,Equity,sentiment_tilt,Sentiment Tilt,-0.012016039276987269,2021-10-29,2021-11-01,2021-11-30,252,0.15,1.0989932034792869,-0.012016039276987356
2021-11-08,Equity - Minimum Variance Sentiment Tilt,Equity - Minimum Variance,Equity,sentiment_tilt,Sentiment Tilt,-0.004187740952017951,2021-10-29,2021-11-01,2021-11-30,252,0.15,1.0943909046350873,-0.016153460169244016
2021-11-09,Equity - Minimum Variance Sentiment Tilt,Equity - Minimum Variance,Equity,sentiment_tilt,Sentiment Tilt,0.0038911806270483583,2021-10-29,2021-11-01,2021-11-30,252,0.15,1.0986493773216213,-0.012325135573465928
2021-11-10,Equity - Minimum Variance Sentiment Tilt,Equity - Minimum Variance,Equity,sentiment_tilt,Sentiment Tilt,0.004621769724888496,2021-10-29,2021-11-01,2021-11-30,252,0.15,1.103727081751994,-0.00776032978702601
2021-11-11,Equity - Minimum Variance Sentiment Tilt,Equity - Minimum Variance,Equity,sentiment_tilt,Sentiment Tilt,0.005662752206999041,2021-10-29,2021-11-01,2021-11-30,252,0.15,1.1099772147201097,-0.0021415224046554826
2021-11-12,Equity - Minimum Variance Sentiment Tilt,Equity - Minimum Variance,Equity,sentiment_tilt,Sentiment Tilt,0.001958692529067155,2021-10-29,2021-11-01,2021-11-30,252,0.15,1.1121513187980168,-0.00018702445952312186
2021-11-15,Equity - Minimum Variance Sentiment Tilt,Equity - Minimum Variance,Equity,sentiment_tilt,Sentiment Tilt,-0.006379086583595366,2021-10-29,2021-11-01,2021-11-30,252,0.15,1.1050568092413444,-0.006564917997897934
2021-11-16,Equity - Minimum Variance Sentiment Tilt,Equity - Minimum Variance,Equity,sentiment_tilt,Sentiment Tilt,-0.009746065338407153,2021-10-29,2021-11-01,2021-11-30,252,0.15,1.0942868533758265,-0.01624700121655631
2021-11-17,Equity - Minimum Variance Sentiment Tilt,Equity - Minimum Variance,Equity,sentiment_tilt,Sentiment Tilt,-0.0020033160637351263,2021-10-29,2021-11-01,2021-11-30,252,0.15,1.0920946509441245,-0.018217769401766892
2021-11-18,Equity - Minimum Variance Sentiment Tilt,Equity - Minimum Variance,Equity,sentiment_tilt,Sentiment Tilt,-0.0011482737575528737,2021-10-29,2021-11-01,2021-11-30,252,0.15,1.0908406273156814,-0.01934512417279466
2021-11-19,Equity - Minimum Variance Sentiment Tilt,Equity - Minimum Variance,Equity,sentiment_tilt,Sentiment Tilt,-0.009595270046150867,2021-10-29,2021-11-01,2021-11-30,252,0.15,1.0803737169192749,-0.02875477252843117
2021-11-22,Equity - Minimum Variance Sentiment Tilt,Equity - Minimum Variance,Equity,sentiment_tilt,Sentiment Tilt,-0.0020874323766869297,2021-10-29,2021-11-01,2021-11-30,252,0.15,1.0781185098436559,-0.030782181261958086
2021-11-23,Equity - Minimum Variance Sentiment Tilt,Equity - Minimum Variance,Equity,sentiment_tilt,Sentiment Tilt,0.008530960382041234,2021-10-29,2021-11-01,2021-11-30,252,0.15,1.0873158961382774,-0.022513822448735454
2021-11-24,Equity - Minimum Variance Sentiment Tilt,Equity - Minimum Variance,Equity,sentiment_tilt,Sentiment Tilt,-0.0018017398294255197,2021-10-29,2021-11-01,2021-11-30,252,0.15,1.0853568357810375,-0.024274998227542532
2021-11-26,Equity - Minimum Variance Sentiment Tilt,Equity - Minimum Variance,Equity,sentiment_tilt,Sentiment Tilt,-0.01023481360502285,2021-10-29,2021-11-01,2021-11-30,252,0.15,1.074248410871881,-0.034261361750444363
2021-11-29,Equity - Minimum Variance Sentiment Tilt,Equity - Minimum Variance,Equity,sentiment_tilt,Sentiment Tilt,-0.0058112883556388035,2021-10-29,2021-11-01,2021-11-30,252,0.15,1.0680056435907177,-0.039873547453494584
2021-11-30,Equity - Minimum Variance Sentiment Tilt,Equity - Minimum Variance,Equity,sentiment_tilt,Sentiment Tilt,-0.015347002101480812,2021-10-29,2021-11-01,2021-11-30,252,0.15,1.0516149587341377,-0.054608610138413005
2021-12-01,Equity - Minimum Variance Sentiment Tilt,Equity - Minimum Variance,Equity,sentiment_tilt,Sentiment Tilt,-0.012710858155050242,2021-11-30,2021-12-01,2021-12-31,252,0.15,1.038248030159939,-0.06662534599594949
2021-12-02,Equity - Minimum Variance Sentiment Tilt,Equity - Minimum Variance,Equity,sentiment_tilt,Sentiment Tilt,0.002585672050943767,2021-11-30,2021-12-01,2021-12-31,252,0.15,1.040932599073471,-0.06421194524003182
2021-12-03,Equity - Minimum Variance Sentiment Tilt,Equity - Minimum Variance,Equity,sentiment_tilt,Sentiment Tilt,0.012700292544113942,2021-11-30,2021-12-01,2021-12-31,252,0.15,1.0541527476004091,-0.052327163185292846
2021-12-06,Equity - Minimum Variance Sentiment Tilt,Equity - Minimum Variance,Equity,sentiment_tilt,Sentiment Tilt,0.012303220760862436,2021-11-30,2021-12-01,2021-12-31,252,0.15,1.0671222215698066,-0.040667735064888744
2021-12-07,Equity - Minimum Variance Sentiment Tilt,Equity - Minimum Variance,Equity,sentiment_tilt,Sentiment Tilt,0.000910481450910203,2021-11-30,2021-12-01,2021-12-31,252,0.15,1.0680938165584,-0.03979428083240566
2021-12-08,Equity - Minimum Variance Sentiment Tilt,Equity - Minimum Variance,Equity,sentiment_tilt,Sentiment Tilt,0.0007341447697004752,2021-11-30,2021-12-01,2021-12-31,252,0.15,1.0688779520473757,-0.03908935082584242
2021-12-09,Equity - Minimum Variance Sentiment Tilt,Equity - Minimum Variance,Equity,sentiment_tilt,Sentiment Tilt,0.0038787543883282536,2021-11-30,2021-12-01,2021-12-31,252,0.15,1.0730238670944667,-0.035362214428566796
2021-12-10,Equity - Minimum Variance Sentiment Tilt,Equity - Minimum Variance,Equity,sentiment_tilt,Sentiment Tilt,0.008891579885272572,2021-11-30,2021-12-01,2021-12-31,252,0.15,1.0825647445275415,-0.026785060497805824
2021-12-13,Equity - Minimum Variance Sentiment Tilt,Equity - Minimum Variance,Equity,sentiment_tilt,Sentiment Tilt,0.011091616195563267,2021-11-30,2021-12-01,2021-12-31,252,0.15,1.094572137180689,-0.015990533913059157
2021-12-14,Equity - Minimum Variance Sentiment Tilt,Equity - Minimum Variance,Equity,sentiment_tilt,Sentiment Tilt,0.0028091366221000605,2021-11-30,2021-12-01,2021-12-31,252,0.15,1.0976469398567736,-0.013226316885381117
2021-12-15,Equity - Minimum Variance Sentiment Tilt,Equity - Minimum Variance,Equity,sentiment_tilt,Sentiment Tilt,0.007440265103397443,2021-11-30,2021-12-01,2021-12-31,252,0.15,1.105813724079241,-0.005884459085952476
2021-12-16,Equity - Minimum Variance Sentiment Tilt,Equity - Minimum Variance,Equity,sentiment_tilt,Sentiment Tilt,0.011914204162426867,2021-11-30,2021-12-01,2021-12-31,252,0.15,1.1189886145535346,0.0
2021-12-17,Equity - Minimum Variance Sentiment Tilt,Equity - Minimum Variance,Equity,sentiment_tilt,Sentiment Tilt,-0.013415950110899834,2021-11-30,2021-12-01,2021-12-31,252,0.15,1.1039763191260195,-0.0134159501108998
2021-12-20,Equity - Minimum Variance Sentiment Tilt,Equity - Minimum Variance,Equity,sentiment_tilt,Sentiment Tilt,0.00332815113440989,2021-11-30,2021-12-01,2021-12-31,252,0.15,1.1076505191648804,-0.01013244928607071
2021-12-21,Equity - Minimum Variance Sentiment Tilt,Equity - Minimum Variance,Equity,sentiment_tilt,Sentiment Tilt,-0.0006889322866859682,2021-11-30,2021-12-01,2021-12-31,252,0.15,1.1068874229598633,-0.010814401001300267
2021-12-22,Equity - Minimum Variance Sentiment Tilt,Equity - Minimum Variance,Equity,sentiment_tilt,Sentiment Tilt,0.00437261879137071,2021-11-30,2021-12-01,2021-12-31,252,0.15,1.1117274197054294,-0.006489069462965236
2021-12-23,Equity - Minimum Variance Sentiment Tilt,Equity - Minimum Variance,Equity,sentiment_tilt,Sentiment Tilt,0.0035231259952468205,2021-11-30,2021-12-01,2021-12-31,252,0.15,1.1156441754774222,-0.0029888052770284945
2021-12-27,Equity - Minimum Variance Sentiment Tilt,Equity - Minimum Variance,Equity,sentiment_tilt,Sentiment Tilt,0.009493233094586695,2021-11-30,2021-12-01,2021-12-31,252,0.15,1.1262352456858473,0.0
2021-12-28,Equity - Minimum Variance Sentiment Tilt,Equity - Minimum Variance,Equity,sentiment_tilt,Sentiment Tilt,0.0053583662263454405,2021-11-30,2021-12-01,2021-12-31,252,0.15,1.1322700265892502,0.0
2021-12-29,Equity - Minimum Variance Sentiment Tilt,Equity - Minimum Variance,Equity,sentiment_tilt,Sentiment Tilt,0.0034781614292408113,2021-11-30,2021-12-01,2021-12-31,252,0.15,1.1362082445232184,0.0
2021-12-30,Equity - Minimum Variance Sentiment Tilt,Equity - Minimum Variance,Equity,sentiment_tilt,Sentiment Tilt,0.0031628441207771424,2021-11-30,2021-12-01,2021-12-31,252,0.15,1.1398018940893873,0.0
2021-12-31,Equity - Minimum Variance Sentiment Tilt,Equity - Minimum Variance,Equity,sentiment_tilt,Sentiment Tilt,0.00016674039850474599,2021-11-30,2021-12-01,2021-12-31,252,0.15,1.1399919451114242,0.0
2022-01-03,Equity - Minimum Variance Sentiment Tilt,Equity - Minimum Variance,Equity,sentiment_tilt,Sentiment Tilt,-0.0022373298435803346,2021-12-31,2022-01-03,2022-01-31,252,0.15,1.1374414071111851,-0.0022373298435803823
2022-01-04,Equity - Minimum Variance Sentiment Tilt,Equity - Minimum Variance,Equity,sentiment_tilt,Sentiment Tilt,-0.0023871697386647784,2021-12-31,2022-01-03,2022-01-31,252,0.15,1.134726141404625,-0.004619158696147152
2022-01-05,Equity - Minimum Variance Sentiment Tilt,Equity - Minimum Variance,Equity,sentiment_tilt,Sentiment Tilt,1.0288688978242304e-05,2021-12-31,2022-01-03,2022-01-31,252,0.15,1.1347378162489696,-0.004608917532255896
2022-01-06,Equity - Minimum Variance Sentiment Tilt,Equity - Minimum Variance,Equity,sentiment_tilt,Sentiment Tilt,-0.009117281676596022,2021-12-31,2022-01-03,2022-01-31,252,0.15,1.1243920919491424,-0.013684178409486103
2022-01-07,Equity - Minimum Variance Sentiment Tilt,Equity - Minimum Variance,Equity,sentiment_tilt,Sentiment Tilt,0.0031330165034249477,2021-12-31,2022-01-03,2022-01-31,252,0.15,1.1279148309295395,-0.010594034662853913
2022-01-10,Equity - Minimum Variance Sentiment Tilt,Equity - Minimum Variance,Equity,sentiment_tilt,Sentiment Tilt,-0.0019454599425099994,2021-12-31,2022-01-03,2022-01-31,252,0.15,1.125720517807403,-0.012518884335297908
2022-01-11,Equity - Minimum Variance Sentiment Tilt,Equity - Minimum Variance,Equity,sentiment_tilt,Sentiment Tilt,0.00493082554782935,2021-12-31,2022-01-03,2022-01-31,252,0.15,1.1312712492963235,-0.0076497872221793495
2022-01-12,Equity - Minimum Variance Sentiment Tilt,Equity - Minimum Variance,Equity,sentiment_tilt,Sentiment Tilt,0.004286147671093471,2021-12-31,2022-01-03,2022-01-31,252,0.15,1.1361200449268698,-0.0033964276687726835
2022-01-13,Equity - Minimum Variance Sentiment Tilt,Equity - Minimum Variance,Equity,sentiment_tilt,Sentiment Tilt,-0.0015472877912525353,2021-12-31,2022-01-03,2022-01-31,252,0.15,1.134362140251957,-0.004938460208959605
2022-01-14,Equity - Minimum Variance Sentiment Tilt,Equity - Minimum Variance,Equity,sentiment_tilt,Sentiment Tilt,-0.0016944792841645058,2021-12-31,2022-01-03,2022-01-31,252,0.15,1.1324399871045596,-0.00662457137460426
2022-01-18,Equity - Minimum Variance Sentiment Tilt,Equity - Minimum Variance,Equity,sentiment_tilt,Sentiment Tilt,-0.003791995341495228,2021-12-31,2022-01-03,2022-01-31,252,0.15,1.1281457799489363,-0.0103914463723076
2022-01-19,Equity - Minimum Variance Sentiment Tilt,Equity - Minimum Variance,Equity,sentiment_tilt,Sentiment Tilt,0.007491470110101515,2021-12-31,2022-01-03,2022-01-31,252,0.15,1.1365972503392607,-0.002977823472105068
2022-01-20,Equity - Minimum Variance Sentiment Tilt,Equity - Minimum Variance,Equity,sentiment_tilt,Sentiment Tilt,-0.013650649013939947,2021-12-31,2022-01-03,2022-01-31,252,0.15,1.1210819602046702,-0.01658782326300179
2022-01-21,Equity - Minimum Variance Sentiment Tilt,Equity - Minimum Variance,Equity,sentiment_tilt,Sentiment Tilt,-0.0034365045785310225,2021-12-31,2022-01-03,2022-01-31,252,0.15,1.1172293569155183,-0.019967323710941787
2022-01-24,Equity - Minimum Variance Sentiment Tilt,Equity - Minimum Variance,Equity,sentiment_tilt,Sentiment Tilt,-0.0026891789508769973,2021-12-31,2022-01-03,2022-01-31,252,0.15,1.1142249272455993,-0.022602806955189902
2022-01-25,Equity - Minimum Variance Sentiment Tilt,Equity - Minimum Variance,Equity,sentiment_tilt,Sentiment Tilt,-0.00585862350974559,2021-12-31,2022-01-03,2022-01-31,252,0.15,1.1076971028916935,-0.028329009128721605
2022-01-26,Equity - Minimum Variance Sentiment Tilt,Equity - Minimum Variance,Equity,sentiment_tilt,Sentiment Tilt,-0.011754519964325428,2021-12-31,2022-01-03,2022-01-31,252,0.15,1.0946766551813276,-0.039750535189673974
2022-01-27,Equity - Minimum Variance Sentiment Tilt,Equity - Minimum Variance,Equity,sentiment_tilt,Sentiment Tilt,0.0013473392090305935,2021-12-31,2022-01-03,2022-01-31,252,0.15,1.0961515559600639,-0.03845675343528443
2022-01-28,Equity - Minimum Variance Sentiment Tilt,Equity - Minimum Variance,Equity,sentiment_tilt,Sentiment Tilt,0.007948725805236133,2021-12-31,2022-01-03,2022-01-31,252,0.15,1.1048645641193735,-0.030813709818464874
2022-01-31,Equity - Minimum Variance Sentiment Tilt,Equity - Minimum Variance,Equity,sentiment_tilt,Sentiment Tilt,0.008391673589826443,2021-12-31,2022-01-03,2022-01-31,252,0.15,1.114136226902429,-0.02268061482352668
2022-02-01,Equity - Minimum Variance Sentiment Tilt,Equity - Minimum Variance,Equity,sentiment_tilt,Sentiment Tilt,0.0008802861802480451,2022-01-31,2022-02-01,2022-02-28,252,0.15,1.115116985625885,-0.02182029407506736
2022-02-02,Equity - Minimum Variance Sentiment Tilt,Equity - Minimum Variance,Equity,sentiment_tilt,Sentiment Tilt,0.008668430326895243,2022-01-31,2022-02-01,2022-02-28,252,0.15,1.1247832995221205,-0.013341011447074003
2022-02-03,Equity - Minimum Variance Sentiment Tilt,Equity - Minimum Variance,Equity,sentiment_tilt,Sentiment Tilt,-0.004571787517545731,2022-01-31,2022-02-01,2022-02-28,252,0.15,1.1196410292734214,-0.017851806695014627
2022-02-04,Equity - Minimum Variance Sentiment Tilt,Equity - Minimum Variance,Equity,sentiment_tilt,Sentiment Tilt,-0.008443108977146108,2022-01-31,2022-02-01,2022-02-28,252,0.15,1.1101877780479819,-0.02614419092279574
2022-02-07,Equity - Minimum Variance Sentiment Tilt,Equity - Minimum Variance,Equity,sentiment_tilt,Sentiment Tilt,0.0015006138816558144,2022-01-31,2022-02-01,2022-02-28,252,0.15,1.1118537412389653,-0.02468280937696332
2022-02-08,Equity - Minimum Variance Sentiment Tilt,Equity - Minimum Variance,Equity,sentiment_tilt,Sentiment Tilt,-0.0007752393951369927,2022-01-31,2022-02-01,2022-02-28,252,0.15,1.1109917884171263,-0.025438913685888687
2022-02-09,Equity - Minimum Variance Sentiment Tilt,Equity - Minimum Variance,Equity,sentiment_tilt,Sentiment Tilt,0.0016147152162388342,2022-01-31,2022-02-01,2022-02-28,252,0.15,1.112785723763,-0.02386527507066305
2022-02-10,Equity - Minimum Variance Sentiment Tilt,Equity - Minimum Variance,Equity,sentiment_tilt,Sentiment Tilt,-0.015658427290513578,2022-01-31,2022-02-01,2022-02-28,252,0.15,1.0953612494175353,-0.03915000968671456
2022-02-11,Equity - Minimum Variance Sentiment Tilt,Equity - Minimum Variance,Equity,sentiment_tilt,Sentiment Tilt,0.0007242597124343419,2022-01-31,2022-02-01,2022-02-28,252,0.15,1.0961545754410502,-0.038454104749037765
2022-02-14,Equity - Minimum Variance Sentiment Tilt,Equity - Minimum Variance,Equity,sentiment_tilt,Sentiment Tilt,-0.005309818598091962,2022-01-31,2022-02-01,2022-02-28,252,0.15,1.0903341934899897,-0.043559739026560296
2022-02-15,Equity - Minimum Variance Sentiment Tilt,Equity - Minimum Variance,Equity,sentiment_tilt,Sentiment Tilt,0.002480128701008812,2022-01-31,2022-02-01,2022-02-28,252,0.15,1.0930383626169555,-0.04118764408451969
2022-02-16,Equity - Minimum Variance Sentiment Tilt,Equity - Minimum Variance,Equity,sentiment_tilt,Sentiment Tilt,-0.000620025279132672,2022-01-31,2022-02-01,2022-02-28,252,0.15,1.0923606512010713,-0.041782131983132076
2022-02-17,Equity - Minimum Variance Sentiment Tilt,Equity - Minimum Variance,Equity,sentiment_tilt,Sentiment Tilt,0.0023555056331198056,2022-01-31,2022-02-01,2022-02-28,252,0.15,1.0949337128683738,-0.03952504439726223
2022-02-18,Equity - Minimum Variance Sentiment Tilt,Equity - Minimum Variance,Equity,sentiment_tilt,Sentiment Tilt,-0.0054256380476294195,2022-01-31,2022-02-01,2022-02-28,252,0.15,1.088992998856203,-0.04473623386017567
2022-02-22,Equity - Minimum Variance Sentiment Tilt,Equity - Minimum Variance,Equity,sentiment_tilt,Sentiment Tilt,-0.00541384083782508,2022-01-31,2022-02-01,2022-02-28,252,0.15,1.0830973640868897,-0.049907879848198
2022-02-23,Equity - Minimum Variance Sentiment Tilt,Equity - Minimum Variance,Equity,sentiment_tilt,Sentiment Tilt,0.0023587305181570037,2022-01-31,2022-02-01,2022-02-28,252,0.15,1.0856520988936968,-0.04766686856933544
2022-02-24,Equity - Minimum Variance Sentiment Tilt,Equity - Minimum Variance,Equity,sentiment_tilt,Sentiment Tilt,-0.007259021172184898,2022-01-31,2022-02-01,2022-02-28,252,0.15,1.0777713273222005,-0.0545798749333638
2022-02-25,Equity - Minimum Variance Sentiment Tilt,Equity - Minimum Variance,Equity,sentiment_tilt,Sentiment Tilt,0.02243085144770453,2022-01-31,2022-02-01,2022-02-28,252,0.15,1.10194665585996,-0.03337329655232402
2022-02-28,Equity - Minimum Variance Sentiment Tilt,Equity - Minimum Variance,Equity,sentiment_tilt,Sentiment Tilt,-0.010670122248497336,2022-01-31,2022-02-01,2022-02-28,252,0.15,1.0901887503306114,-0.04368732164677269
2022-03-01,Equity - Minimum Variance Sentiment Tilt,Equity - Minimum Variance,Equity,sentiment_tilt,Sentiment Tilt,7.581223669199323e-05,2022-02-28,2022-03-01,2022-03-31,252,0.15,1.0902713999781903,-0.04361482144364992
2022-03-02,Equity - Minimum Variance Sentiment Tilt,Equity - Minimum Variance,Equity,sentiment_tilt,Sentiment Tilt,0.010298231953788654,2022-02-28,2022-03-01,2022-03-31,252,0.15,1.1014992677477478,-0.033765745037710904
2022-03-03,Equity - Minimum Variance Sentiment Tilt,Equity - Minimum Variance,Equity,sentiment_tilt,Sentiment Tilt,0.008823408926589895,2022-02-28,2022-03-01,2022-03-31,252,0.15,1.1112182462194256,-0.025240265087299596
2022-03-04,Equity - Minimum Variance Sentiment Tilt,Equity - Minimum Variance,Equity,sentiment_tilt,Sentiment Tilt,0.009549474341609868,2022-02-28,2022-03-01,2022-03-31,252,0.15,1.1218297963496267,-0.015931822009516372
2022-03-07,Equity - Minimum Variance Sentiment Tilt,Equity - Minimum Variance,Equity,sentiment_tilt,Sentiment Tilt,-0.007157019735731974,2022-02-28,2022-03-01,2022-03-31,252,0.15,1.1138008383570202,-0.022974817380700063
2022-03-08,Equity - Minimum Variance Sentiment Tilt,Equity - Minimum Variance,Equity,sentiment_tilt,Sentiment Tilt,-0.014625957873761999,2022-02-28,2022-03-01,2022-03-31,252,0.15,1.0975104342154496,-0.03726474654329459
2022-03-09,Equity - Minimum Variance Sentiment Tilt,Equity - Minimum Variance,Equity,sentiment_tilt,Sentiment Tilt,0.006473482114022173,2022-02-28,2022-03-01,2022-03-31,252,0.15,1.104615148381296,-0.031032497099503953
2022-03-10,Equity - Minimum Variance Sentiment Tilt,Equity - Minimum Variance,Equity,sentiment_tilt,Sentiment Tilt,0.0013011075547417232,2022-02-28,2022-03-01,2022-03-31,252,0.15,1.1060523714959372,-0.029771766161180824
2022-03-11,Equity - Minimum Variance Sentiment Tilt,Equity - Minimum Variance,Equity,sentiment_tilt,Sentiment Tilt,-0.006583577263472654,2022-02-28,2022-03-01,2022-03-31,252,0.15,1.0987705902507465,-0.03615933870186128
2022-03-14,Equity - Minimum Variance Sentiment Tilt,Equity - Minimum Variance,Equity,sentiment_tilt,Sentiment Tilt,-0.0015358088550113539,2022-02-28,2022-03-01,2022-03-31,252,0.15,1.0970830886486134,-0.03763961372430302
2022-03-15,Equity - Minimum Variance Sentiment Tilt,Equity - Minimum Variance,Equity,sentiment_tilt,Sentiment Tilt,0.009559179676959606,2022-02-28,2022-03-01,2022-03-31,252,0.15,1.1075703030135593,-0.028440237877905394
2022-03-16,Equity - Minimum Variance Sentiment Tilt,Equity - Minimum Variance,Equity,sentiment_tilt,Sentiment Tilt,0.004360195010651276,2022-02-28,2022-03-01,2022-03-31,252,0.15,1.1123995255227046,-0.02420404785055097
2022-03-17,Equity - Minimum Variance Sentiment Tilt,Equity - Minimum Variance,Equity,sentiment_tilt,Sentiment Tilt,0.011842621757643975,2022-02-28,2022-03-01,2022-03-31,252,0.15,1.1255732523468527,-0.012648065476604908
2022-03-18,Equity - Minimum Variance Sentiment Tilt,Equity - Minimum Variance,Equity,sentiment_tilt,Sentiment Tilt,0.004683651859890813,2022-02-28,2022-03-01,2022-03-31,252,0.15,1.1308450456036503,-0.008023652752107702
2022-03-21,Equity - Minimum Variance Sentiment Tilt,Equity - Minimum Variance,Equity,sentiment_tilt,Sentiment Tilt,0.0017618207389415493,2022-02-28,2022-03-01,2022-03-31,252,0.15,1.132837391857524,-0.006275968250986974
2022-03-22,Equity - Minimum Variance Sentiment Tilt,Equity - Minimum Variance,Equity,sentiment_tilt,Sentiment Tilt,0.003942219735225364,2022-02-28,2022-03-01,2022-03-31,252,0.15,1.137303285780506,-0.0023584897616582
2022-03-23,Equity - Minimum Variance Sentiment Tilt,Equity - Minimum Variance,Equity,sentiment_tilt,Sentiment Tilt,-0.008481679781946331,2022-02-28,2022-03-01,2022-03-31,252,0.15,1.1276570434955604,-0.010820165588677155
2022-03-24,Equity - Minimum Variance Sentiment Tilt,Equity - Minimum Variance,Equity,sentiment_tilt,Sentiment Tilt,0.006367714892838355,2022-02-28,2022-03-01,2022-03-31,252,0.15,1.1348376420454411,-0.004521350425400805
2022-03-25,Equity - Minimum Variance Sentiment Tilt,Equity - Minimum Variance,Equity,sentiment_tilt,Sentiment Tilt,0.00725870259932889,2022-02-28,2022-03-01,2022-03-31,252,0.15,1.1430750909875727,0.0
2022-03-28,Equity - Minimum Variance Sentiment Tilt,Equity - Minimum Variance,Equity,sentiment_tilt,Sentiment Tilt,0.006967319107410091,2022-02-28,2022-03-01,2022-03-31,252,0.15,1.1510392599102148,0.0
2022-03-29,Equity - Minimum Variance Sentiment Tilt,Equity - Minimum Variance,Equity,sentiment_tilt,Sentiment Tilt,0.012218635040355516,2022-02-28,2022-03-01,2022-03-31,252,0.15,1.1651033885441786,0.0
2022-03-30,Equity - Minimum Variance Sentiment Tilt,Equity - Minimum Variance,Equity,sentiment_tilt,Sentiment Tilt,0.0035882845863043937,2022-02-28,2022-03-01,2022-03-31,252,0.15,1.1692841110747427,0.0
2022-03-31,Equity - Minimum Variance Sentiment Tilt,Equity - Minimum Variance,Equity,sentiment_tilt,Sentiment Tilt,-0.009309772217801006,2022-02-28,2022-03-01,2022-03-31,252,0.15,1.1583983423427429,-0.009309772217801049
2022-04-01,Equity - Minimum Variance Sentiment Tilt,Equity - Minimum Variance,Equity,sentiment_tilt,Sentiment Tilt,0.010422353400224864,2022-03-31,2022-04-01,2022-04-29,252,0.15,1.1704715792448734,0.0
2022-04-04,Equity - Minimum Variance Sentiment Tilt,Equity - Minimum Variance,Equity,sentiment_tilt,Sentiment Tilt,0.0010694524449953748,2022-03-31,2022-04-01,2022-04-29,252,0.15,1.1717233429370946,0.0
2022-04-05,Equity - Minimum Variance Sentiment Tilt,Equity - Minimum Variance,Equity,sentiment_tilt,Sentiment Tilt,-0.005340171053716581,2022-03-31,2022-04-01,2022-04-29,252,0.15,1.1654661398581778,-0.005340171053716647
2022-04-06,Equity - Minimum Variance Sentiment Tilt,Equity - Minimum Variance,Equity,sentiment_tilt,Sentiment Tilt,0.012476674188612664,2022-03-31,2022-04-01,2022-04-29,252,0.15,1.1800072811630484,0.0
2022-04-07,Equity - Minimum Variance Sentiment Tilt,Equity - Minimum Variance,Equity,sentiment_tilt,Sentiment Tilt,0.007373594088130738,2022-03-31,2022-04-01,2022-04-29,252,0.15,1.1887081758753835,0.0
2022-04-08,Equity - Minimum Variance Sentiment Tilt,Equity - Minimum Variance,Equity,sentiment_tilt,Sentiment Tilt,0.006709467565964489,2022-03-31,2022-04-01,2022-04-29,252,0.15,1.1966837748268162,0.0
2022-04-11,Equity - Minimum Variance Sentiment Tilt,Equity - Minimum Variance,Equity,sentiment_tilt,Sentiment Tilt,-0.01273565677698446,2022-03-31,2022-04-01,2022-04-29,252,0.15,1.1814432210000356,-0.012735656776984516
2022-04-12,Equity - Minimum Variance Sentiment Tilt,Equity - Minimum Variance,Equity,sentiment_tilt,Sentiment Tilt,-0.0023560664355442434,2022-03-31,2022-04-01,2022-04-29,252,0.15,1.1786596622815362,-0.015061717159061905
2022-04-13,Equity - Minimum Variance Sentiment Tilt,Equity - Minimum Variance,Equity,sentiment_tilt,Sentiment Tilt,0.004300267132259547,2022-03-31,2022-04-01,2022-04-29,252,0.15,1.1837282136873657,-0.010826219434056816
2022-04-14,Equity - Minimum Variance Sentiment Tilt,Equity - Minimum Variance,Equity,sentiment_tilt,Sentiment Tilt,0.0025626546004808948,2022-03-31,2022-04-01,2022-04-29,252,0.15,1.1867617002398907,-0.008291308694614363
2022-04-18,Equity - Minimum Variance Sentiment Tilt,Equity - Minimum Variance,Equity,sentiment_tilt,Sentiment Tilt,-0.0059583112105232264,2022-03-31,2022-04-01,2022-04-29,252,0.15,1.1796906046971316,-0.014200217707592722
2022-04-19,Equity - Minimum Variance Sentiment Tilt,Equity - Minimum Variance,Equity,sentiment_tilt,Sentiment Tilt,0.005157842065499632,2022-03-31,2022-04-01,2022-04-29,252,0.15,1.1857752625223132,-0.00911561812232442
2022-04-20,Equity - Minimum Variance Sentiment Tilt,Equity - Minimum Variance,Equity,sentiment_tilt,Sentiment Tilt,0.004541782768811816,2022-03-31,2022-04-01,2022-04-29,252,0.15,1.1911607961773205,-0.004615236510827625
2022-04-21,Equity - Minimum Variance Sentiment Tilt,Equity - Minimum Variance,Equity,sentiment_tilt,Sentiment Tilt,-0.009082334099910844,2022-03-31,2022-04-01,2022-04-29,252,0.15,1.1803422758597222,-0.013655653490797115
2022-04-22,Equity - Minimum Variance Sentiment Tilt,Equity - Minimum Variance,Equity,sentiment_tilt,Sentiment Tilt,-0.015074398969922097,2022-03-31,2022-04-01,2022-04-29,252,0.15,1.162549325472347,-0.028524201691803808
2022-04-25,Equity - Minimum Variance Sentiment Tilt,Equity - Minimum Variance,Equity,sentiment_tilt,Sentiment Tilt,-0.002131953538988398,2022-03-31,2022-04-01,2022-04-29,252,0.15,1.1600708243236575,-0.030595342958048666
2022-04-26,Equity - Minimum Variance Sentiment Tilt,Equity - Minimum Variance,Equity,sentiment_tilt,Sentiment Tilt,-0.01567938257894832,2022-03-31,2022-04-01,2022-04-29,252,0.15,1.1418816300504109,-0.04579500944962367
2022-04-27,Equity - Minimum Variance Sentiment Tilt,Equity - Minimum Variance,Equity,sentiment_tilt,Sentiment Tilt,-0.0041351651256713775,2022-03-31,2022-04-01,2022-04-29,252,0.15,1.1371597609561817,-0.049740804649289094
2022-04-28,Equity - Minimum Variance Sentiment Tilt,Equity - Minimum Variance,Equity,sentiment_tilt,Sentiment Tilt,0.013574851065164775,2022-03-31,2022-04-01,2022-04-29,252,0.15,1.1525965353484602,-0.036841177599099884
2022-04-29,Equity - Minimum Variance Sentiment Tilt,Equity - Minimum Variance,Equity,sentiment_tilt,Sentiment Tilt,-0.030853200830202567,2022-03-31,2022-04-01,2022-04-29,252,0.15,1.1170352429671584,-0.06655771017801637
2022-05-02,Equity - Minimum Variance Sentiment Tilt,Equity - Minimum Variance,Equity,sentiment_tilt,Sentiment Tilt,0.0003765193200113606,2022-04-29,2022-05-02,2022-05-31,252,0.15,1.117455828317269,-0.0662062511217828
2022-05-03,Equity - Minimum Variance Sentiment Tilt,Equity - Minimum Variance,Equity,sentiment_tilt,Sentiment Tilt,0.003711100766241918,2022-04-29,2022-05-02,2022-05-31,252,0.15,1.1216028194979786,-0.06274084842480909
2022-05-04,Equity - Minimum Variance Sentiment Tilt,Equity - Minimum Variance,Equity,sentiment_tilt,Sentiment Tilt,0.01879726898597756,2022-04-29,2022-05-02,2022-05-31,252,0.15,1.142685889391513,-0.04512293604308093
2022-05-05,Equity - Minimum Variance Sentiment Tilt,Equity - Minimum Variance,Equity,sentiment_tilt,Sentiment Tilt,-0.014703105069984438,2022-04-29,2022-05-02,2022-05-31,252,0.15,1.125884858697801,-0.05916259384335787
2022-05-06,Equity - Minimum Variance Sentiment Tilt,Equity - Minimum Variance,Equity,sentiment_tilt,Sentiment Tilt,-0.011136034499863385,2022-04-29,2022-05-02,2022-05-31,252,0.15,1.1133469660684685,-0.06963979165708012
2022-05-09,Equity - Minimum Variance Sentiment Tilt,Equity - Minimum Variance,Equity,sentiment_tilt,Sentiment Tilt,-0.012761658522908805,2022-04-29,2022-05-02,2022-05-31,252,0.15,1.099138812269986,-0.08151273093925482
2022-05-10,Equity - Minimum Variance Sentiment Tilt,Equity - Minimum Variance,Equity,sentiment_tilt,Sentiment Tilt,-0.00664989460941599,2022-04-29,2022-05-02,2022-05-31,252,0.15,1.091829655007272,-0.08762057447859917
2022-05-11,Equity - Minimum Variance Sentiment Tilt,Equity - Minimum Variance,Equity,sentiment_tilt,Sentiment Tilt,0.0026739415692544994,2022-04-29,2022-05-02,2022-05-31,252,0.15,1.0947491437083408,-0.08518092520576492
2022-05-12,Equity - Minimum Variance Sentiment Tilt,Equity - Minimum Variance,Equity,sentiment_tilt,Sentiment Tilt,0.006395142956252329,2022-04-29,2022-05-02,2022-05-31,252,0.15,1.1017502209835903,-0.07933052644334937
2022-05-13,Equity - Minimum Variance Sentiment Tilt,Equity - Minimum Variance,Equity,sentiment_tilt,Sentiment Tilt,0.006114433561954786,2022-04-29,2022-05-02,2022-05-31,252,0.15,1.1084867995116634,-0.07370115411476741
2022-05-16,Equity - Minimum Variance Sentiment Tilt,Equity - Minimum Variance,Equity,sentiment_tilt,Sentiment Tilt,0.006493571295078599,2022-04-29,2022-05-02,2022-05-31,252,0.15,1.1156848375739459,-0.0676861665184626
2022-05-17,Equity - Minimum Variance Sentiment Tilt,Equity - Minimum Variance,Equity,sentiment_tilt,Sentiment Tilt,-0.014245178646915702,2022-04-29,2022-05-02,2022-05-31,252,0.15,1.09979170774905,-0.0809671436313979
2022-05-18,Equity - Minimum Variance Sentiment Tilt,Equity - Minimum Variance,Equity,sentiment_tilt,Sentiment Tilt,-0.027186522134519067,2022-04-29,2022-05-02,2022-05-31,252,0.15,1.06989219614297,-0.1059524507234132
2022-05-19,Equity - Minimum Variance Sentiment Tilt,Equity - Minimum Variance,Equity,sentiment_tilt,Sentiment Tilt,-0.004214135813556281,2022-04-29,2022-05-02,2022-05-31,252,0.15,1.0653835251225594,-0.10972008851984183
2022-05-20,Equity - Minimum Variance Sentiment Tilt,Equity - Minimum Variance,Equity,sentiment_tilt,Sentiment Tilt,0.0026337962674373677,2022-04-29,2022-05-02,2022-05-31,252,0.15,1.0681895282744165,-0.10737527261201096
2022-05-23,Equity - Minimum Variance Sentiment Tilt,Equity - Minimum Variance,Equity,sentiment_tilt,Sentiment Tilt,0.01230907453221123,2022-04-29,2022-05-02,2022-05-31,252,0.15,1.0813379527924738,-0.09638788831329748
2022-05-24,Equity - Minimum Variance Sentiment Tilt,Equity - Minimum Variance,Equity,sentiment_tilt,Sentiment Tilt,0.01210983439640628,2022-04-29,2022-05-02,2022-05-31,252,0.15,1.0944327763273398,-0.08544529528218436
2022-05-25,Equity - Minimum Variance Sentiment Tilt,Equity - Minimum Variance,Equity,sentiment_tilt,Sentiment Tilt,0.0024525936747011564,2022-04-29,2022-05-02,2022-05-31,252,0.15,1.0971169752319458,-0.0832022641982253
2022-05-26,Equity - Minimum Variance Sentiment Tilt,Equity - Minimum Variance,Equity,sentiment_tilt,Sentiment Tilt,0.0031965756523043105,2022-04-29,2022-05-02,2022-05-31,252,0.15,1.100623992642702,-0.08027165087787369
2022-05-27,Equity - Minimum Variance Sentiment Tilt,Equity - Minimum Variance,Equity,sentiment_tilt,Sentiment Tilt,0.010541212483214376,2022-04-29,2022-05-02,2022-05-31,252,0.15,1.1122259040132723,-0.07057659892294155
2022-05-31,Equity - Minimum Variance Sentiment Tilt,Equity - Minimum Variance,Equity,sentiment_tilt,Sentiment Tilt,-0.0060853836476002215,2022-04-29,2022-05-02,2022-05-31,252,0.15,1.1054575826845525,-0.07623249688955291
2022-06-01,Equity - Minimum Variance Sentiment Tilt,Equity - Minimum Variance,Equity,sentiment_tilt,Sentiment Tilt,-0.008486307881087082,2022-05-31,2022-06-01,2022-06-30,252,0.15,1.0960763292884093,-0.08407187233149116
2022-06-02,Equity - Minimum Variance Sentiment Tilt,Equity - Minimum Variance,Equity,sentiment_tilt,Sentiment Tilt,0.0063203336795873465,2022-05-31,2022-06-01,2022-06-30,252,0.15,1.1030038974278094,-0.07828290093810641
2022-06-03,Equity - Minimum Variance Sentiment Tilt,Equity - Minimum Variance,Equity,sentiment_tilt,Sentiment Tilt,-0.007153326971622443,2022-05-31,2022-06-01,2022-06-30,252,0.15,1.0951137498985344,-0.08487624472303135
2022-06-06,Equity - Minimum Variance Sentiment Tilt,Equity - Minimum Variance,Equity,sentiment_tilt,Sentiment Tilt,-0.00610004148989072,2022-05-31,2022-06-01,2022-06-30,252,0.15,1.0884335105880034,-0.09045853759860556
2022-06-07,Equity - Minimum Variance Sentiment Tilt,Equity - Minimum Variance,Equity,sentiment_tilt,Sentiment Tilt,0.007107234032754811,2022-05-31,2022-06-01,2022-06-30,252,0.15,1.096169262276845,-0.083994213562825
2022-06-08,Equity - Minimum Variance Sentiment Tilt,Equity - Minimum Variance,Equity,sentiment_tilt,Sentiment Tilt,-0.010134334490109075,2022-05-31,2022-06-01,2022-06-30,252,0.15,1.0850603163151555,-0.09327732259745458
2022-06-09,Equity - Minimum Variance Sentiment Tilt,Equity - Minimum Variance,Equity,sentiment_tilt,Sentiment Tilt,-0.019690323933290014,2022-05-31,2022-06-01,2022-06-30,252,0.15,1.063695127199752,-0.11113098583317083
2022-06-10,Equity - Minimum Variance Sentiment Tilt,Equity - Minimum Variance,Equity,sentiment_tilt,Sentiment Tilt,-0.008060138435382875,2022-05-31,2022-06-01,2022-06-30,252,0.15,1.0551215972214796,-0.11829539313827786
2022-06-13,Equity - Minimum Variance Sentiment Tilt,Equity - Minimum Variance,Equity,sentiment_tilt,Sentiment Tilt,-0.025183219174610447,2022-05-31,2022-06-01,2022-06-30,252,0.15,1.028550238782786,-0.14049955350014032
2022-06-14,Equity - Minimum Variance Sentiment Tilt,Equity - Minimum Variance,Equity,sentiment_tilt,Sentiment Tilt,-0.00830599009348786,2022-05-31,2022-06-01,2022-06-30,252,0.15,1.0200071106888016,-0.14763855569411666
2022-06-15,Equity - Minimum Variance Sentiment Tilt,Equity - Minimum Variance,Equity,sentiment_tilt,Sentiment Tilt,0.005219425703498363,2022-05-31,2022-06-01,2022-06-30,252,0.15,1.0253309620200817,-0.14318971846303563
2022-06-16,Equity - Minimum Variance Sentiment Tilt,Equity - Minimum Variance,Equity,sentiment_tilt,Sentiment Tilt,-0.0012022314689597478,2022-05-31,2022-06-01,2022-06-30,252,0.15,1.0240982768714424,-0.14421980274642765
2022-06-17,Equity - Minimum Variance Sentiment Tilt,Equity - Minimum Variance,Equity,sentiment_tilt,Sentiment Tilt,-0.0046009183656351,2022-05-31,2022-06-01,2022-06-30,252,0.15,1.0193864843011693,-0.14815717757291835
2022-06-21,Equity - Minimum Variance Sentiment Tilt,Equity - Minimum Variance,Equity,sentiment_tilt,Sentiment Tilt,0.025627248652455862,2022-05-31,2022-06-01,2022-06-30,252,0.15,1.045510555207308,-0.12632678974976985
2022-06-22,Equity - Minimum Variance Sentiment Tilt,Equity - Minimum Variance,Equity,sentiment_tilt,Sentiment Tilt,0.005447140215220846,2022-05-31,2022-06-01,2022-06-30,252,0.15,1.0512055977980155,-0.1215677692712549
2022-06-23,Equity - Minimum Variance Sentiment Tilt,Equity - Minimum Variance,Equity,sentiment_tilt,Sentiment Tilt,0.010599070507701518,2022-05-31,2022-06-01,2022-06-30,252,0.15,1.062347400047167,-0.1122572041215234
2022-06-24,Equity - Minimum Variance Sentiment Tilt,Equity - Minimum Variance,Equity,sentiment_tilt,Sentiment Tilt,0.01512864533247783,2022-05-31,2022-06-01,2022-06-30,252,0.15,1.0784192770823608,-0.09882685821621551
2022-06-27,Equity - Minimum Variance Sentiment Tilt,Equity - Minimum Variance,Equity,sentiment_tilt,Sentiment Tilt,-0.004053699565625633,2022-05-31,2022-06-01,2022-06-30,252,0.15,1.07404768932729,-0.10247994338961786
2022-06-28,Equity - Minimum Variance Sentiment Tilt,Equity - Minimum Variance,Equity,sentiment_tilt,Sentiment Tilt,-0.0138863292906759,2022-05-31,2022-06-01,2022-06-30,252,0.15,1.0591331094394016,-0.11494320244069567
2022-06-29,Equity - Minimum Variance Sentiment Tilt,Equity - Minimum Variance,Equity,sentiment_tilt,Sentiment Tilt,0.000249289504801127,2022-05-31,2022-06-01,2022-06-30,252,0.15,1.0593971402077724,-0.11472256706991102
2022-06-30,Equity - Minimum Variance Sentiment Tilt,Equity - Minimum Variance,Equity,sentiment_tilt,Sentiment Tilt,-0.009489929984600406,2022-05-31,2022-06-01,2022-06-30,252,0.15,1.0493435355213148,-0.12312378792536438
2022-07-01,Equity - Minimum Variance Sentiment Tilt,Equity - Minimum Variance,Equity,sentiment_tilt,Sentiment Tilt,0.009904543439256274,2022-06-30,2022-07-01,2022-07-29,252,0.15,1.0597368041515882,-0.11443872939202082
2022-07-05,Equity - Minimum Variance Sentiment Tilt,Equity - Minimum Variance,Equity,sentiment_tilt,Sentiment Tilt,0.0019441690887247918,2022-06-30,2022-07-01,2022-07-29,252,0.15,1.0617971116884037,-0.11271704854353293
2022-07-06,Equity - Minimum Variance Sentiment Tilt,Equity - Minimum Variance,Equity,sentiment_tilt,Sentiment Tilt,0.0017414941420690034,2022-06-30,2022-07-01,2022-07-29,252,0.15,1.0636462251384748,-0.11117185048121381
2022-07-07,Equity - Minimum Variance Sentiment Tilt,Equity - Minimum Variance,Equity,sentiment_tilt,Sentiment Tilt,0.0015644969755285484,2022-06-30,2022-07-01,2022-07-29,252,0.15,1.0653102964407364,-0.10978128152952704
2022-07-08,Equity - Minimum Variance Sentiment Tilt,Equity - Minimum Variance,Equity,sentiment_tilt,Sentiment Tilt,-0.0017794462490794607,2022-06-30,2022-07-01,2022-07-29,252,0.15,1.063414634029629,-0.11136537788896972
2022-07-11,Equity - Minimum Variance Sentiment Tilt,Equity - Minimum Variance,Equity,sentiment_tilt,Sentiment Tilt,-0.0020677676562509037,2022-06-30,2022-07-01,2022-07-29,252,0.15,1.0612157396441988,-0.11320286781879563
2022-07-12,Equity - Minimum Variance Sentiment Tilt,Equity - Minimum Variance,Equity,sentiment_tilt,Sentiment Tilt,-0.0062723117108853576,2022-06-30,2022-07-01,2022-07-29,252,0.15,1.0545594637326525,-0.11876513585615533
2022-07-13,Equity - Minimum Variance Sentiment Tilt,Equity - Minimum Variance,Equity,sentiment_tilt,Sentiment Tilt,-0.001807483426278717,2022-06-30,2022-07-01,2022-07-29,252,0.15,1.0526533649799303,-0.12035795326775445
2022-07-14,Equity - Minimum Variance Sentiment Tilt,Equity - Minimum Variance,Equity,sentiment_tilt,Sentiment Tilt,-0.001719987156805356,2022-06-30,2022-07-01,2022-07-29,252,0.15,1.050842814711597,-0.12187092629071983
2022-07-15,Equity - Minimum Variance Sentiment Tilt,Equity - Minimum Variance,Equity,sentiment_tilt,Sentiment Tilt,0.011399634759812653,2022-06-30,2022-07-01,2022-07-29,252,0.15,1.0628220389892826,-0.11186057557846141
2022-07-18,Equity - Minimum Variance Sentiment Tilt,Equity - Minimum Variance,Equity,sentiment_tilt,Sentiment Tilt,-0.011111831638931823,2022-06-30,2022-07-01,2022-07-29,252,0.15,1.0510121394298875,-0.1217294313345314
2022-07-19,Equity - Minimum Variance Sentiment Tilt,Equity - Minimum Variance,Equity,sentiment_tilt,Sentiment Tilt,0.012789545041945223,2022-06-30,2022-07-01,2022-07-29,252,0.15,1.0644541065267572,-0.11049675033756956
2022-07-20,Equity - Minimum Variance Sentiment Tilt,Equity - Minimum Variance,Equity,sentiment_tilt,Sentiment Tilt,-0.005200051022436705,2022-06-30,2022-07-01,2022-07-29,252,0.15,1.0589188908617757,-0.11512221262043754
2022-07-21,Equity - Minimum Variance Sentiment Tilt,Equity - Minimum Variance,Equity,sentiment_tilt,Sentiment Tilt,0.006190936418843215,2022-06-30,2022-07-01,2022-07-29,252,0.15,1.065474590387813,-0.10964399050032403
2022-07-22,Equity - Minimum Variance Sentiment Tilt,Equity - Minimum Variance,Equity,sentiment_tilt,Sentiment Tilt,-0.0018059134989934257,2022-06-30,2022-07-01,2022-07-29,252,0.15,1.0635504354421972,-0.11125189643678923
2022-07-25,Equity - Minimum Variance Sentiment Tilt,Equity - Minimum Variance,Equity,sentiment_tilt,Sentiment Tilt,-0.010473799177465147,2022-06-30,2022-07-01,2022-07-29,252,0.15,1.0524110217662699,-0.12056046559286349
2022-07-26,Equity - Minimum Variance Sentiment Tilt,Equity - Minimum Variance,Equity,sentiment_tilt,Sentiment Tilt,-0.0049825259679840365,2022-06-30,2022-07-01,2022-07-29,252,0.15,1.0471673565213269,-0.1249422959103188
2022-07-27,Equity - Minimum Variance Sentiment Tilt,Equity - Minimum Variance,Equity,sentiment_tilt,Sentiment Tilt,0.007234872447972433,2022-06-30,2022-07-01,2022-07-29,252,0.15,1.0547434787774392,-0.11861136503661418
2022-07-28,Equity - Minimum Variance Sentiment Tilt,Equity - Minimum Variance,Equity,sentiment_tilt,Sentiment Tilt,0.007861022620274915,2022-06-30,2022-07-01,2022-07-29,252,0.15,1.0630348411226962,-0.11168274903991382
2022-07-29,Equity - Minimum Variance Sentiment Tilt,Equity - Minimum Variance,Equity,sentiment_tilt,Sentiment Tilt,-0.0004546879826095233,2022-06-30,2022-07-01,2022-07-29,252,0.15,1.0625514919553425,-0.11208665621867009
2022-08-01,Equity - Minimum Variance Sentiment Tilt,Equity - Minimum Variance,Equity,sentiment_tilt,Sentiment Tilt,-0.00583167934816228,2022-07-29,2022-08-01,2022-08-31,252,0.15,1.0563550323633475,-0.11726468212855734
2022-08-02,Equity - Minimum Variance Sentiment Tilt,Equity - Minimum Variance,Equity,sentiment_tilt,Sentiment Tilt,-0.005255952627754756,2022-07-29,2022-08-01,2022-08-31,252,0.15,1.0508028803551555,-0.12190429714213569
2022-08-03,Equity - Minimum Variance Sentiment Tilt,Equity - Minimum Variance,Equity,sentiment_tilt,Sentiment Tilt,0.010718409122092548,2022-07-29,2022-08-01,2022-08-31,252,0.15,1.0620658155334755,-0.11249250815055345
2022-08-04,Equity - Minimum Variance Sentiment Tilt,Equity - Minimum Variance,Equity,sentiment_tilt,Sentiment Tilt,-0.005730099180307122,2022-07-29,2022-08-01,2022-08-31,252,0.15,1.0559800730744549,-0.11757801410211643
2022-08-05,Equity - Minimum Variance Sentiment Tilt,Equity - Minimum Variance,Equity,sentiment_tilt,Sentiment Tilt,-0.002591988997125555,2022-07-29,2022-08-01,2022-08-31,252,0.15,1.053242984343862,-0.11986524218038552
2022-08-08,Equity - Minimum Variance Sentiment Tilt,Equity - Minimum Variance,Equity,sentiment_tilt,Sentiment Tilt,0.005976354041760417,2022-07-29,2022-08-01,2022-08-31,252,0.15,1.059537537310301,-0.11460524526319649
2022-08-09,Equity - Minimum Variance Sentiment Tilt,Equity - Minimum Variance,Equity,sentiment_tilt,Sentiment Tilt,0.003028803323942336,2022-07-29,2022-08-01,2022-08-31,252,0.15,1.062746668125148,-0.11192355868704873
2022-08-10,Equity - Minimum Variance Sentiment Tilt,Equity - Minimum Variance,Equity,sentiment_tilt,Sentiment Tilt,0.00908357369462379,2022-07-29,2022-08-01,2022-08-31,252,0.15,1.0724002058037787,-0.10385665088592333
2022-08-11,Equity - Minimum Variance Sentiment Tilt,Equity - Minimum Variance,Equity,sentiment_tilt,Sentiment Tilt,-0.0014461846922865572,2022-07-29,2022-08-01,2022-08-31,252,0.15,1.0708493170421403,-0.1051526396795065
2022-08-12,Equity - Minimum Variance Sentiment Tilt,Equity - Minimum Variance,Equity,sentiment_tilt,Sentiment Tilt,0.015372734619875669,2022-07-29,2022-08-01,2022-08-31,252,0.15,1.0873111994109044,-0.09139638868400313
2022-08-15,Equity - Minimum Variance Sentiment Tilt,Equity - Minimum Variance,Equity,sentiment_tilt,Sentiment Tilt,0.008087231448595703,2022-07-29,2022-08-01,2022-08-31,252,0.15,1.0961045367371907,-0.08404830098426075
2022-08-16,Equity - Minimum Variance Sentiment Tilt,Equity - Minimum Variance,Equity,sentiment_tilt,Sentiment Tilt,0.014511782226307876,2022-07-29,2022-08-01,2022-08-31,252,0.15,1.112010967071589,-0.0707562093983275
2022-08-17,Equity - Minimum Variance Sentiment Tilt,Equity - Minimum Variance,Equity,sentiment_tilt,Sentiment Tilt,-0.007484434137789211,2022-07-29,2022-08-01,2022-08-31,252,0.15,1.1036881942280423,-0.07771107334703542
2022-08-18,Equity - Minimum Variance Sentiment Tilt,Equity - Minimum Variance,Equity,sentiment_tilt,Sentiment Tilt,-0.0044747925328529016,2022-07-29,2022-08-01,2022-08-31,252,0.15,1.0987494185379127,-0.08183812494915499
2022-08-19,Equity - Minimum Variance Sentiment Tilt,Equity - Minimum Variance,Equity,sentiment_tilt,Sentiment Tilt,-0.005765771256918989,2022-07-29,2022-08-01,2022-08-31,252,0.15,1.0924142807219503,-0.08713203629752209
2022-08-22,Equity - Minimum Variance Sentiment Tilt,Equity - Minimum Variance,Equity,sentiment_tilt,Sentiment Tilt,-0.01419612482999173,2022-07-29,2022-08-01,2022-08-31,252,0.15,1.0769062312267559,-0.10009122386354286
2022-08-23,Equity - Minimum Variance Sentiment Tilt,Equity - Minimum Variance,Equity,sentiment_tilt,Sentiment Tilt,-0.005354655674576816,2022-07-29,2022-08-01,2022-08-31,252,0.15,1.0711397691647304,-0.10490992549828337
2022-08-24,Equity - Minimum Variance Sentiment Tilt,Equity - Minimum Variance,Equity,sentiment_tilt,Sentiment Tilt,-0.0009875116913936573,2022-07-29,2022-08-01,2022-08-31,252,0.15,1.0700820061195635,-0.10579383741170423
2022-08-25,Equity - Minimum Variance Sentiment Tilt,Equity - Minimum Variance,Equity,sentiment_tilt,Sentiment Tilt,0.008712258853835399,2022-07-29,2022-08-01,2022-08-31,252,0.15,1.0794048375517085,-0.09800328185454033
2022-08-26,Equity - Minimum Variance Sentiment Tilt,Equity - Minimum Variance,Equity,sentiment_tilt,Sentiment Tilt,-0.02504510236030866,2022-07-29,2022-08-01,2022-08-31,252,0.15,1.0523710329070135,-0.12059388198915588
2022-08-29,Equity - Minimum Variance Sentiment Tilt,Equity - Minimum Variance,Equity,sentiment_tilt,Sentiment Tilt,-0.007474191258465961,2022-07-29,2022-08-01,2022-08-31,252,0.15,1.0445054105321971,-0.12716673150903401
2022-08-30,Equity - Minimum Variance Sentiment Tilt,Equity - Minimum Variance,Equity,sentiment_tilt,Sentiment Tilt,-0.008280650245038088,2022-07-29,2022-08-01,2022-08-31,252,0.15,1.03585622654853,-0.13439435852764114
2022-08-31,Equity - Minimum Variance Sentiment Tilt,Equity - Minimum Variance,Equity,sentiment_tilt,Sentiment Tilt,-0.0031829964962454683,2022-07-29,2022-08-01,2022-08-31,252,0.15,1.032559099808812,-0.13714957825157792
2022-09-01,Equity - Minimum Variance Sentiment Tilt,Equity - Minimum Variance,Equity,sentiment_tilt,Sentiment Tilt,0.012213245049613762,2022-08-31,2022-09-01,2022-09-30,252,0.15,1.0451699971229857,-0.1266113746096018
2022-09-02,Equity - Minimum Variance Sentiment Tilt,Equity - Minimum Variance,Equity,sentiment_tilt,Sentiment Tilt,-0.012870966402373339,2022-08-31,2022-09-01,2022-09-30,252,0.15,1.0317176492052471,-0.13785273026321676
2022-09-06,Equity - Minimum Variance Sentiment Tilt,Equity - Minimum Variance,Equity,sentiment_tilt,Sentiment Tilt,-0.004250261019101467,2022-08-31,2022-09-01,2022-09-30,252,0.15,1.027332579898111,-0.14151708119650375
2022-09-07,Equity - Minimum Variance Sentiment Tilt,Equity - Minimum Variance,Equity,sentiment_tilt,Sentiment Tilt,0.018412100010733616,2022-08-31,2022-09-01,2022-09-30,252,0.15,1.04624793010348,-0.12571060783798738
2022-09-08,Equity - Minimum Variance Sentiment Tilt,Equity - Minimum Variance,Equity,sentiment_tilt,Sentiment Tilt,0.002566085321563876,2022-08-31,2022-09-01,2022-09-30,252,0.15,1.048932691559635,-0.12346710666196137
2022-09-09,Equity - Minimum Variance Sentiment Tilt,Equity - Minimum Variance,Equity,sentiment_tilt,Sentiment Tilt,0.011696739895502281,2022-08-31,2022-09-01,2022-09-30,252,0.15,1.0612017844206973,-0.11321452939873422
2022-09-12,Equity - Minimum Variance Sentiment Tilt,Equity - Minimum Variance,Equity,sentiment_tilt,Sentiment Tilt,0.013108428826961213,2022-08-31,2022-09-01,2022-09-30,252,0.15,1.0751124724828203,-0.10159016517257424
2022-09-13,Equity - Minimum Variance Sentiment Tilt,Equity - Minimum Variance,Equity,sentiment_tilt,Sentiment Tilt,-0.026814047217056887,2022-08-31,2022-09-01,2022-09-30,252,0.15,1.0462843558820192,-0.1256801689039051
2022-09-14,Equity - Minimum Variance Sentiment Tilt,Equity - Minimum Variance,Equity,sentiment_tilt,Sentiment Tilt,-0.0010035908499259876,2022-08-31,2022-09-01,2022-09-30,252,0.15,1.0452343144760352,-0.12655762828630202
2022-09-15,Equity - Minimum Variance Sentiment Tilt,Equity - Minimum Variance,Equity,sentiment_tilt,Sentiment Tilt,-0.009291476533195555,2022-08-31,2022-09-01,2022-09-30,252,0.15,1.0355225443713905,-0.13467319758617846
2022-09-16,Equity - Minimum Variance Sentiment Tilt,Equity - Minimum Variance,Equity,sentiment_tilt,Sentiment Tilt,0.0009120501839527318,2022-08-31,2022-09-01,2022-09-30,252,0.15,1.0364669928984716,-0.13388397611685776
2022-09-19,Equity - Minimum Variance Sentiment Tilt,Equity - Minimum Variance,Equity,sentiment_tilt,Sentiment Tilt,0.0036021209074738837,2022-08-31,2022-09-01,2022-09-30,252,0.15,1.0402004723234977,-0.13076412147893024
2022-09-20,Equity - Minimum Variance Sentiment Tilt,Equity - Minimum Variance,Equity,sentiment_tilt,Sentiment Tilt,-0.013442664171713165,2022-08-31,2022-09-01,2022-09-30,252,0.15,1.0262174067027956,-0.14244896747989289
2022-09-21,Equity - Minimum Variance Sentiment Tilt,Equity - Minimum Variance,Equity,sentiment_tilt,Sentiment Tilt,-0.011186184250953609,2022-08-31,2022-09-01,2022-09-30,252,0.15,1.0147379497098823,-0.15204169133425838
2022-09-22,Equity - Minimum Variance Sentiment Tilt,Equity - Minimum Variance,Equity,sentiment_tilt,Sentiment Tilt,-2.0396163685438033e-05,2022-08-31,2022-09-01,2022-09-30,252,0.15,1.0147172529485622,-0.15205898643072036
2022-09-23,Equity - Minimum Variance Sentiment Tilt,Equity - Minimum Variance,Equity,sentiment_tilt,Sentiment Tilt,-0.016350463152726084,2022-08-31,2022-09-01,2022-09-30,252,0.15,0.9981261558937914,-0.16592321472876992
2022-09-26,Equity - Minimum Variance Sentiment Tilt,Equity - Minimum Variance,Equity,sentiment_tilt,Sentiment Tilt,-0.006136384801842216,2022-08-31,2022-09-01,2022-09-30,252,0.15,0.9920012697204436,-0.1710414308374777
2022-09-27,Equity - Minimum Variance Sentiment Tilt,Equity - Minimum Variance,Equity,sentiment_tilt,Sentiment Tilt,-0.0030043317742688073,2022-08-31,2022-09-01,2022-09-30,252,0.15,0.9890209687857074,-0.1735318974063651
2022-09-28,Equity - Minimum Variance Sentiment Tilt,Equity - Minimum Variance,Equity,sentiment_tilt,Sentiment Tilt,0.02181026233164724,2022-08-31,2022-09-01,2022-09-30,252,0.15,1.0105917755664235,-0.15550641128005926
2022-09-29,Equity - Minimum Variance Sentiment Tilt,Equity - Minimum Variance,Equity,sentiment_tilt,Sentiment Tilt,-0.012957954810189302,2022-08-31,2022-09-01,2022-09-30,252,0.15,0.9974965730070848,-0.16644932104018684
2022-09-30,Equity - Minimum Variance Sentiment Tilt,Equity - Minimum Variance,Equity,sentiment_tilt,Sentiment Tilt,-0.015382755264555126,2022-08-31,2022-09-01,2022-09-30,252,0.15,0.9821523273472844,-0.17927162713522937
2022-10-03,Equity - Minimum Variance Sentiment Tilt,Equity - Minimum Variance,Equity,sentiment_tilt,Sentiment Tilt,0.022405504256895664,2022-09-30,2022-10-03,2022-10-31,252,0.15,1.0041579454985838,-0.1608827940832528
2022-10-04,Equity - Minimum Variance Sentiment Tilt,Equity - Minimum Variance,Equity,sentiment_tilt,Sentiment Tilt,0.021066212649249474,2022-09-30,2022-10-03,2022-10-31,252,0.15,1.0253117503118905,-0.1432057725857666
2022-10-05,Equity - Minimum Variance Sentiment Tilt,Equity - Minimum Variance,Equity,sentiment_tilt,Sentiment Tilt,-0.004164726204988984,2022-09-30,2022-10-03,2022-10-31,252,0.15,1.0210416075970834,-0.14677408595696195
2022-10-06,Equity - Minimum Variance Sentiment Tilt,Equity - Minimum Variance,Equity,sentiment_tilt,Sentiment Tilt,-0.009446048883557132,2022-09-30,2022-10-03,2022-10-31,252,0.15,1.0113967986595755,-0.15483369964973026
2022-10-07,Equity - Minimum Variance Sentiment Tilt,Equity - Minimum Variance,Equity,sentiment_tilt,Sentiment Tilt,-0.018242212144664007,2022-09-30,2022-10-03,2022-10-31,252,0.15,0.9929466836959935,-0.17025140259824068
2022-10-10,Equity - Minimum Variance Sentiment Tilt,Equity - Minimum Variance,Equity,sentiment_tilt,Sentiment Tilt,0.003962455031936422,2022-09-30,2022-10-03,2022-10-31,252,0.15,0.9968811902792492,-0.16696356109322397
2022-10-11,Equity - Minimum Variance Sentiment Tilt,Equity - Minimum Variance,Equity,sentiment_tilt,Sentiment Tilt,0.00946258640193377,2022-09-30,2022-10-03,2022-10-31,252,0.15,1.0063142646747292,-0.1590808818141094
2022-10-12,Equity - Minimum Variance Sentiment Tilt,Equity - Minimum Variance,Equity,sentiment_tilt,Sentiment Tilt,-0.005007490759448176,2022-09-30,2022-10-03,2022-10-31,252,0.15,1.0012751552932695,-0.16329177652786864
2022-10-13,Equity - Minimum Variance Sentiment Tilt,Equity - Minimum Variance,Equity,sentiment_tilt,Sentiment Tilt,0.018053192386277353,2022-09-30,2022-10-03,2022-10-31,252,0.15,1.0193513683033788,-0.1481865219983457
2022-10-14,Equity - Minimum Variance Sentiment Tilt,Equity - Minimum Variance,Equity,sentiment_tilt,Sentiment Tilt,-0.010099265963404876,2022-09-30,2022-10-03,2022-10-31,252,0.15,1.0090566677247224,-0.15678921286389735
2022-10-17,Equity - Minimum Variance Sentiment Tilt,Equity - Minimum Variance,Equity,sentiment_tilt,Sentiment Tilt,0.011142264536360906,2022-09-30,2022-10-03,2022-10-31,252,0.15,1.02029984404869,-0.1473939352137139
2022-10-18,Equity - Minimum Variance Sentiment Tilt,Equity - Minimum Variance,Equity,sentiment_tilt,Sentiment Tilt,0.013510290317211987,2022-09-30,2022-10-03,2022-10-31,252,0.15,1.0340843911523938,-0.1358749797522355
2022-10-19,Equity - Minimum Variance Sentiment Tilt,Equity - Minimum Variance,Equity,sentiment_tilt,Sentiment Tilt,-0.010209988157030031,2022-09-30,2022-10-03,2022-10-31,252,0.15,1.0235264017653583,-0.14469768597515853
2022-10-20,Equity - Minimum Variance Sentiment Tilt,Equity - Minimum Variance,Equity,sentiment_tilt,Sentiment Tilt,0.0007483699417495494,2022-09-30,2022-10-03,2022-10-31,252,0.15,1.0242923781590265,-0.1440576034322335
2022-10-21,Equity - Minimum Variance Sentiment Tilt,Equity - Minimum Variance,Equity,sentiment_tilt,Sentiment Tilt,0.02201260783297744,2022-09-30,2022-10-03,2022-10-31,252,0.15,1.046839724585749,-0.12521607912896837
2022-10-24,Equity - Minimum Variance Sentiment Tilt,Equity - Minimum Variance,Equity,sentiment_tilt,Sentiment Tilt,0.013365653348482989,2022-09-30,2022-10-03,2022-10-31,252,0.15,1.0608314214559835,-0.11352402048777943
2022-10-25,Equity - Minimum Variance Sentiment Tilt,Equity - Minimum Variance,Equity,sentiment_tilt,Sentiment Tilt,0.008506948232937916,2022-09-30,2022-10-03,2022-10-31,252,0.15,1.0698558594421834,-0.10598281522032604
2022-10-26,Equity - Minimum Variance Sentiment Tilt,Equity - Minimum Variance,Equity,sentiment_tilt,Sentiment Tilt,0.011543528343164789,2022-09-30,2022-10-03,2022-10-31,252,0.15,1.0822057708787554,-0.09566270250854536
2022-10-27,Equity - Minimum Variance Sentiment Tilt,Equity - Minimum Variance,Equity,sentiment_tilt,Sentiment Tilt,-0.0009853802941610513,2022-09-30,2022-10-03,2022-10-31,252,0.15,1.081139386637904,-0.0965538186607684
2022-10-28,Equity - Minimum Variance Sentiment Tilt,Equity - Minimum Variance,Equity,sentiment_tilt,Sentiment Tilt,0.02290069847568988,2022-09-30,2022-10-03,2022-10-31,252,0.15,1.1058982337414909,-0.0758642700729053
2022-10-31,Equity - Minimum Variance Sentiment Tilt,Equity - Minimum Variance,Equity,sentiment_tilt,Sentiment Tilt,-0.007795665804305903,2022-09-30,2022-10-03,2022-10-31,252,0.15,1.09727702069767,-0.08306852338123516
2022-11-01,Equity - Minimum Variance Sentiment Tilt,Equity - Minimum Variance,Equity,sentiment_tilt,Sentiment Tilt,-0.0034215259983507735,2022-10-31,2022-11-01,2022-11-30,252,0.15,1.0935226588439602,-0.08620582826719236
2022-11-02,Equity - Minimum Variance Sentiment Tilt,Equity - Minimum Variance,Equity,sentiment_tilt,Sentiment Tilt,-0.01672005199225152,2022-10-31,2022-11-01,2022-11-30,252,0.15,1.075238903133384,-0.10148451432878136
2022-11-03,Equity - Minimum Variance Sentiment Tilt,Equity - Minimum Variance,Equity,sentiment_tilt,Sentiment Tilt,-0.007186842314696838,2022-10-31,2022-11-01,2022-11-30,252,0.15,1.0675113306859367,-0.10794200344161375
2022-11-04,Equity - Minimum Variance Sentiment Tilt,Equity - Minimum Variance,Equity,sentiment_tilt,Sentiment Tilt,0.01459857756490853,2022-10-31,2022-11-01,2022-11-30,252,0.15,1.083095477648374,-0.09491922558645915
2022-11-07,Equity - Minimum Variance Sentiment Tilt,Equity - Minimum Variance,Equity,sentiment_tilt,Sentiment Tilt,0.009478910331219236,2022-10-31,2022-11-01,2022-11-30,252,0.15,1.093362042561152,-0.08634004608328283
2022-11-08,Equity - Minimum Variance Sentiment Tilt,Equity - Minimum Variance,Equity,sentiment_tilt,Sentiment Tilt,0.003061571771346314,2022-10-31,2022-11-01,2022-11-30,252,0.15,1.0967094489265188,-0.08354281055976187
2022-11-09,Equity - Minimum Variance Sentiment Tilt,Equity - Minimum Variance,Equity,sentiment_tilt,Sentiment Tilt,-0.011019858575016514,2022-10-31,2022-11-01,2022-11-30,252,0.15,1.0846238659014642,-0.0936420391774504
2022-11-10,Equity - Minimum Variance Sentiment Tilt,Equity - Minimum Variance,Equity,sentiment_tilt,Sentiment Tilt,0.029871782709566762,2022-10-31,2022-11-01,2022-11-30,252,0.15,1.117023514345283,-0.0665675111146733
2022-11-11,Equity - Minimum Variance Sentiment Tilt,Equity - Minimum Variance,Equity,sentiment_tilt,Sentiment Tilt,0.0004105332399939464,2022-10-31,2022-11-01,2022-11-30,252,0.15,1.1174820896277766,-0.06618430605069547
2022-11-14,Equity - Minimum Variance Sentiment Tilt,Equity - Minimum Variance,Equity,sentiment_tilt,Sentiment Tilt,-0.006092943782731779,2022-10-31,2022-11-01,2022-11-30,252,0.15,1.110673334077465,-0.07187399257736116
2022-11-15,Equity - Minimum Variance Sentiment Tilt,Equity - Minimum Variance,Equity,sentiment_tilt,Sentiment Tilt,0.010509763435831201,2022-10-31,2022-11-01,2022-11-30,252,0.15,1.122346248073105,-0.0621196078007068
2022-11-16,Equity - Minimum Variance Sentiment Tilt,Equity - Minimum Variance,Equity,sentiment_tilt,Sentiment Tilt,-0.0011398815770812258,2022-10-31,2022-11-01,2022-11-30,252,0.15,1.1210669062618202,-0.06318868038128056
2022-11-17,Equity - Minimum Variance Sentiment Tilt,Equity - Minimum Variance,Equity,sentiment_tilt,Sentiment Tilt,-0.00011265154257103602,2022-10-31,2022-11-01,2022-11-30,252,0.15,1.1209406163455045,-0.06329421362153365
2022-11-18,Equity - Minimum Variance Sentiment Tilt,Equity - Minimum Variance,Equity,sentiment_tilt,Sentiment Tilt,0.010196750756796848,2022-10-31,2022-11-01,2022-11-30,252,0.15,1.1323705684235499,-0.053742858185382936
2022-11-21,Equity - Minimum Variance Sentiment Tilt,Equity - Minimum Variance,Equity,sentiment_tilt,Sentiment Tilt,0.0045108400533719895,2022-10-31,2022-11-01,2022-11-30,252,0.15,1.1374785109388545,-0.0494744435692962
2022-11-22,Equity - Minimum Variance Sentiment Tilt,Equity - Minimum Variance,Equity,sentiment_tilt,Sentiment Tilt,0.01170011440417952,2022-10-31,2022-11-01,2022-11-30,252,0.15,1.150787139649135,-0.0383531858149605
2022-11-23,Equity - Minimum Variance Sentiment Tilt,Equity - Minimum Variance,Equity,sentiment_tilt,Sentiment Tilt,0.0029692208901713232,2022-10-31,2022-11-01,2022-11-30,252,0.15,1.1542040808643215,-0.03549784400531575
2022-11-25,Equity - Minimum Variance Sentiment Tilt,Equity - Minimum Variance,Equity,sentiment_tilt,Sentiment Tilt,0.0012567739184850815,2022-10-31,2022-11-01,2022-11-30,252,0.15,1.1556546544497608,-0.03428568285133904
2022-11-28,Equity - Minimum Variance Sentiment Tilt,Equity - Minimum Variance,Equity,sentiment_tilt,Sentiment Tilt,-0.010964386084122294,2022-10-31,2022-11-01,2022-11-30,252,0.15,1.1429836106384605,-0.04487414747152152
2022-11-29,Equity - Minimum Variance Sentiment Tilt,Equity - Minimum Variance,Equity,sentiment_tilt,Sentiment Tilt,0.004473951560055011,2022-10-31,2022-11-01,2022-11-30,252,0.15,1.1480972639463938,-0.0406009606735529
2022-11-30,Equity - Minimum Variance Sentiment Tilt,Equity - Minimum Variance,Equity,sentiment_tilt,Sentiment Tilt,0.017326728940670007,2022-10-31,2022-11-01,2022-11-30,252,0.15,1.1679900340363178,-0.02397771357320433
2022-12-01,Equity - Minimum Variance Sentiment Tilt,Equity - Minimum Variance,Equity,sentiment_tilt,Sentiment Tilt,0.004098707877684143,2022-11-30,2022-12-01,2022-12-30,252,0.15,1.1727772839898791,-0.019977283339031482
2022-12-02,Equity - Minimum Variance Sentiment Tilt,Equity - Minimum Variance,Equity,sentiment_tilt,Sentiment Tilt,0.005608881798529636,2022-11-30,2022-12-01,2022-12-30,252,0.15,1.179355253151779,-0.014480451761406221
2022-12-05,Equity - Minimum Variance Sentiment Tilt,Equity - Minimum Variance,Equity,sentiment_tilt,Sentiment Tilt,-0.011244969447662605,2022-11-30,2022-12-01,2022-12-30,252,0.15,1.166093439362147,-0.025562588971423383
2022-12-06,Equity - Minimum Variance Sentiment Tilt,Equity - Minimum Variance,Equity,sentiment_tilt,Sentiment Tilt,-0.00849827393476638,2022-11-30,2022-12-01,2022-12-30,252,0.15,1.1561836578809135,-0.03384362502262883
2022-12-07,Equity - Minimum Variance Sentiment Tilt,Equity - Minimum Variance,Equity,sentiment_tilt,Sentiment Tilt,0.0034135327103064187,2022-11-30,2022-12-01,2022-12-30,252,0.15,1.1601303286162117,-0.030545618633372462
2022-12-08,Equity - Minimum Variance Sentiment Tilt,Equity - Minimum Variance,Equity,sentiment_tilt,Sentiment Tilt,0.0053880167235283005,2022-11-30,2022-12-01,2022-12-30,252,0.15,1.1663811302282683,-0.02532218221387128
2022-12-09,Equity - Minimum Variance Sentiment Tilt,Equity - Minimum Variance,Equity,sentiment_tilt,Sentiment Tilt,-0.015165381385062569,2022-11-30,2022-12-01,2022-12-30,252,0.15,1.1486925155480163,-0.04010354304815833
2022-12-12,Equity - Minimum Variance Sentiment Tilt,Equity - Minimum Variance,Equity,sentiment_tilt,Sentiment Tilt,0.009946874082721113,2022-11-30,2022-12-01,2022-12-30,252,0.15,1.1601184153599366,-0.030555573858408236
2022-12-13,Equity - Minimum Variance Sentiment Tilt,Equity - Minimum Variance,Equity,sentiment_tilt,Sentiment Tilt,0.0041307630071896065,2022-11-30,2022-12-01,2022-12-30,252,0.15,1.164910589594065,-0.026551028685376288
2022-12-14,Equity - Minimum Variance Sentiment Tilt,Equity - Minimum Variance,Equity,sentiment_tilt,Sentiment Tilt,-0.0008135756739741829,2022-11-30,2022-12-01,2022-12-30,252,0.15,1.1639628466760163,-0.027343003088293072
2022-12-15,Equity - Minimum Variance Sentiment Tilt,Equity - Minimum Variance,Equity,sentiment_tilt,Sentiment Tilt,-0.01752902884466938,2022-11-30,2022-12-01,2022-12-30,252,0.15,1.143559708362509,-0.044392735643127845
2022-12-16,Equity - Minimum Variance Sentiment Tilt,Equity - Minimum Variance,Equity,sentiment_tilt,Sentiment Tilt,-0.008001348171354599,2022-11-30,2022-12-01,2022-12-30,252,0.15,1.134409688981168,-0.05203888208032281
2022-12-19,Equity - Minimum Variance Sentiment Tilt,Equity - Minimum Variance,Equity,sentiment_tilt,Sentiment Tilt,-0.0021098940248431715,2022-11-30,2022-12-01,2022-12-30,252,0.15,1.1320162047566624,-0.0540389795788051
2022-12-20,Equity - Minimum Variance Sentiment Tilt,Equity - Minimum Variance,Equity,sentiment_tilt,Sentiment Tilt,0.0015687270907952203,2022-11-30,2022-12-01,2022-12-30,252,0.15,1.1337920292442834,-0.05255502489923414
2022-12-21,Equity - Minimum Variance Sentiment Tilt,Equity - Minimum Variance,Equity,sentiment_tilt,Sentiment Tilt,0.009939866651349103,2022-11-30,2022-12-01,2022-12-30,252,0.15,1.145061770825334,-0.043137548187241914
2022-12-22,Equity - Minimum Variance Sentiment Tilt,Equity - Minimum Variance,Equity,sentiment_tilt,Sentiment Tilt,-0.004306478786044517,2022-11-30,2022-12-01,2022-12-30,252,0.15,1.140130586600564,-0.04725825603713607
2022-12-23,Equity - Minimum Variance Sentiment Tilt,Equity - Minimum Variance,Equity,sentiment_tilt,Sentiment Tilt,0.0015613774467106499,2022-11-30,2022-12-01,2022-12-30,252,0.15,1.1419107607847871,-0.045770666565572715
2022-12-27,Equity - Minimum Variance Sentiment Tilt,Equity - Minimum Variance,Equity,sentiment_tilt,Sentiment Tilt,0.002248361118647981,2022-11-30,2022-12-01,2022-12-30,252,0.15,1.1444781885403013,-0.043625214434005466
2022-12-28,Equity - Minimum Variance Sentiment Tilt,Equity - Minimum Variance,Equity,sentiment_tilt,Sentiment Tilt,-0.012466368031501274,2022-11-30,2022-12-01,2022-12-30,252,0.15,1.130210702237932,-0.0555477344869193
2022-12-29,Equity - Minimum Variance Sentiment Tilt,Equity - Minimum Variance,Equity,sentiment_tilt,Sentiment Tilt,0.007513905237819478,2022-11-30,2022-12-01,2022-12-30,252,0.15,1.1387029983533172,-0.04845120966220995
2022-12-30,Equity - Minimum Variance Sentiment Tilt,Equity - Minimum Variance,Equity,sentiment_tilt,Sentiment Tilt,-0.0010475055913362027,2022-11-30,2022-12-01,2022-12-30,252,0.15,1.137510200595671,-0.04944796234051796
2023-01-03,Equity - Minimum Variance Sentiment Tilt,Equity - Minimum Variance,Equity,sentiment_tilt,Sentiment Tilt,0.006676252656471566,2022-12-30,2023-01-03,2023-01-31,252,0.15,1.1451045060941614,-0.043101836773979274
2023-01-04,Equity - Minimum Variance Sentiment Tilt,Equity - Minimum Variance,Equity,sentiment_tilt,Sentiment Tilt,0.010928616084081104,2022-12-30,2023-01-03,2023-01-31,252,0.15,1.1576189136174158,-0.03264426411651977
2023-01-05,Equity - Minimum Variance Sentiment Tilt,Equity - Minimum Variance,Equity,sentiment_tilt,Sentiment Tilt,-0.003273385418660313,2022-12-30,2023-01-03,2023-01-31,252,0.15,1.1538295807452152,-0.035810792277018
2023-01-06,Equity - Minimum Variance Sentiment Tilt,Equity - Minimum Variance,Equity,sentiment_tilt,Sentiment Tilt,0.018286491373741654,2022-12-30,2023-01-03,2023-01-31,252,0.15,1.1749290754202806,-0.018179154647336992
2023-01-09,Equity - Minimum Variance Sentiment Tilt,Equity - Minimum Variance,Equity,sentiment_tilt,Sentiment Tilt,-0.015375235741105466,2022-12-30,2023-01-03,2023-01-31,252,0.15,1.1568642639066147,-0.03327488160016556
2023-01-10,Equity - Minimum Variance Sentiment Tilt,Equity - Minimum Variance,Equity,sentiment_tilt,Sentiment Tilt,0.0033501630714610846,2022-12-30,2023-01-03,2023-01-31,252,0.15,1.1607399478422478,-0.030036194808248484
2023-01-11,Equity - Minimum Variance Sentiment Tilt,Equity - Minimum Variance,Equity,sentiment_tilt,Sentiment Tilt,0.0037041730175278193,2022-12-30,2023-01-03,2023-01-31,252,0.15,1.1650395294374116,-0.026443281053078693
2023-01-12,Equity - Minimum Variance Sentiment Tilt,Equity - Minimum Variance,Equity,sentiment_tilt,Sentiment Tilt,-0.00502809877816105,2022-12-30,2023-01-03,2023-01-31,252,0.15,1.159181595602938,-0.03133842040208612
2023-01-13,Equity - Minimum Variance Sentiment Tilt,Equity - Minimum Variance,Equity,sentiment_tilt,Sentiment Tilt,0.0033806535733233558,2022-12-30,2023-01-03,2023-01-31,252,0.15,1.163100387006244,-0.028063711171677275
2023-01-17,Equity - Minimum Variance Sentiment Tilt,Equity - Minimum Variance,Equity,sentiment_tilt,Sentiment Tilt,-0.010611520788659299,2022-12-30,2023-01-03,2023-01-31,252,0.15,1.1507581230702295,-0.03837743330583143
2023-01-18,Equity - Minimum Variance Sentiment Tilt,Equity - Minimum Variance,Equity,sentiment_tilt,Sentiment Tilt,-0.020125300888870833,2022-12-30,2023-01-03,2023-01-31,252,0.15,1.1275987695931289,-0.05773037680207982
2023-01-19,Equity - Minimum Variance Sentiment Tilt,Equity - Minimum Variance,Equity,sentiment_tilt,Sentiment Tilt,-0.004267542575286769,2022-12-30,2023-01-03,2023-01-31,252,0.15,1.1227866938360493,-0.06175155253647624
2023-01-20,Equity - Minimum Variance Sentiment Tilt,Equity - Minimum Variance,Equity,sentiment_tilt,Sentiment Tilt,0.00939495656869922,2022-12-30,2023-01-03,2023-01-31,252,0.15,1.1333352260605525,-0.052936749121906934
2023-01-23,Equity - Minimum Variance Sentiment Tilt,Equity - Minimum Variance,Equity,sentiment_tilt,Sentiment Tilt,0.007029651084132325,2022-12-30,2023-01-03,2023-01-31,252,0.15,1.1413021772611145,-0.04627922491362979
2023-01-24,Equity - Minimum Variance Sentiment Tilt,Equity - Minimum Variance,Equity,sentiment_tilt,Sentiment Tilt,-0.005191546408576256,2022-12-30,2023-01-03,2023-01-31,252,0.15,1.1353770540416543,-0.05123051057831396
2023-01-25,Equity - Minimum Variance Sentiment Tilt,Equity - Minimum Variance,Equity,sentiment_tilt,Sentiment Tilt,0.0008565512586793612,2022-12-30,2023-01-03,2023-01-31,252,0.15,1.1363495626863693,-0.05041784087795331
2023-01-26,Equity - Minimum Variance Sentiment Tilt,Equity - Minimum Variance,Equity,sentiment_tilt,Sentiment Tilt,-0.0017969970022632053,2022-12-30,2023-01-03,2023-01-31,252,0.15,1.1343075459286989,-0.052124237171298216
2023-01-27,Equity - Minimum Variance Sentiment Tilt,Equity - Minimum Variance,Equity,sentiment_tilt,Sentiment Tilt,-0.00018010901039307173,2022-12-30,2023-01-03,2023-01-31,252,0.15,1.1341032469191201,-0.05229495813691698
2023-01-30,Equity - Minimum Variance Sentiment Tilt,Equity - Minimum Variance,Equity,sentiment_tilt,Sentiment Tilt,-0.00490498531293735,2022-12-30,2023-01-03,2023-01-31,252,0.15,1.1285404871496272,-0.05694343744825214
2023-01-31,Equity - Minimum Variance Sentiment Tilt,Equity - Minimum Variance,Equity,sentiment_tilt,Sentiment Tilt,0.011017458127260012,2022-12-30,2023-01-03,2023-01-31,252,0.15,1.1409741347117157,-0.046553351258700526
2023-02-01,Equity - Minimum Variance Sentiment Tilt,Equity - Minimum Variance,Equity,sentiment_tilt,Sentiment Tilt,-0.006784169074908023,2023-01-31,2023-02-01,2023-02-28,252,0.15,1.1332335732717347,-0.05302169452766581
2023-02-02,Equity - Minimum Variance Sentiment Tilt,Equity - Minimum Variance,Equity,sentiment_tilt,Sentiment Tilt,-0.010343981244004905,2023-01-31,2023-02-01,2023-02-28,252,0.15,1.1215114264447352,-0.06281722035795123
2023-02-03,Equity - Minimum Variance Sentiment Tilt,Equity - Minimum Variance,Equity,sentiment_tilt,Sentiment Tilt,-0.009386701297883595,2023-01-31,2023-02-01,2023-02-28,252,0.15,1.1109841336825352,-0.07161427517197128
2023-02-06,Equity - Minimum Variance Sentiment Tilt,Equity - Minimum Variance,Equity,sentiment_tilt,Sentiment Tilt,-0.004864307044191176,2023-01-31,2023-02-01,2023-02-28,252,0.15,1.1055799657350787,-0.07613022839297878
2023-02-07,Equity - Minimum Variance Sentiment Tilt,Equity - Minimum Variance,Equity,sentiment_tilt,Sentiment Tilt,0.007108001762148926,2023-01-31,2023-02-01,2023-02-28,252,0.15,1.1134384300797202,-0.06956336042839995
2023-02-08,Equity - Minimum Variance Sentiment Tilt,Equity - Minimum Variance,Equity,sentiment_tilt,Sentiment Tilt,-0.005438051206690837,2023-01-31,2023-02-01,2023-02-28,252,0.15,1.1073834948814492,-0.07462312251897174
2023-02-09,Equity - Minimum Variance Sentiment Tilt,Equity - Minimum Variance,Equity,sentiment_tilt,Sentiment Tilt,0.0005776186124067553,2023-01-31,2023-02-01,2023-02-28,252,0.15,1.1080231401991647,-0.07408860761104785
2023-02-10,Equity - Minimum Variance Sentiment Tilt,Equity - Minimum Variance,Equity,sentiment_tilt,Sentiment Tilt,0.011252631822206845,2023-01-31,2023-02-01,2023-02-28,252,0.15,1.1204913166463113,-0.06366966761250814
2023-02-13,Equity - Minimum Variance Sentiment Tilt,Equity - Minimum Variance,Equity,sentiment_tilt,Sentiment Tilt,0.011272453885071407,2023-01-31,2023-02-01,2023-02-28,252,0.15,1.1331220033418299,-0.05311492711947641
2023-02-14,Equity - Minimum Variance Sentiment Tilt,Equity - Minimum Variance,Equity,sentiment_tilt,Sentiment Tilt,-0.010060657799915083,2023-01-31,2023-02-01,2023-02-28,252,0.15,1.1217220506206536,-0.06264121381357501
2023-02-15,Equity - Minimum Variance Sentiment Tilt,Equity - Minimum Variance,Equity,sentiment_tilt,Sentiment Tilt,-0.0005792209332417641,2023-01-31,2023-02-01,2023-02-28,252,0.15,1.1210723257276551,-0.06318415164449231
2023-02-16,Equity - Minimum Variance Sentiment Tilt,Equity - Minimum Variance,Equity,sentiment_tilt,Sentiment Tilt,-0.012621788624180619,2023-01-31,2023-02-01,2023-02-28,252,0.15,1.1069223877999022,-0.075008443262218
2023-02-17,Equity - Minimum Variance Sentiment Tilt,Equity - Minimum Variance,Equity,sentiment_tilt,Sentiment Tilt,0.01104631660201018,2023-01-31,2023-02-01,2023-02-28,252,0.15,1.1191498029493931,-0.06479069367230605
2023-02-21,Equity - Minimum Variance Sentiment Tilt,Equity - Minimum Variance,Equity,sentiment_tilt,Sentiment Tilt,-0.0028356722242158026,2023-01-31,2023-02-01,2023-02-28,252,0.15,1.115976260938433,-0.06744264072608763
2023-02-22,Equity - Minimum Variance Sentiment Tilt,Equity - Minimum Variance,Equity,sentiment_tilt,Sentiment Tilt,-0.009965562804166196,2023-01-31,2023-02-01,2023-02-28,252,0.15,1.1048549294220924,-0.07673609965841921
2023-02-23,Equity - Minimum Variance Sentiment Tilt,Equity - Minimum Variance,Equity,sentiment_tilt,Sentiment Tilt,-0.0019790618758336103,2023-01-31,2023-02-01,2023-02-28,252,0.15,1.1026683531529462,-0.07856329604491874
2023-02-24,Equity - Minimum Variance Sentiment Tilt,Equity - Minimum Variance,Equity,sentiment_tilt,Sentiment Tilt,-0.006235739671906495,2023-01-31,2023-02-01,2023-02-28,252,0.15,1.0957924003582347,-0.08430913545492214
2023-02-27,Equity - Minimum Variance Sentiment Tilt,Equity - Minimum Variance,Equity,sentiment_tilt,Sentiment Tilt,0.0011106168827864941,2023-01-31,2023-02-01,2023-02-28,252,0.15,1.0970094058981017,-0.08329215372134491
2023-02-28,Equity - Minimum Variance Sentiment Tilt,Equity - Minimum Variance,Equity,sentiment_tilt,Sentiment Tilt,-0.003120071012739878,2023-01-31,2023-02-01,2023-02-28,252,0.15,1.093586658650056,-0.08615234729967025
2023-03-01,Equity - Minimum Variance Sentiment Tilt,Equity - Minimum Variance,Equity,sentiment_tilt,Sentiment Tilt,-0.0024106421573864877,2023-02-28,2023-03-01,2023-03-31,252,0.15,1.0909504125479588,-0.08835530697669824
2023-03-02,Equity - Minimum Variance Sentiment Tilt,Equity - Minimum Variance,Equity,sentiment_tilt,Sentiment Tilt,0.0058463765229086265,2023-02-28,2023-03-01,2023-03-31,252,0.15,1.0973285194275366,-0.08302548884617267
2023-03-03,Equity - Minimum Variance Sentiment Tilt,Equity - Minimum Variance,Equity,sentiment_tilt,Sentiment Tilt,0.007491973055861566,2023-02-28,2023-03-01,2023-03-31,252,0.15,1.105549675128516,-0.0761555405156964
2023-03-06,Equity - Minimum Variance Sentiment Tilt,Equity - Minimum Variance,Equity,sentiment_tilt,Sentiment Tilt,0.0029177592152832177,2023-02-28,2023-03-01,2023-03-31,252,0.15,1.1087754028810757,-0.07345998483054772
2023-03-07,Equity - Minimum Variance Sentiment Tilt,Equity - Minimum Variance,Equity,sentiment_tilt,Sentiment Tilt,-0.012364810700955263,2023-02-28,2023-03-01,2023-03-31,252,0.15,1.0950656049145757,-0.08491647672497826
2023-03-08,Equity - Minimum Variance Sentiment Tilt,Equity - Minimum Variance,Equity,sentiment_tilt,Sentiment Tilt,-0.0071418204833211445,2023-02-28,2023-03-01,2023-03-31,252,0.15,1.0872448429468164,-0.09145183897545339
2023-03-09,Equity - Minimum Variance Sentiment Tilt,Equity - Minimum Variance,Equity,sentiment_tilt,Sentiment Tilt,-0.012138827938177358,2023-02-28,2023-03-01,2023-03-31,252,0.15,1.0740469648716144,-0.1024805487756778
2023-03-10,Equity - Minimum Variance Sentiment Tilt,Equity - Minimum Variance,Equity,sentiment_tilt,Sentiment Tilt,-0.0026362019950975234,2023-02-28,2023-03-01,2023-03-31,252,0.15,1.0712155601199915,-0.10484659134363417
2023-03-13,Equity - Minimum Variance Sentiment Tilt,Equity - Minimum Variance,Equity,sentiment_tilt,Sentiment Tilt,0.010703612618757389,2023-02-28,2023-03-01,2023-03-31,252,0.15,1.0826814365067012,-0.09526521602301607
2023-03-14,Equity - Minimum Variance Sentiment Tilt,Equity - Minimum Variance,Equity,sentiment_tilt,Sentiment Tilt,0.007527228342758643,2023-02-28,2023-03-01,2023-03-31,252,0.15,1.090831026901753,-0.08845507071438508
2023-03-15,Equity - Minimum Variance Sentiment Tilt,Equity - Minimum Variance,Equity,sentiment_tilt,Sentiment Tilt,0.006161344044391456,2023-02-28,2023-03-01,2023-03-31,252,0.15,1.0975520121527915,-0.08283872879313581
2023-03-16,Equity - Minimum Variance Sentiment Tilt,Equity - Minimum Variance,Equity,sentiment_tilt,Sentiment Tilt,0.0044952308853749255,2023-02-28,2023-03-01,2023-03-31,252,0.15,1.1024857618561261,-0.078715877119937
2023-03-17,Equity - Minimum Variance Sentiment Tilt,Equity - Minimum Variance,Equity,sentiment_tilt,Sentiment Tilt,-0.0013161409088285768,2023-02-28,2023-03-01,2023-03-31,252,0.15,1.1010347352435461,-0.0799284168427139
2023-03-20,Equity - Minimum Variance Sentiment Tilt,Equity - Minimum Variance,Equity,sentiment_tilt,Sentiment Tilt,0.009946661082757451,2023-02-28,2023-03-01,2023-03-31,252,0.15,1.1119863545953572,-0.07077677663317228
2023-03-21,Equity - Minimum Variance Sentiment Tilt,Equity - Minimum Variance,Equity,sentiment_tilt,Sentiment Tilt,-0.0029171052847699907,2023-02-28,2023-03-01,2023-03-31,252,0.15,1.108742573323775,-0.0734874186087866
2023-03-22,Equity - Minimum Variance Sentiment Tilt,Equity - Minimum Variance,Equity,sentiment_tilt,Sentiment Tilt,-0.013184654497254646,2023-02-28,2023-03-01,2023-03-31,252,0.15,1.0941241855681039,-0.08570316688178936
2023-03-23,Equity - Minimum Variance Sentiment Tilt,Equity - Minimum Variance,Equity,sentiment_tilt,Sentiment Tilt,0.009176081017615668,2023-02-28,2023-03-01,2023-03-31,252,0.15,1.1041639577382094,-0.07731350506694745
2023-03-24,Equity - Minimum Variance Sentiment Tilt,Equity - Minimum Variance,Equity,sentiment_tilt,Sentiment Tilt,0.012756998633877074,2023-02-28,2023-03-01,2023-03-31,252,0.15,1.118249775838652,-0.06554279471158964
2023-03-27,Equity - Minimum Variance Sentiment Tilt,Equity - Minimum Variance,Equity,sentiment_tilt,Sentiment Tilt,0.004510070361281879,2023-02-28,2023-03-01,2023-03-31,252,0.15,1.123293161009172,-0.061328326966131996
2023-03-28,Equity - Minimum Variance Sentiment Tilt,Equity - Minimum Variance,Equity,sentiment_tilt,Sentiment Tilt,-0.0006751804010274136,2023-02-28,2023-03-01,2023-03-31,252,0.15,1.1225347354822506,-0.061962099682764116
2023-03-29,Equity - Minimum Variance Sentiment Tilt,Equity - Minimum Variance,Equity,sentiment_tilt,Sentiment Tilt,0.004899635802733845,2023-02-28,2023-03-01,2023-03-31,252,0.15,1.1280347468620318,-0.05736605560204855
2023-03-30,Equity - Minimum Variance Sentiment Tilt,Equity - Minimum Variance,Equity,sentiment_tilt,Sentiment Tilt,0.0048421098063832005,2023-02-28,2023-03-01,2023-03-31,252,0.15,1.1334968149717533,-0.05280171853604965
2023-03-31,Equity - Minimum Variance Sentiment Tilt,Equity - Minimum Variance,Equity,sentiment_tilt,Sentiment Tilt,0.01177134562215501,2023-02-28,2023-03-01,2023-03-31,252,0.15,1.1468395977423977,-0.04165192019222619
2023-04-03,Equity - Minimum Variance Sentiment Tilt,Equity - Minimum Variance,Equity,sentiment_tilt,Sentiment Tilt,0.00843826093235418,2023-03-31,2023-04-03,2023-04-28,252,0.15,1.156516929515704,-0.03356512903078768
2023-04-04,Equity - Minimum Variance Sentiment Tilt,Equity - Minimum Variance,Equity,sentiment_tilt,Sentiment Tilt,0.0032109830133997086,2023-03-31,2023-04-03,2023-04-28,252,0.15,1.1602304857310881,-0.03046192307654849
2023-04-05,Equity - Minimum Variance Sentiment Tilt,Equity - Minimum Variance,Equity,sentiment_tilt,Sentiment Tilt,0.012003654980959875,2023-03-31,2023-04-03,2023-04-28,252,0.15,1.1741574921801956,-0.018823922510255997
2023-04-06,Equity - Minimum Variance Sentiment Tilt,Equity - Minimum Variance,Equity,sentiment_tilt,Sentiment Tilt,0.0007271315425598882,2023-03-31,2023-04-03,2023-04-28,252,0.15,1.1750112591286928,-0.01811047843550806
2023-04-10,Equity - Minimum Variance Sentiment Tilt,Equity - Minimum Variance,Equity,sentiment_tilt,Sentiment Tilt,-0.0010558236012557943,2023-03-31,2023-04-03,2023-04-28,252,0.15,1.1737706545095634,-0.01914718056620157
2023-04-11,Equity - Minimum Variance Sentiment Tilt,Equity - Minimum Variance,Equity,sentiment_tilt,Sentiment Tilt,-0.0011511003142129549,2023-03-31,2023-04-03,2023-04-28,252,0.15,1.1724195267403434,-0.020276240554848557
2023-04-12,Equity - Minimum Variance Sentiment Tilt,Equity - Minimum Variance,Equity,sentiment_tilt,Sentiment Tilt,0.0004576013684652676,2023-03-31,2023-04-03,2023-04-28,252,0.15,1.1729560275201951,-0.019827917621808577
2023-04-13,Equity - Minimum Variance Sentiment Tilt,Equity - Minimum Variance,Equity,sentiment_tilt,Sentiment Tilt,0.01013997885346474,2023-03-31,2023-04-03,2023-04-28,252,0.15,1.1848497768352941,-0.009888993433737059
2023-04-14,Equity - Minimum Variance Sentiment Tilt,Equity - Minimum Variance,Equity,sentiment_tilt,Sentiment Tilt,-0.007841491336171078,2023-03-31,2023-04-03,2023-04-28,252,0.15,1.175558787575576,-0.017652940313574006
2023-04-17,Equity - Minimum Variance Sentiment Tilt,Equity - Minimum Variance,Equity,sentiment_tilt,Sentiment Tilt,0.0021236293661673084,2023-03-31,2023-04-03,2023-04-28,252,0.15,1.1780552387385275,-0.015566799249855823
2023-04-18,Equity - Minimum Variance Sentiment Tilt,Equity - Minimum Variance,Equity,sentiment_tilt,Sentiment Tilt,6.797033497955477e-05,2023-03-31,2023-04-03,2023-04-28,252,0.15,1.1781353115477289,-0.015499886995435919
2023-04-19,Equity - Minimum Variance Sentiment Tilt,Equity - Minimum Variance,Equity,sentiment_tilt,Sentiment Tilt,-0.0013145951481022594,2023-03-31,2023-04-03,2023-04-28,252,0.15,1.1765865405833602,-0.01679410606729792
2023-04-20,Equity - Minimum Variance Sentiment Tilt,Equity - Minimum Variance,Equity,sentiment_tilt,Sentiment Tilt,-0.00042455068074152293,2023-03-31,2023-04-03,2023-04-28,252,0.15,1.1760870199666043,-0.017211526798876053
2023-04-21,Equity - Minimum Variance Sentiment Tilt,Equity - Minimum Variance,Equity,sentiment_tilt,Sentiment Tilt,0.006025621533727621,2023-03-31,2023-04-03,2023-04-28,252,0.15,1.1831736752396524,-0.011289615411656184
2023-04-24,Equity - Minimum Variance Sentiment Tilt,Equity - Minimum Variance,Equity,sentiment_tilt,Sentiment Tilt,0.0042181357578504105,2023-03-31,2023-04-03,2023-04-28,252,0.15,1.188164462426928,-0.007119100784266141
2023-04-25,Equity - Minimum Variance Sentiment Tilt,Equity - Minimum Variance,Equity,sentiment_tilt,Sentiment Tilt,-0.0025868102485539597,2023-03-31,2023-04-03,2023-04-28,252,0.15,1.1850909064185544,-0.009687495269950941
2023-04-26,Equity - Minimum Variance Sentiment Tilt,Equity - Minimum Variance,Equity,sentiment_tilt,Sentiment Tilt,-0.01832771741065362,2023-03-31,2023-04-03,2023-04-28,252,0.15,1.1633708951797799,-0.027837663004879776
2023-04-27,Equity - Minimum Variance Sentiment Tilt,Equity - Minimum Variance,Equity,sentiment_tilt,Sentiment Tilt,-0.00024393720297379712,2023-03-31,2023-04-03,2023-04-28,252,0.15,1.1630871057375887,-0.028074809566202785
2023-04-28,Equity - Minimum Variance Sentiment Tilt,Equity - Minimum Variance,Equity,sentiment_tilt,Sentiment Tilt,0.0009998639192669067,2023-03-31,2023-04-03,2023-04-28,252,0.15,1.1642500345695803,-0.027103016636061295
2023-05-01,Equity - Minimum Variance Sentiment Tilt,Equity - Minimum Variance,Equity,sentiment_tilt,Sentiment Tilt,0.0012803168292951637,2023-04-28,2023-05-01,2023-05-31,252,0.15,1.1657406434823472,-0.02585740025508998
2023-05-02,Equity - Minimum Variance Sentiment Tilt,Equity - Minimum Variance,Equity,sentiment_tilt,Sentiment Tilt,-0.005438362080178304,2023-04-28,2023-05-01,2023-05-31,252,0.15,1.1594009237715102,-0.031155140430229045
2023-05-03,Equity - Minimum Variance Sentiment Tilt,Equity - Minimum Variance,Equity,sentiment_tilt,Sentiment Tilt,-0.006851925529985809,2023-04-28,2023-05-01,2023-05-31,252,0.15,1.151456794982431,-0.0377935932581106
2023-05-04,Equity - Minimum Variance Sentiment Tilt,Equity - Minimum Variance,Equity,sentiment_tilt,Sentiment Tilt,0.0008255388738546284,2023-04-28,2023-05-01,2023-05-31,252,0.15,1.152407367328253,-0.036999254464673226
2023-05-05,Equity - Minimum Variance Sentiment Tilt,Equity - Minimum Variance,Equity,sentiment_tilt,Sentiment Tilt,0.008204837006240489,2023-04-28,2023-05-01,2023-05-31,252,0.15,1.161862681941972,-0.029097990310667954
2023-05-08,Equity - Minimum Variance Sentiment Tilt,Equity - Minimum Variance,Equity,sentiment_tilt,Sentiment Tilt,-0.0004405447570392845,2023-04-28,2023-05-01,2023-05-31,252,0.15,1.1613508294290429,-0.02952571610063548
2023-05-09,Equity - Minimum Variance Sentiment Tilt,Equity - Minimum Variance,Equity,sentiment_tilt,Sentiment Tilt,-0.0028762486837622487,2023-04-28,2023-05-01,2023-05-31,252,0.15,1.1580104956345114,-0.03231704148232606
2023-05-10,Equity - Minimum Variance Sentiment Tilt,Equity - Minimum Variance,Equity,sentiment_tilt,Sentiment Tilt,-0.0020895069197645853,2023-04-28,2023-05-01,2023-05-31,252,0.15,1.1555908246907232,-0.03433902172028702
2023-05-11,Equity - Minimum Variance Sentiment Tilt,Equity - Minimum Variance,Equity,sentiment_tilt,Sentiment Tilt,-0.002189560535265794,2023-04-28,2023-05-01,2023-05-31,252,0.15,1.1530605886260652,-0.036453394888774304
2023-05-12,Equity - Minimum Variance Sentiment Tilt,Equity - Minimum Variance,Equity,sentiment_tilt,Sentiment Tilt,-0.00012912180166008104,2023-04-28,2023-05-01,2023-05-31,252,0.15,1.1529117033654386,-0.03657780976240976
2023-05-15,Equity - Minimum Variance Sentiment Tilt,Equity - Minimum Variance,Equity,sentiment_tilt,Sentiment Tilt,-0.0016789065186967364,2023-04-28,2023-05-01,2023-05-31,252,0.15,1.1509760723911766,-0.03819530555785666
2023-05-16,Equity - Minimum Variance Sentiment Tilt,Equity - Minimum Variance,Equity,sentiment_tilt,Sentiment Tilt,-0.013892650556443717,2023-04-28,2023-05-01,2023-05-31,252,0.15,1.134985964018618,-0.05155732208128849
2023-05-17,Equity - Minimum Variance Sentiment Tilt,Equity - Minimum Variance,Equity,sentiment_tilt,Sentiment Tilt,-0.0002675625897975458,2023-04-28,2023-05-01,2023-05-31,252,0.15,1.1346822842347013,-0.0518110898604669
2023-05-18,Equity - Minimum Variance Sentiment Tilt,Equity - Minimum Variance,Equity,sentiment_tilt,Sentiment Tilt,0.0025704062867370437,2023-04-28,2023-05-01,2023-05-31,252,0.15,1.1375988787115474,-0.04937385912482983
2023-05-19,Equity - Minimum Variance Sentiment Tilt,Equity - Minimum Variance,Equity,sentiment_tilt,Sentiment Tilt,0.00019043841484888855,2023-04-28,2023-05-01,2023-05-31,252,0.15,1.137815521238743,-0.04919282338944764
2023-05-22,Equity - Minimum Variance Sentiment Tilt,Equity - Minimum Variance,Equity,sentiment_tilt,Sentiment Tilt,-0.004927304729437526,2023-04-28,2023-05-01,2023-05-31,252,0.15,1.132209157439716,-0.05387774008754398
2023-05-23,Equity - Minimum Variance Sentiment Tilt,Equity - Minimum Variance,Equity,sentiment_tilt,Sentiment Tilt,-0.005576424196244545,2023-04-28,2023-05-01,2023-05-31,252,0.15,1.1258954788989595,-0.05915371915032541
2023-05-24,Equity - Minimum Variance Sentiment Tilt,Equity - Minimum Variance,Equity,sentiment_tilt,Sentiment Tilt,-0.006866113411997382,2023-04-28,2023-05-01,2023-05-31,252,0.15,1.1181649528507842,-0.06561367641789517
2023-05-25,Equity - Minimum Variance Sentiment Tilt,Equity - Minimum Variance,Equity,sentiment_tilt,Sentiment Tilt,-0.010699228062051914,2023-04-28,2023-05-01,2023-05-31,252,0.15,1.1062014510092402,-0.07561088879196232
2023-05-26,Equity - Minimum Variance Sentiment Tilt,Equity - Minimum Variance,Equity,sentiment_tilt,Sentiment Tilt,0.00043225956982701695,2023-04-28,2023-05-01,2023-05-31,252,0.15,1.1066796171725954,-0.07521131275239867
2023-05-30,Equity - Minimum Variance Sentiment Tilt,Equity - Minimum Variance,Equity,sentiment_tilt,Sentiment Tilt,-0.005691096412049117,2023-04-28,2023-05-01,2023-05-31,252,0.15,1.1003813967740166,-0.0804743743322972
2023-05-31,Equity - Minimum Variance Sentiment Tilt,Equity - Minimum Variance,Equity,sentiment_tilt,Sentiment Tilt,0.0031701138883256327,2023-04-28,2023-05-01,2023-05-31,252,0.15,1.103869731122385,-0.07755937337569663
2023-06-01,Equity - Minimum Variance Sentiment Tilt,Equity - Minimum Variance,Equity,sentiment_tilt,Sentiment Tilt,0.001383720869192819,2023-05-31,2023-06-01,2023-06-30,252,0.15,1.1053971787062096,-0.07628297303004516
2023-06-02,Equity - Minimum Variance Sentiment Tilt,Equity - Minimum Variance,Equity,sentiment_tilt,Sentiment Tilt,0.015790426029083978,2023-05-31,2023-06-01,2023-06-30,252,0.15,1.122851871089328,-0.06169708764387072
2023-06-05,Equity - Minimum Variance Sentiment Tilt,Equity - Minimum Variance,Equity,sentiment_tilt,Sentiment Tilt,-0.003586205397448623,2023-05-31,2023-06-01,2023-06-30,252,0.15,1.1188250936486923,-0.06506203461260396
2023-06-06,Equity - Minimum Variance Sentiment Tilt,Equity - Minimum Variance,Equity,sentiment_tilt,Sentiment Tilt,-0.0075859766315467736,2023-05-31,2023-06-01,2023-06-30,252,0.15,1.1103377126334852,-0.07215445216997862
2023-06-07,Equity - Minimum Variance Sentiment Tilt,Equity - Minimum Variance,Equity,sentiment_tilt,Sentiment Tilt,0.002410769145215707,2023-05-31,2023-06-01,2023-06-30,252,0.15,1.1130144805318716,-0.06991763075174406
2023-06-08,Equity - Minimum Variance Sentiment Tilt,Equity - Minimum Variance,Equity,sentiment_tilt,Sentiment Tilt,0.01009338852143746,2023-05-31,2023-06-01,2023-06-30,252,0.15,1.1242485681138656,-0.06052994804198242
2023-06-09,Equity - Minimum Variance Sentiment Tilt,Equity - Minimum Variance,Equity,sentiment_tilt,Sentiment Tilt,-0.0014368831599450974,2023-05-31,2023-06-01,2023-06-30,252,0.15,1.1226331542787504,-0.06187985673891361
2023-06-12,Equity - Minimum Variance Sentiment Tilt,Equity - Minimum Variance,Equity,sentiment_tilt,Sentiment Tilt,0.0016949668528547133,2023-05-31,2023-06-01,2023-06-30,252,0.15,1.1245359802631687,-0.060289774192090695
2023-06-13,Equity - Minimum Variance Sentiment Tilt,Equity - Minimum Variance,Equity,sentiment_tilt,Sentiment Tilt,0.006491316483253202,2023-05-31,2023-06-01,2023-06-30,252,0.15,1.1318356992078622,-0.054189817713822364
2023-06-14,Equity - Minimum Variance Sentiment Tilt,Equity - Minimum Variance,Equity,sentiment_tilt,Sentiment Tilt,-0.00010071580876010308,2023-05-31,2023-06-01,2023-06-30,252,0.15,1.1317217054600328,-0.054285075751264955
2023-06-15,Equity - Minimum Variance Sentiment Tilt,Equity - Minimum Variance,Equity,sentiment_tilt,Sentiment Tilt,0.008820923819022965,2023-05-31,2023-06-01,2023-06-30,252,0.15,1.1417045364082303,-0.04594299644995392
2023-06-16,Equity - Minimum Variance Sentiment Tilt,Equity - Minimum Variance,Equity,sentiment_tilt,Sentiment Tilt,0.002505467407121351,2023-05-31,2023-06-01,2023-06-30,252,0.15,1.1445650399127638,-0.04355263772302331
2023-06-20,Equity - Minimum Variance Sentiment Tilt,Equity - Minimum Variance,Equity,sentiment_tilt,Sentiment Tilt,-0.008826128720734861,2023-05-31,2023-06-01,2023-06-30,252,0.15,1.1344629615412407,-0.05199436525708734
2023-06-21,Equity - Minimum Variance Sentiment Tilt,Equity - Minimum Variance,Equity,sentiment_tilt,Sentiment Tilt,-0.0018642131290165138,2023-05-31,2023-06-01,2023-06-30,252,0.15,1.1323480807939525,-0.05376164980775666
2023-06-22,Equity - Minimum Variance Sentiment Tilt,Equity - Minimum Variance,Equity,sentiment_tilt,Sentiment Tilt,0.004677596951833076,2023-05-31,2023-06-01,2023-06-30,252,0.15,1.1376447487250885,-0.049335528185189825
2023-06-23,Equity - Minimum Variance Sentiment Tilt,Equity - Minimum Variance,Equity,sentiment_tilt,Sentiment Tilt,-0.0037166802625105363,2023-05-31,2023-06-01,2023-06-30,252,0.15,1.1334164869417533,-0.05286884406385384
2023-06-26,Equity - Minimum Variance Sentiment Tilt,Equity - Minimum Variance,Equity,sentiment_tilt,Sentiment Tilt,0.000906283911587354,2023-05-31,2023-06-01,2023-06-30,252,0.15,1.1344436840689966,-0.05201047433506556
2023-06-27,Equity - Minimum Variance Sentiment Tilt,Equity - Minimum Variance,Equity,sentiment_tilt,Sentiment Tilt,-0.0003054145395213121,2023-05-31,2023-06-01,2023-06-30,252,0.15,1.1340972084736138,-0.05230000411951763
2023-06-28,Equity - Minimum Variance Sentiment Tilt,Equity - Minimum Variance,Equity,sentiment_tilt,Sentiment Tilt,-0.00358525626466245,2023-05-31,2023-06-01,2023-06-30,252,0.15,1.1300311793521975,-0.0556977514667687
2023-06-29,Equity - Minimum Variance Sentiment Tilt,Equity - Minimum Variance,Equity,sentiment_tilt,Sentiment Tilt,0.0013327787212689347,2023-05-31,2023-06-01,2023-06-30,252,0.15,1.1315372608624086,-0.05443920552347725
2023-06-30,Equity - Minimum Variance Sentiment Tilt,Equity - Minimum Variance,Equity,sentiment_tilt,Sentiment Tilt,0.011347317220483204,2023-05-31,2023-06-01,2023-06-30,252,0.15,1.144377173108211,-0.043709627237299986
2023-07-03,Equity - Minimum Variance Sentiment Tilt,Equity - Minimum Variance,Equity,sentiment_tilt,Sentiment Tilt,0.0038139131704541095,2023-06-30,2023-07-03,2023-07-31,252,0.15,1.1487417282806955,-0.04006241878984185
2023-07-05,Equity - Minimum Variance Sentiment Tilt,Equity - Minimum Variance,Equity,sentiment_tilt,Sentiment Tilt,-0.0019004536170914373,2023-06-30,2023-07-03,2023-07-31,252,0.15,1.1465585979080806,-0.04188673563823475
2023-07-06,Equity - Minimum Variance Sentiment Tilt,Equity - Minimum Variance,Equity,sentiment_tilt,Sentiment Tilt,-0.008592046172360574,2023-06-30,2023-07-03,2023-07-31,252,0.15,1.1367073134955374,-0.050118889043981985
2023-07-07,Equity - Minimum Variance Sentiment Tilt,Equity - Minimum Variance,Equity,sentiment_tilt,Sentiment Tilt,-0.013230061418709124,2023-06-30,2023-07-03,2023-07-31,252,0.15,1.1216686059228957,-0.0626858744824017
2023-07-10,Equity - Minimum Variance Sentiment Tilt,Equity - Minimum Variance,Equity,sentiment_tilt,Sentiment Tilt,0.005201751392875406,2023-06-30,2023-07-03,2023-07-31,252,0.15,1.1275032471561,-0.057810199424428554
2023-07-11,Equity - Minimum Variance Sentiment Tilt,Equity - Minimum Variance,Equity,sentiment_tilt,Sentiment Tilt,0.01141878040956853,2023-06-30,2023-07-03,2023-07-31,252,0.15,1.140377959146451,-0.04705154098752096
2023-07-12,Equity - Minimum Variance Sentiment Tilt,Equity - Minimum Variance,Equity,sentiment_tilt,Sentiment Tilt,0.0011753785889700784,2023-06-30,2023-07-03,2023-07-31,252,0.15,1.1417183349829652,-0.04593146577240559
2023-07-13,Equity - Minimum Variance Sentiment Tilt,Equity - Minimum Variance,Equity,sentiment_tilt,Sentiment Tilt,0.0011197999850251154,2023-06-30,2023-07-03,2023-07-31,252,0.15,1.1429968311573822,-0.04486309984206449
2023-07-14,Equity - Minimum Variance Sentiment Tilt,Equity - Minimum Variance,Equity,sentiment_tilt,Sentiment Tilt,0.004519977058466668,2023-06-30,2023-07-03,2023-07-31,252,0.15,1.1481631506121137,-0.04054590296565552
2023-07-17,Equity - Minimum Variance Sentiment Tilt,Equity - Minimum Variance,Equity,sentiment_tilt,Sentiment Tilt,-0.004060482181162961,2023-06-30,2023-07-03,2023-07-31,252,0.15,1.1435010545979853,-0.044441749230307304
2023-07-18,Equity - Minimum Variance Sentiment Tilt,Equity - Minimum Variance,Equity,sentiment_tilt,Sentiment Tilt,0.0028130530324765074,2023-06-30,2023-07-03,2023-07-31,252,0.15,1.1467177837072624,-0.04175371319527155
2023-07-19,Equity - Minimum Variance Sentiment Tilt,Equity - Minimum Variance,Equity,sentiment_tilt,Sentiment Tilt,0.004475585698591902,2023-06-30,2023-07-03,2023-07-31,252,0.15,1.1518500174203437,-0.03746499981831952
2023-07-20,Equity - Minimum Variance Sentiment Tilt,Equity - Minimum Variance,Equity,sentiment_tilt,Sentiment Tilt,0.009281232664373562,2023-06-30,2023-07-03,2023-07-31,252,0.15,1.1625406054264846,-0.028531488534030425
2023-07-21,Equity - Minimum Variance Sentiment Tilt,Equity - Minimum Variance,Equity,sentiment_tilt,Sentiment Tilt,0.007011545257843949,2023-06-30,2023-07-03,2023-07-31,252,0.15,1.1706918114955136,-0.021719993099316603
2023-07-24,Equity - Minimum Variance Sentiment Tilt,Equity - Minimum Variance,Equity,sentiment_tilt,Sentiment Tilt,-0.002869006926519129,2023-06-30,2023-07-03,2023-07-31,252,0.15,1.1673330885795137,-0.02452668521518986
2023-07-25,Equity - Minimum Variance Sentiment Tilt,Equity - Minimum Variance,Equity,sentiment_tilt,Sentiment Tilt,0.000848982624107275,2023-06-30,2023-07-03,2023-07-31,252,0.15,1.1683241340882633,-0.023698525320657193
2023-07-26,Equity - Minimum Variance Sentiment Tilt,Equity - Minimum Variance,Equity,sentiment_tilt,Sentiment Tilt,0.003054325894040184,2023-06-30,2023-07-03,2023-07-31,252,0.15,1.171892576743641,-0.020716582446154597
2023-07-27,Equity - Minimum Variance Sentiment Tilt,Equity - Minimum Variance,Equity,sentiment_tilt,Sentiment Tilt,-0.004895113648749885,2023-06-30,2023-07-03,2023-07-31,252,0.15,1.1661560293963547,-0.025510286069416743
2023-07-28,Equity - Minimum Variance Sentiment Tilt,Equity - Minimum Variance,Equity,sentiment_tilt,Sentiment Tilt,0.004416230405558815,2023-06-30,2023-07-03,2023-07-31,252,0.15,1.1713060431110005,-0.02120671496485227
2023-07-31,Equity - Minimum Variance Sentiment Tilt,Equity - Minimum Variance,Equity,sentiment_tilt,Sentiment Tilt,-0.002672027888618618,2023-06-30,2023-07-03,2023-07-31,252,0.15,1.1681762806977003,-0.023822077919658846
2023-08-01,Equity - Minimum Variance Sentiment Tilt,Equity - Minimum Variance,Equity,sentiment_tilt,Sentiment Tilt,-0.008560174446909385,2023-07-31,2023-08-01,2023-08-31,252,0.15,1.1581764879501861,-0.032178331223888135
2023-08-02,Equity - Minimum Variance Sentiment Tilt,Equity - Minimum Variance,Equity,sentiment_tilt,Sentiment Tilt,-0.010221936113116378,2023-07-31,2023-08-01,2023-08-31,252,0.15,1.1463376818826458,-0.04207134249100719
2023-08-03,Equity - Minimum Variance Sentiment Tilt,Equity - Minimum Variance,Equity,sentiment_tilt,Sentiment Tilt,-0.0035521593979024315,2023-07-31,2023-08-01,2023-08-31,252,0.15,1.1422657077127767,-0.045474057774297916
2023-08-04,Equity - Minimum Variance Sentiment Tilt,Equity - Minimum Variance,Equity,sentiment_tilt,Sentiment Tilt,-0.003735729117927346,2023-07-31,2023-08-01,2023-08-31,252,0.15,1.1379985124480643,-0.04903990813048742
2023-08-07,Equity - Minimum Variance Sentiment Tilt,Equity - Minimum Variance,Equity,sentiment_tilt,Sentiment Tilt,0.010968951534208326,2023-07-31,2023-08-01,2023-08-31,252,0.15,1.1504811629771083,-0.038608872971804375
2023-08-08,Equity - Minimum Variance Sentiment Tilt,Equity - Minimum Variance,Equity,sentiment_tilt,Sentiment Tilt,-0.00461085312654533,2023-07-31,2023-08-01,2023-08-31,252,0.15,1.1451764633097639,-0.043041706255695256
2023-08-09,Equity - Minimum Variance Sentiment Tilt,Equity - Minimum Variance,Equity,sentiment_tilt,Sentiment Tilt,0.0013446358621116811,2023-07-31,2023-08-01,2023-08-31,252,0.15,1.1467163086507763,-0.04175494581538142
2023-08-10,Equity - Minimum Variance Sentiment Tilt,Equity - Minimum Variance,Equity,sentiment_tilt,Sentiment Tilt,-0.0010118488009078894,2023-07-31,2023-08-01,2023-08-31,252,0.15,1.1455560051288864,-0.042724544924434116
2023-08-11,Equity - Minimum Variance Sentiment Tilt,Equity - Minimum Variance,Equity,sentiment_tilt,Sentiment Tilt,0.006329570395755801,2023-07-31,2023-08-01,2023-08-31,252,0.15,1.1528068825056306,-0.03666540254340411
2023-08-14,Equity - Minimum Variance Sentiment Tilt,Equity - Minimum Variance,Equity,sentiment_tilt,Sentiment Tilt,-0.0024072946160917253,2023-07-31,2023-08-01,2023-08-31,252,0.15,1.1500317367039814,-0.03898443273335617
2023-08-15,Equity - Minimum Variance Sentiment Tilt,Equity - Minimum Variance,Equity,sentiment_tilt,Sentiment Tilt,-0.00851996710853312,2023-07-31,2023-08-01,2023-08-31,252,0.15,1.1402335041334943,-0.0471722537572562
2023-08-16,Equity - Minimum Variance Sentiment Tilt,Equity - Minimum Variance,Equity,sentiment_tilt,Sentiment Tilt,-0.00399451640396633,2023-07-31,2023-08-01,2023-08-31,252,0.15,1.135678822696881,-0.050978339819777174
2023-08-17,Equity - Minimum Variance Sentiment Tilt,Equity - Minimum Variance,Equity,sentiment_tilt,Sentiment Tilt,-0.009411101694017977,2023-07-31,2023-08-01,2023-08-31,252,0.15,1.124990833804738,-0.05990967917355905
2023-08-18,Equity - Minimum Variance Sentiment Tilt,Equity - Minimum Variance,Equity,sentiment_tilt,Sentiment Tilt,0.001363369308323359,2023-07-31,2023-08-01,2023-08-31,252,0.15,1.1265246117796925,-0.0586279888830924
2023-08-21,Equity - Minimum Variance Sentiment Tilt,Equity - Minimum Variance,Equity,sentiment_tilt,Sentiment Tilt,-0.00036335788745052206,2023-07-31,2023-08-01,2023-08-31,252,0.15,1.1261152801765952,-0.05897004382835691
2023-08-22,Equity - Minimum Variance Sentiment Tilt,Equity - Minimum Variance,Equity,sentiment_tilt,Sentiment Tilt,-0.0029487500233828703,2023-07-31,2023-08-01,2023-08-31,252,0.15,1.1227946477178425,-0.06174490593362214
2023-08-23,Equity - Minimum Variance Sentiment Tilt,Equity - Minimum Variance,Equity,sentiment_tilt,Sentiment Tilt,0.011064159180432506,2023-07-31,2023-08-01,2023-08-31,252,0.15,1.1352174264271304,-0.05136390222102005
2023-08-24,Equity - Minimum Variance Sentiment Tilt,Equity - Minimum Variance,Equity,sentiment_tilt,Sentiment Tilt,-0.008734956775044236,2023-07-31,2023-08-01,2023-08-31,252,0.15,1.1253013512770125,-0.059650197530366045
2023-08-25,Equity - Minimum Variance Sentiment Tilt,Equity - Minimum Variance,Equity,sentiment_tilt,Sentiment Tilt,0.0024246621535097936,2023-07-31,2023-08-01,2023-08-31,252,0.15,1.1280298268747473,-0.057370166953257584
2023-08-28,Equity - Minimum Variance Sentiment Tilt,Equity - Minimum Variance,Equity,sentiment_tilt,Sentiment Tilt,0.006002625453634439,2023-07-31,2023-08-01,2023-08-31,252,0.15,1.1348009674260047,-0.051711913124055875
2023-08-29,Equity - Minimum Variance Sentiment Tilt,Equity - Minimum Variance,Equity,sentiment_tilt,Sentiment Tilt,0.008567703405855144,2023-07-31,2023-08-01,2023-08-31,252,0.15,1.1445236055395882,-0.043587262052396936
2023-08-30,Equity - Minimum Variance Sentiment Tilt,Equity - Minimum Variance,Equity,sentiment_tilt,Sentiment Tilt,0.0015334725083059064,2023-07-31,2023-08-01,2023-08-31,252,0.15,1.1462787010237903,-0.04212062941216077
2023-08-31,Equity - Minimum Variance Sentiment Tilt,Equity - Minimum Variance,Equity,sentiment_tilt,Sentiment Tilt,-0.0044950574422703456,2023-07-31,2023-08-01,2023-08-31,252,0.15,1.1411261124178373,-0.04642635220571878
2023-09-01,Equity - Minimum Variance Sentiment Tilt,Equity - Minimum Variance,Equity,sentiment_tilt,Sentiment Tilt,-0.00045074260983264593,2023-08-31,2023-09-01,2023-09-29,252,0.15,1.140611758255778,-0.0468561684803932
2023-09-05,Equity - Minimum Variance Sentiment Tilt,Equity - Minimum Variance,Equity,sentiment_tilt,Sentiment Tilt,-0.010622836545976164,2023-08-31,2023-09-01,2023-09-29,252,0.15,1.1284952259854084,-0.05698125960743139
2023-09-06,Equity - Minimum Variance Sentiment Tilt,Equity - Minimum Variance,Equity,sentiment_tilt,Sentiment Tilt,-0.0020908654726192405,2023-08-31,2023-09-01,2023-09-29,252,0.15,1.1261356942813798,-0.05895298493175116
2023-09-07,Equity - Minimum Variance Sentiment Tilt,Equity - Minimum Variance,Equity,sentiment_tilt,Sentiment Tilt,0.0063829998779655105,2023-08-31,2023-09-01,2023-09-29,252,0.15,1.1333238182805503,-0.05294628194941087
2023-09-08,Equity - Minimum Variance Sentiment Tilt,Equity - Minimum Variance,Equity,sentiment_tilt,Sentiment Tilt,0.005801717874722949,2023-08-31,2023-09-01,2023-09-29,252,0.15,1.1398990433349179,-0.04745174346507386
2023-09-11,Equity - Minimum Variance Sentiment Tilt,Equity - Minimum Variance,Equity,sentiment_tilt,Sentiment Tilt,0.005731496981535414,2023-08-31,2023-09-01,2023-09-29,252,0.15,1.1464323712610471,-0.04199221600797709
2023-09-12,Equity - Minimum Variance Sentiment Tilt,Equity - Minimum Variance,Equity,sentiment_tilt,Sentiment Tilt,-0.0029425500503004304,2023-08-31,2023-09-01,2023-09-29,252,0.15,1.143058936629327,-0.044811201860951
2023-09-13,Equity - Minimum Variance Sentiment Tilt,Equity - Minimum Variance,Equity,sentiment_tilt,Sentiment Tilt,0.0003897123485458337,2023-08-31,2023-09-01,2023-09-29,252,0.15,1.1435044008120472,-0.04443895299112344
2023-09-14,Equity - Minimum Variance Sentiment Tilt,Equity - Minimum Variance,Equity,sentiment_tilt,Sentiment Tilt,0.009956464892452744,2023-08-31,2023-09-01,2023-09-29,252,0.15,1.1548896622330977,-0.03492494297398396
2023-09-15,Equity - Minimum Variance Sentiment Tilt,Equity - Minimum Variance,Equity,sentiment_tilt,Sentiment Tilt,-0.007090072800594148,2023-08-31,2023-09-01,2023-09-29,252,0.15,1.1467014104512114,-0.041767395386336004
2023-09-18,Equity - Minimum Variance Sentiment Tilt,Equity - Minimum Variance,Equity,sentiment_tilt,Sentiment Tilt,-0.0005517758710863001,2023-08-31,2023-09-01,2023-09-29,252,0.15,1.1460686882815838,-0.04229612501645008
2023-09-19,Equity - Minimum Variance Sentiment Tilt,Equity - Minimum Variance,Equity,sentiment_tilt,Sentiment Tilt,-0.0004707088974041927,2023-08-31,2023-09-01,2023-09-29,252,0.15,1.1455292235529733,-0.04274692475148334
2023-09-20,Equity - Minimum Variance Sentiment Tilt,Equity - Minimum Variance,Equity,sentiment_tilt,Sentiment Tilt,0.0016666395526912857,2023-08-31,2023-09-01,2023-09-29,252,0.15,1.1474384078657103,-0.04115152891433893
2023-09-21,Equity - Minimum Variance Sentiment Tilt,Equity - Minimum Variance,Equity,sentiment_tilt,Sentiment Tilt,-0.011777900649745222,2023-08-31,2023-09-01,2023-09-29,252,0.15,1.1339239922961661,-0.05244475094494583
2023-09-22,Equity - Minimum Variance Sentiment Tilt,Equity - Minimum Variance,Equity,sentiment_tilt,Sentiment Tilt,7.294129991257154e-05,2023-08-31,2023-09-01,2023-09-29,252,0.15,1.1340067021861662,-0.05237563503334086
2023-09-25,Equity - Minimum Variance Sentiment Tilt,Equity - Minimum Variance,Equity,sentiment_tilt,Sentiment Tilt,-0.0004535066504755298,2023-08-31,2023-09-01,2023-09-29,252,0.15,1.133492422605041,-0.052805388985005974
2023-09-26,Equity - Minimum Variance Sentiment Tilt,Equity - Minimum Variance,Equity,sentiment_tilt,Sentiment Tilt,-0.005925363744226353,2023-08-31,2023-09-01,2023-09-29,252,0.15,1.1267760676997818,-0.0584178615918407
2023-09-27,Equity - Minimum Variance Sentiment Tilt,Equity - Minimum Variance,Equity,sentiment_tilt,Sentiment Tilt,-0.009151829509077771,2023-08-31,2023-09-01,2023-09-29,252,0.15,1.1164640052332844,-0.06703506079134502
2023-09-28,Equity - Minimum Variance Sentiment Tilt,Equity - Minimum Variance,Equity,sentiment_tilt,Sentiment Tilt,0.0015689758438656724,2023-08-31,2023-09-01,2023-09-29,252,0.15,1.118215710288041,-0.06557126133855296
2023-09-29,Equity - Minimum Variance Sentiment Tilt,Equity - Minimum Variance,Equity,sentiment_tilt,Sentiment Tilt,-0.006859890285046394,2023-08-31,2023-09-01,2023-09-29,252,0.15,1.1105448732004497,-0.07198133996496481
2023-10-02,Equity - Minimum Variance Sentiment Tilt,Equity - Minimum Variance,Equity,sentiment_tilt,Sentiment Tilt,-0.009262173834222275,2023-09-29,2023-10-02,2023-10-31,252,0.15,1.1002588135341629,-0.08057681011561135
2023-10-03,Equity - Minimum Variance Sentiment Tilt,Equity - Minimum Variance,Equity,sentiment_tilt,Sentiment Tilt,-0.008186367784525882,2023-09-29,2023-10-02,2023-10-31,252,0.15,1.0912516902284062,-0.08810354649762686
2023-10-04,Equity - Minimum Variance Sentiment Tilt,Equity - Minimum Variance,Equity,sentiment_tilt,Sentiment Tilt,0.007478435703202565,2023-09-29,2023-10-02,2023-10-31,252,0.15,1.0994125458297903,-0.08128398750213106
2023-10-05,Equity - Minimum Variance Sentiment Tilt,Equity - Minimum Variance,Equity,sentiment_tilt,Sentiment Tilt,-0.0034276409155557545,2023-09-29,2023-10-02,2023-10-31,252,0.15,1.0956441544046287,-0.08443301609634501
2023-10-06,Equity - Minimum Variance Sentiment Tilt,Equity - Minimum Variance,Equity,sentiment_tilt,Sentiment Tilt,0.005313026909160521,2023-09-29,2023-10-02,2023-10-31,252,0.15,1.101465341279845,-0.07956858407372591
2023-10-09,Equity - Minimum Variance Sentiment Tilt,Equity - Minimum Variance,Equity,sentiment_tilt,Sentiment Tilt,0.004826351390905359,2023-09-29,2023-10-02,2023-10-31,252,0.15,1.1067814000617648,-0.07512625862923727
2023-10-10,Equity - Minimum Variance Sentiment Tilt,Equity - Minimum Variance,Equity,sentiment_tilt,Sentiment Tilt,0.011614253065581451,2023-09-29,2023-10-02,2023-10-31,252,0.15,1.1196358393303607,-0.0643845409432462
2023-10-11,Equity - Minimum Variance Sentiment Tilt,Equity - Minimum Variance,Equity,sentiment_tilt,Sentiment Tilt,0.004544515817896454,2023-09-29,2023-10-02,2023-10-31,252,0.15,1.1247240421124813,-0.06013262169009426
2023-10-12,Equity - Minimum Variance Sentiment Tilt,Equity - Minimum Variance,Equity,sentiment_tilt,Sentiment Tilt,-0.0021003922635137043,2023-09-29,2023-10-02,2023-10-31,252,0.15,1.1223616804358405,-0.062106711860225206
2023-10-13,Equity - Minimum Variance Sentiment Tilt,Equity - Minimum Variance,Equity,sentiment_tilt,Sentiment Tilt,0.0032158242536123247,2023-09-29,2023-10-02,2023-10-31,252,0.15,1.125970998349111,-0.059090611876925214
2023-10-16,Equity - Minimum Variance Sentiment Tilt,Equity - Minimum Variance,Equity,sentiment_tilt,Sentiment Tilt,0.007039236624480856,2023-09-29,2023-10-02,2023-10-31,252,0.15,1.1338969746387935,-0.052467328051731266
2023-10-17,Equity - Minimum Variance Sentiment Tilt,Equity - Minimum Variance,Equity,sentiment_tilt,Sentiment Tilt,0.005843104828828504,2023-09-29,2023-10-02,2023-10-31,252,0.15,1.1405224535266996,-0.04693079532079747
2023-10-18,Equity - Minimum Variance Sentiment Tilt,Equity - Minimum Variance,Equity,sentiment_tilt,Sentiment Tilt,-0.008721006889325904,2023-09-29,2023-10-02,2023-10-31,252,0.15,1.1305759493520624,-0.055242518420809184
2023-10-19,Equity - Minimum Variance Sentiment Tilt,Equity - Minimum Variance,Equity,sentiment_tilt,Sentiment Tilt,-0.010157124922382856,2023-09-29,2023-10-02,2023-10-31,252,0.15,1.1190925482002518,-0.06483853818256491
2023-10-20,Equity - Minimum Variance Sentiment Tilt,Equity - Minimum Variance,Equity,sentiment_tilt,Sentiment Tilt,-0.0030824915284399677,2023-09-29,2023-10-02,2023-10-31,252,0.15,1.1156429549008842,-0.06772116546634077
2023-10-23,Equity - Minimum Variance Sentiment Tilt,Equity - Minimum Variance,Equity,sentiment_tilt,Sentiment Tilt,-0.0025581425315305832,2023-09-29,2023-10-02,2023-10-31,252,0.15,1.1127889812079497,-0.07010606760420712
2023-10-24,Equity - Minimum Variance Sentiment Tilt,Equity - Minimum Variance,Equity,sentiment_tilt,Sentiment Tilt,0.01162458590509821,2023-09-29,2023-10-02,2023-10-31,252,0.15,1.1257246923142483,-0.05929643570444254
2023-10-25,Equity - Minimum Variance Sentiment Tilt,Equity - Minimum Variance,Equity,sentiment_tilt,Sentiment Tilt,-0.008284742652659157,2023-09-29,2023-10-02,2023-10-31,252,0.15,1.116398352940681,-0.06708992264707037
2023-10-26,Equity - Minimum Variance Sentiment Tilt,Equity - Minimum Variance,Equity,sentiment_tilt,Sentiment Tilt,-0.002612040144469107,2023-09-29,2023-10-02,2023-10-31,252,0.15,1.1134822756255807,-0.06952672122029602
2023-10-27,Equity - Minimum Variance Sentiment Tilt,Equity - Minimum Variance,Equity,sentiment_tilt,Sentiment Tilt,-0.011634607898602212,2023-09-29,2023-10-02,2023-10-31,252,0.15,1.1005273459466336,-0.08035241297902473
2023-10-30,Equity - Minimum Variance Sentiment Tilt,Equity - Minimum Variance,Equity,sentiment_tilt,Sentiment Tilt,0.008155931753829082,2023-09-29,2023-10-02,2023-10-31,252,0.15,1.109503171873397,-0.07285183002170814
2023-10-31,Equity - Minimum Variance Sentiment Tilt,Equity - Minimum Variance,Equity,sentiment_tilt,Sentiment Tilt,0.003342642094560755,2023-09-29,2023-10-02,2023-10-31,252,0.15,1.1132118438797498,-0.06975270552084356
2023-11-01,Equity - Minimum Variance Sentiment Tilt,Equity - Minimum Variance,Equity,sentiment_tilt,Sentiment Tilt,0.005785501258100928,2023-10-31,2023-11-01,2023-11-30,252,0.15,1.119652332403049,-0.06437075862828945
2023-11-02,Equity - Minimum Variance Sentiment Tilt,Equity - Minimum Variance,Equity,sentiment_tilt,Sentiment Tilt,0.012167000605371101,2023-10-31,2023-11-01,2023-11-30,252,0.15,1.133275143009202,-0.05298695708211687
2023-11-03,Equity - Minimum Variance Sentiment Tilt,Equity - Minimum Variance,Equity,sentiment_tilt,Sentiment Tilt,0.003067480711045593,2023-10-31,2023-11-01,2023-11-30,252,0.15,1.1367514426506902,-0.05008201283985769
2023-11-06,Equity - Minimum Variance Sentiment Tilt,Equity - Minimum Variance,Equity,sentiment_tilt,Sentiment Tilt,-0.0035792327228341934,2023-10-31,2023-11-01,2023-11-30,252,0.15,1.1326827446894259,-0.05348199038351009
2023-11-07,Equity - Minimum Variance Sentiment Tilt,Equity - Minimum Variance,Equity,sentiment_tilt,Sentiment Tilt,-0.0003388455551442465,2023-10-31,2023-11-01,2023-11-30,252,0.15,1.1322989401759993,-0.053802713803932534
2023-11-08,Equity - Minimum Variance Sentiment Tilt,Equity - Minimum Variance,Equity,sentiment_tilt,Sentiment Tilt,-0.0064652710427667215,2023-10-31,2023-11-01,2023-11-30,252,0.15,1.124978320626324,-0.05992013571912047
2023-11-09,Equity - Minimum Variance Sentiment Tilt,Equity - Minimum Variance,Equity,sentiment_tilt,Sentiment Tilt,-0.01278576053812437,2023-10-31,2023-11-01,2023-11-30,252,0.15,1.1105946172082144,-0.07193977175052835
2023-11-10,Equity - Minimum Variance Sentiment Tilt,Equity - Minimum Variance,Equity,sentiment_tilt,Sentiment Tilt,0.005842735238174548,2023-10-31,2023-11-01,2023-11-30,252,0.15,1.1170835275135038,-0.06651736155178678
2023-11-13,Equity - Minimum Variance Sentiment Tilt,Equity - Minimum Variance,Equity,sentiment_tilt,Sentiment Tilt,0.002898067703669205,2023-10-31,2023-11-01,2023-11-30,252,0.15,1.1203209112068915,-0.06381206566536424
2023-11-14,Equity - Minimum Variance Sentiment Tilt,Equity - Minimum Variance,Equity,sentiment_tilt,Sentiment Tilt,0.009187240894236708,2023-10-31,2023-11-01,2023-11-30,252,0.15,1.1306135692969999,-0.05521108159035415
2023-11-15,Equity - Minimum Variance Sentiment Tilt,Equity - Minimum Variance,Equity,sentiment_tilt,Sentiment Tilt,0.004232570525310521,2023-10-31,2023-11-01,2023-11-30,252,0.15,1.1353989709659225,-0.05121219586165349
2023-11-16,Equity - Minimum Variance Sentiment Tilt,Equity - Minimum Variance,Equity,sentiment_tilt,Sentiment Tilt,-0.01737604959868025,2023-10-31,2023-11-01,2023-11-30,252,0.15,1.1156702221321282,-0.06769837980498417
2023-11-17,Equity - Minimum Variance Sentiment Tilt,Equity - Minimum Variance,Equity,sentiment_tilt,Sentiment Tilt,-0.00040912459186703896,2023-10-31,2023-11-01,2023-11-30,252,0.15,1.1152137740078403,-0.06807980732484342
2023-11-20,Equity - Minimum Variance Sentiment Tilt,Equity - Minimum Variance,Equity,sentiment_tilt,Sentiment Tilt,0.004432160385151479,2023-10-31,2023-11-01,2023-11-30,252,0.15,1.120156580317973,-0.063949387564746
2023-11-21,Equity - Minimum Variance Sentiment Tilt,Equity - Minimum Variance,Equity,sentiment_tilt,Sentiment Tilt,0.0015574336568055114,2023-10-31,2023-11-01,2023-11-30,252,0.15,1.1219011498770524,-0.06249155083646585
2023-11-22,Equity - Minimum Variance Sentiment Tilt,Equity - Minimum Variance,Equity,sentiment_tilt,Sentiment Tilt,0.00033441064506533496,2023-10-31,2023-11-01,2023-11-30,252,0.15,1.1222763255642823,-0.0621780380312269
2023-11-24,Equity - Minimum Variance Sentiment Tilt,Equity - Minimum Variance,Equity,sentiment_tilt,Sentiment Tilt,0.002957165223096222,2023-10-31,2023-11-01,2023-11-30,252,0.15,1.1255950820849452,-0.059404743539836935
2023-11-27,Equity - Minimum Variance Sentiment Tilt,Equity - Minimum Variance,Equity,sentiment_tilt,Sentiment Tilt,0.002069877816976635,2023-10-31,2023-11-01,2023-11-30,252,0.15,1.1279249263762507,-0.057457826283736635
2023-11-28,Equity - Minimum Variance Sentiment Tilt,Equity - Minimum Variance,Equity,sentiment_tilt,Sentiment Tilt,0.004603283611427533,2023-10-31,2023-11-01,2023-11-30,252,0.15,1.1331170847047591,-0.05311903734238932
2023-11-29,Equity - Minimum Variance Sentiment Tilt,Equity - Minimum Variance,Equity,sentiment_tilt,Sentiment Tilt,-3.290988404448369e-05,2023-10-31,2023-11-01,2023-11-30,252,0.15,1.1330797939528927,-0.053150199085074235
2023-11-30,Equity - Minimum Variance Sentiment Tilt,Equity - Minimum Variance,Equity,sentiment_tilt,Sentiment Tilt,0.008773047245236257,2023-10-31,2023-11-01,2023-11-30,252,0.15,1.143020356517864,-0.04484344104750504
2023-12-01,Equity - Minimum Variance Sentiment Tilt,Equity - Minimum Variance,Equity,sentiment_tilt,Sentiment Tilt,0.006181931941504108,2023-11-30,2023-12-01,2023-12-29,252,0.15,1.1500864305696112,-0.03893872820657951
2023-12-04,Equity - Minimum Variance Sentiment Tilt,Equity - Minimum Variance,Equity,sentiment_tilt,Sentiment Tilt,0.003934890847185753,2023-11-30,2023-12-01,2023-12-29,252,0.15,1.154611895138732,-0.03515705700461491
2023-12-05,Equity - Minimum Variance Sentiment Tilt,Equity - Minimum Variance,Equity,sentiment_tilt,Sentiment Tilt,0.0029392022091633014,2023-11-30,2023-12-01,2023-12-29,252,0.15,1.1580055329716499,-0.03232118849506738
2023-12-06,Equity - Minimum Variance Sentiment Tilt,Equity - Minimum Variance,Equity,sentiment_tilt,Sentiment Tilt,-0.001341318592184088,2023-11-30,2023-12-01,2023-12-29,252,0.15,1.156452278620423,-0.03361915407620153
2023-12-07,Equity - Minimum Variance Sentiment Tilt,Equity - Minimum Variance,Equity,sentiment_tilt,Sentiment Tilt,-0.004315178824007858,2023-11-30,2023-12-01,2023-12-29,252,0.15,1.1514619802367445,-0.037789260238458744
2023-12-08,Equity - Minimum Variance Sentiment Tilt,Equity - Minimum Variance,Equity,sentiment_tilt,Sentiment Tilt,0.0001278831696710286,2023-11-30,2023-12-01,2023-12-29,252,0.15,1.1516092328445329,-0.03766620967916645
2023-12-11,Equity - Minimum Variance Sentiment Tilt,Equity - Minimum Variance,Equity,sentiment_tilt,Sentiment Tilt,0.004571274733103039,2023-11-30,2023-12-01,2023-12-29,252,0.15,1.1568735550330433,-0.03326711753866152
2023-12-12,Equity - Minimum Variance Sentiment Tilt,Equity - Minimum Variance,Equity,sentiment_tilt,Sentiment Tilt,0.0027889478885146967,2023-11-30,2023-12-01,2023-12-29,252,0.15,1.1601000150916314,-0.030570949907363087
2023-12-13,Equity - Minimum Variance Sentiment Tilt,Equity - Minimum Variance,Equity,sentiment_tilt,Sentiment Tilt,0.021541365763780494,2023-11-30,2023-12-01,2023-12-29,252,0.15,1.1850901538392875,-0.009688124157283373
2023-12-14,Equity - Minimum Variance Sentiment Tilt,Equity - Minimum Variance,Equity,sentiment_tilt,Sentiment Tilt,0.00026953460707020106,2023-11-30,2023-12-01,2023-12-29,252,0.15,1.1854095766482453,-0.009421200834951127
2023-12-15,Equity - Minimum Variance Sentiment Tilt,Equity - Minimum Variance,Equity,sentiment_tilt,Sentiment Tilt,-0.0069545375049498296,2023-11-30,2023-12-01,2023-12-29,252,0.15,1.1771656012887184,-0.016310218245352615
2023-12-18,Equity - Minimum Variance Sentiment Tilt,Equity - Minimum Variance,Equity,sentiment_tilt,Sentiment Tilt,0.0014897710297799094,2023-11-30,2023-12-01,2023-12-29,252,0.15,1.1789193084987717,-0.014844745706204088
2023-12-19,Equity - Minimum Variance Sentiment Tilt,Equity - Minimum Variance,Equity,sentiment_tilt,Sentiment Tilt,0.004425415683908543,2023-11-30,2023-12-01,2023-12-29,252,0.15,1.1841365164966648,-0.010485024192767423
2023-12-20,Equity - Minimum Variance Sentiment Tilt,Equity - Minimum Variance,Equity,sentiment_tilt,Sentiment Tilt,-0.01348246957472508,2023-11-30,2023-12-01,2023-12-29,252,0.15,1.1681714319406775,-0.023826129747823277
2023-12-21,Equity - Minimum Variance Sentiment Tilt,Equity - Minimum Variance,Equity,sentiment_tilt,Sentiment Tilt,0.008317391174048507,2023-11-30,2023-12-01,2023-12-29,252,0.15,1.1778875706984766,-0.015706909815050962
2023-12-22,Equity - Minimum Variance Sentiment Tilt,Equity - Minimum Variance,Equity,sentiment_tilt,Sentiment Tilt,0.009067523871694901,2023-11-30,2023-12-01,2023-12-29,252,0.15,1.1885680943639576,-0.006781808723054783
2023-12-26,Equity - Minimum Variance Sentiment Tilt,Equity - Minimum Variance,Equity,sentiment_tilt,Sentiment Tilt,0.0008279504565673294,2023-11-30,2023-12-01,2023-12-29,252,0.15,1.1895521698603477,-0.005959473268115967
2023-12-27,Equity - Minimum Variance Sentiment Tilt,Equity - Minimum Variance,Equity,sentiment_tilt,Sentiment Tilt,0.004040859446580527,2023-11-30,2023-12-01,2023-12-29,252,0.15,1.1943589829831285,-0.0019426952153873689
2023-12-28,Equity - Minimum Variance Sentiment Tilt,Equity - Minimum Variance,Equity,sentiment_tilt,Sentiment Tilt,0.001526660929695995,2023-11-30,2023-12-01,2023-12-29,252,0.15,1.1961823641784803,-0.0004190001225748974
2023-12-29,Equity - Minimum Variance Sentiment Tilt,Equity - Minimum Variance,Equity,sentiment_tilt,Sentiment Tilt,-0.0004999017564668556,2023-11-30,2023-12-01,2023-12-29,252,0.15,1.1955843905135728,-0.00091869242014464
